ine,dc,nombre,cpro,ccaa,provincia,nuts3,sigpac,sigpac_cruce,dir3,nif,lat,lon,nucleo
01001,4,Alegría-Dulantzi,01,16,Araba/Álava,ES211,1:1,nombre,L01010014,P0100100G,42.843577,-2.512589,Alegría-Dulantzi
01002,9,Amurrio,01,16,Araba/Álava,ES211,1:2,nombre,L01010029,P0100200E,43.048813,-3.001204,Amurrio
01003,5,Aramaio,01,16,Araba/Álava,ES211,1:3,nombre,L01010035,P0100400A,43.048787,-2.566538,Ibarra
01004,0,Artziniega,01,16,Araba/Álava,ES211,1:4,nombre,L01010040,P0100500H,43.124587,-3.120159,Artziniega
01006,6,Armiñón,01,16,Araba/Álava,ES211,1:6,nombre,L01010066,P0100700D,42.723815,-2.87152,Armiñón
01008,8,Arratzua-Ubarrundia,01,16,Araba/Álava,ES211,1:8,punto,L01010088,P0100900J,42.890541,-2.637628,Durana
01009,1,Asparrena,01,16,Araba/Álava,ES211,1:9,nombre,L01010091,P0101000H,42.889349,-2.315678,Araia
01010,5,Ayala/Aiara,01,16,Araba/Álava,ES211,1:10,nombre,L01010105,P0101100F,43.076752,-3.042749,Arespalditza/Respaldiza
01011,2,Baños de Ebro/Mañueta,01,16,Araba/Álava,ES211,1:11,nombre,L01010112,P0101200D,42.529944,-2.679077,Baños de Ebro/Mañueta
01013,3,Barrundia,01,16,Araba/Álava,ES211,1:13,nombre,L01010133,P0101400J,42.916729,-2.495371,Ozaeta
01014,8,Berantevilla,01,16,Araba/Álava,ES211,1:14,nombre,L01010148,P0101500G,42.68215,-2.858101,Berantevilla
01016,4,Bernedo,01,16,Araba/Álava,ES211,1:16,nombre,L01010164,P0101700C,42.627635,-2.497002,Bernedo
01017,0,Campezo/Kanpezu,01,16,Araba/Álava,ES211,1:17,nombre,L01010170,P0106100A,42.669091,-2.354229,Santa Cruz de Campezo/Santikurutze Kanpezu
01018,6,Zigoitia,01,16,Araba/Álava,ES211,1:18,nombre,L01010186,P0101800A,42.960687,-2.729761,Gopegi
01019,9,Kripan,01,16,Araba/Álava,ES211,1:19,nombre,L01010199,P0102000G,42.59277,-2.515194,Kripan
01020,3,Kuartango,01,16,Araba/Álava,ES211,1:20,nombre,L01010203,P0102100E,42.8703,-2.888654,Zuhatzu Kuartango
01021,0,Elburgo/Burgelu,01,16,Araba/Álava,ES211,1:21,nombre,L01010210,P0102200C,42.849383,-2.545358,Elburgo/Burgelu
01022,5,Elciego,01,16,Araba/Álava,ES211,1:22,nombre,L01010225,P0102300A,42.514455,-2.619444,Elciego
01023,1,Elvillar/Bilar,01,16,Araba/Álava,ES211,1:23,nombre,L01010231,P0102400I,42.57054,-2.544271,Elvillar/Bilar
01027,8,Iruraiz-Gauna,01,16,Araba/Álava,ES211,1:27,nombre,L01010278,P0102900H,42.83142,-2.475556,Azilu
01028,4,Labastida/Bastida,01,16,Araba/Álava,ES211,1:28,nombre,L01010284,P0103000F,42.589922,-2.796695,Labastida/Bastida
01030,1,Lagrán,01,16,Araba/Álava,ES211,1:30,nombre,L01010301,P0103200B,42.625101,-2.583368,Lagran
01031,8,Laguardia,01,16,Araba/Álava,ES211,1:31,nombre,L01010318,P0103300J,42.55337,-2.584466,Laguardia/Biasteri
01032,3,Lanciego/Lantziego,01,16,Araba/Álava,ES211,1:32,nombre,L01010323,P0103400H,42.562436,-2.512461,Lanciego/Lantziego
01033,9,Lapuebla de Labarca,01,16,Araba/Álava,ES211,1:33,nombre,L01010339,P0103500E,42.493409,-2.575623,Lapuebla de Labarca
01034,4,Leza,01,16,Araba/Álava,ES211,1:34,nombre,L01010344,P0103600C,42.566179,-2.632942,Leza
01036,0,Laudio/Llodio,01,16,Araba/Álava,ES211,1:36,nombre,L01010360,P0103800I,43.140052,-2.961671,Laudio/Llodio
01037,6,Arraia-Maeztu,01,16,Araba/Álava,ES211,1:37,nombre,L01010376,P0103900G,42.73821,-2.447416,Maeztu/Maestu
01039,5,Moreda de Álava/Moreda Araba,01,16,Araba/Álava,ES211,1:39,nombre,L01010395,P0104200A,42.525252,-2.409332,Moreda de Álava/Moreda Araba
01041,6,Navaridas,01,16,Araba/Álava,ES211,1:41,nombre,L01010416,P0104400G,42.545383,-2.624741,Navaridas
01042,1,Okondo,01,16,Araba/Álava,ES211,1:42,nombre,L01010421,P0104500D,43.158164,-3.02525,Irabien
01043,7,Oyón-Oion,01,16,Araba/Álava,ES211,1:43,nombre,L01010437,P0104800H,42.498418,-2.433508,Oion
01044,2,Peñacerrada-Urizaharra,01,16,Araba/Álava,ES211,1:44,nombre,L01010442,P0104900F,42.643423,-2.713307,Peñacerrada/Urizaharra
01046,8,Erriberagoitia/Ribera Alta,01,16,Araba/Álava,ES211,1:46,nombre,L01010468,P0105200J,42.802748,-2.909835,Pobes
01047,4,Ribera Baja/Erriberabeitia,01,16,Araba/Álava,ES211,1:47,nombre,L01010474,P0105300H,42.711617,-2.916896,Ribabellosa
01049,3,Añana,01,16,Araba/Álava,ES211,1:49,nombre,L01010493,P0105500C,42.802973,-2.987252,Salinas de Añana/Gesaltza Añana
01051,3,Agurain/Salvatierra,01,16,Araba/Álava,ES211,1:51,nombre,L01010513,P0105700I,42.85189,-2.391101,Agurain/Salvatierra
01052,8,Samaniego,01,16,Araba/Álava,ES211,1:52,nombre,L01010528,P0105800G,42.568144,-2.682456,Samaniego
01053,4,San Millán/Donemiliaga,01,16,Araba/Álava,ES211,1:53,nombre,L01010534,P0105900E,42.874566,-2.3762,Ordoñana/Erdoñana
01054,9,Urkabustaiz,01,16,Araba/Álava,ES211,1:54,nombre,L01010549,P0106200I,42.952407,-2.9013,Izarra
01055,2,Valdegovía/Gaubea,01,16,Araba/Álava,ES211,1:55,nombre,L01010552,P0106300G,42.848566,-3.098071,Villanueva de Valdegovía
01056,5,Harana/Valle de Arana,01,16,Araba/Álava,ES211,1:56,nombre,L01010565,P0106500B,42.752858,-2.330893,Alda
01057,1,Villabuena de Álava/Eskuernaga,01,16,Araba/Álava,ES211,1:57,nombre,L01010571,P0106600J,42.546744,-2.665712,Villabuena de Álava/Eskuernaga
01058,7,Legutio,01,16,Araba/Álava,ES211,1:58,punto,L01010587,P0106700H,42.979971,-2.645115,Legutio
01059,0,Vitoria-Gasteiz,01,16,Araba/Álava,ES211,1:59,nombre,L01010590,P0106800F,42.850964,-2.672037,Vitoria-Gasteiz
01060,4,Yécora/Iekora,01,16,Araba/Álava,ES211,1:60,nombre,L01010604,P0106900D,42.567193,-2.470095,Yécora/Iekora
01061,1,Zalduondo,01,16,Araba/Álava,ES211,1:61,nombre,L01010611,P0107000B,42.885705,-2.34548,Zalduondo
01062,6,Zambrana,01,16,Araba/Álava,ES211,1:62,nombre,L01010626,P0107100J,42.662433,-2.878327,Zambrana
01063,2,Zuia,01,16,Araba/Álava,ES211,1:63,nombre,L01010632,P0107200H,42.956653,-2.824752,Murgia
01901,5,Iruña Oka/Iruña de Oca,01,16,Araba/Álava,ES211,1:26,nombre,L01019015,P0104300I,42.817433,-2.810575,Nanclares de la Oca/Langraiz Oka
01902,0,Lantarón,01,16,Araba/Álava,ES211,1:35,nombre,L01019020,P0105400F,42.715689,-2.96684,Comunión/Komunioi
02001,9,Abengibre,02,08,Albacete,ES421,2:1,nombre,L01020019,P0200100F,39.209479,-1.542364,Abengibre
02002,4,Alatoz,02,08,Albacete,ES421,2:2,nombre,L01020024,P0200200D,39.096373,-1.36094,Alatoz
02003,0,Albacete,02,08,Albacete,ES421,2:900,nombre,L01020030,P0200300B,38.988844,-1.860245,Albacete
02004,5,Albatana,02,08,Albacete,ES421,2:4,nombre,L01020045,P0200400J,38.570891,-1.521736,Albatana
02005,8,Alborea,02,08,Albacete,ES421,2:5,nombre,L01020058,P0200500G,39.278697,-1.395182,Alborea
02006,1,Alcadozo,02,08,Albacete,ES421,2:6,nombre,L01020061,P0200600E,38.649071,-1.980804,Alcadozo
02007,7,Alcalá del Júcar,02,08,Albacete,ES421,2:7,nombre,L01020077,P0200700C,39.192354,-1.427027,Alcalá del Júcar
02008,3,Alcaraz,02,08,Albacete,ES421,2:8,nombre,L01020083,P0200800A,38.666272,-2.489431,Alcaraz
02009,6,Almansa,02,08,Albacete,ES421,2:9,nombre,L01020096,P0200900I,38.866355,-1.101376,Almansa
02010,0,Alpera,02,08,Albacete,ES421,2:10,nombre,L01020100,P0201000G,38.957402,-1.230291,Alpera
02011,7,Ayna,02,08,Albacete,ES421,2:11,nombre,L01020117,P0201100E,38.553871,-2.071801,Ayna
02012,2,Balazote,02,08,Albacete,ES421,2:12,nombre,L01020122,P0201200C,38.884961,-2.152936,Balazote
02013,8,Balsa de Ves,02,08,Albacete,ES421,2:13,nombre,L01020138,P0201300A,39.263727,-1.195554,Balsa de Ves
02014,3,"Ballestero, El",02,08,Albacete,ES421,2:14,nombre,L01020143,P0201400I,38.841391,-2.455274,El Ballestero
02015,6,Barrax,02,08,Albacete,ES421,2:15,nombre,L01020156,P0201500F,39.045131,-2.196509,Barrax
02016,9,Bienservida,02,08,Albacete,ES421,2:16,nombre,L01020169,P0201600D,38.516885,-2.610386,Bienservida
02017,5,Bogarra,02,08,Albacete,ES421,2:17,nombre,L01020175,P0201700B,38.580703,-2.211917,Bogarra
02018,1,Bonete,02,08,Albacete,ES421,2:18,nombre,L01020181,P0201800J,38.871135,-1.348735,Bonete
02019,4,"Bonillo, El",02,08,Albacete,ES421,2:19,nombre,L01020194,P0201900H,38.94961,-2.539342,El Bonillo
02020,8,Carcelén,02,08,Albacete,ES421,2:20,nombre,L01020208,P0202000F,39.102783,-1.308694,Carcelén
02021,5,Casas de Juan Núñez,02,08,Albacete,ES421,2:21,nombre,L01020215,P0202100D,39.100736,-1.557354,Casas de Juan Núñez
02022,0,Casas de Lázaro,02,08,Albacete,ES421,2:22,nombre,L01020220,P0202200B,38.770715,-2.240835,Casas de Lázaro
02023,6,Casas de Ves,02,08,Albacete,ES421,2:23,nombre,L01020236,P0202300J,39.25881,-1.334051,Casas de Ves
02024,1,Casas-Ibáñez,02,08,Albacete,ES421,2:24,nombre,L01020241,P0202400H,39.284382,-1.474557,Casas-Ibáñez
02025,4,Caudete,02,08,Albacete,ES421,2:25,nombre,L01020254,P0202500E,38.705392,-0.987537,Caudete
02026,7,Cenizate,02,08,Albacete,ES421,2:26,nombre,L01020267,P0202600C,39.302662,-1.660963,Cenizate
02027,3,Corral-Rubio,02,08,Albacete,ES421,2:27,nombre,L01020273,P0202700A,38.835885,-1.461352,Corral-Rubio
02028,9,Cotillas,02,08,Albacete,ES421,2:28,nombre,L01020289,P0202800I,38.430574,-2.505225,Cotillas
02029,2,Chinchilla de Monte-Aragón,02,08,Albacete,ES421,2:29,nombre,L01020292,P0202900G,38.938624,-1.752654,Chinchilla de Monte-Aragón
02030,6,Elche de la Sierra,02,08,Albacete,ES421,2:30,nombre,L01020306,P0203000E,38.450604,-2.047717,Elche de la Sierra
02031,3,Férez,02,08,Albacete,ES421,2:31,nombre,L01020313,P0203100C,38.356352,-2.007963,Férez
02032,8,Fuensanta,02,08,Albacete,ES421,2:32,nombre,L01020328,P0203200A,39.245791,-2.070003,Fuensanta
02033,4,Fuente-Álamo,02,08,Albacete,ES421,2:33,nombre,L01020334,P0203300I,38.690876,-1.434934,Fuente-Álamo
02034,9,Fuentealbilla,02,08,Albacete,ES421,2:34,nombre,L01020349,P0203400G,39.267915,-1.549397,Fuentealbilla
02035,2,"Gineta, La",02,08,Albacete,ES421,2:35,nombre,L01020352,P0203500D,39.112492,-1.993923,La Gineta
02036,5,Golosalvo,02,08,Albacete,ES421,2:36,nombre,L01020365,P0203600B,39.238694,-1.635655,Golosalvo
02037,1,Hellín,02,08,Albacete,ES421,2:37,nombre,L01020371,P0203700J,38.512343,-1.702963,Hellín
02038,7,"Herrera, La",02,08,Albacete,ES421,2:38,nombre,L01020387,P0203800H,38.963099,-2.126423,La Herrera
02039,0,Higueruela,02,08,Albacete,ES421,2:39,nombre,L01020390,P0203900F,38.963577,-1.442402,Higueruela
02040,4,Hoya-Gonzalo,02,08,Albacete,ES421,2:40,nombre,L01020404,P0204000D,38.957684,-1.556733,Hoya-Gonzalo
02041,1,Jorquera,02,08,Albacete,ES421,2:41,nombre,L01020411,P0204100B,39.174754,-1.523224,Jorquera
02042,6,Letur,02,08,Albacete,ES421,2:42,nombre,L01020426,P0204200J,38.365363,-2.101635,Letur
02043,2,Lezuza,02,08,Albacete,ES421,2:43,nombre,L01020432,P0204300H,38.949602,-2.354474,Lezuza
02044,7,Liétor,02,08,Albacete,ES421,2:44,nombre,L01020447,P0204400F,38.542644,-1.953496,Liétor
02045,0,Madrigueras,02,08,Albacete,ES421,2:45,nombre,L01020450,P0204500C,39.233463,-1.798896,Madrigueras
02046,3,Mahora,02,08,Albacete,ES421,2:46,nombre,L01020463,P0204600A,39.211392,-1.72384,Mahora
02047,9,Masegoso,02,08,Albacete,ES421,2:47,nombre,L01020479,P0204700I,38.718547,-2.316585,Masegoso
02048,5,Minaya,02,08,Albacete,ES421,2:48,nombre,L01020485,P0204800G,39.268916,-2.321433,Minaya
02049,8,Molinicos,02,08,Albacete,ES421,2:49,nombre,L01020498,P0204900E,38.469356,-2.237781,Molinicos
02050,1,Montalvos,02,08,Albacete,ES421,2:50,nombre,L01020501,P0205000C,39.167239,-2.027816,Montalvos
02051,8,Montealegre del Castillo,02,08,Albacete,ES421,2:51,nombre,L01020518,P0205100A,38.786662,-1.327772,Montealegre del Castillo
02052,3,Motilleja,02,08,Albacete,ES421,2:52,nombre,L01020523,P0205200I,39.178721,-1.789859,Motilleja
02053,9,Munera,02,08,Albacete,ES421,2:53,nombre,L01020539,P0205300G,39.042433,-2.478872,Munera
02054,4,Navas de Jorquera,02,08,Albacete,ES421,2:54,nombre,L01020544,P0205400E,39.279548,-1.718319,Navas de Jorquera
02055,7,Nerpio,02,08,Albacete,ES421,2:55,nombre,L01020557,P0205500B,38.146668,-2.302798,Nerpio
02056,0,Ontur,02,08,Albacete,ES421,2:56,nombre,L01020560,P0205600J,38.616552,-1.497561,Ontur
02057,6,Ossa de Montiel,02,08,Albacete,ES421,2:57,nombre,L01020576,P0205700H,38.96378,-2.745846,Ossa de Montiel
02058,2,Paterna del Madera,02,08,Albacete,ES421,2:58,nombre,L01020582,P0205800F,38.597436,-2.345034,Paterna del Madera
02059,5,Peñascosa,02,08,Albacete,ES421,2:59,nombre,L01020595,P0205900D,38.672682,-2.410602,Peñascosa
02060,9,Peñas de San Pedro,02,08,Albacete,ES421,2:60,nombre,L01020609,P0206000B,38.726156,-2.000521,Peñas de San Pedro
02061,6,Pétrola,02,08,Albacete,ES421,2:61,nombre,L01020616,P0206100J,38.826286,-1.555704,Pétrola
02062,1,Povedilla,02,08,Albacete,ES421,2:62,nombre,L01020621,P0206200H,38.700354,-2.603353,Povedilla
02063,7,Pozohondo,02,08,Albacete,ES421,2:63,nombre,L01020637,P0206300F,38.720142,-1.912137,Pozohondo
02064,2,Pozo-Lorente,02,08,Albacete,ES421,2:64,nombre,L01020642,P0206400D,39.075897,-1.507821,Pozo-Lorente
02065,5,Pozuelo,02,08,Albacete,ES421,2:65,nombre,L01020655,P0206500A,38.808013,-2.100523,Pozuelo
02066,8,"Recueja, La",02,08,Albacete,ES421,2:66,nombre,L01020668,P0206600I,39.175489,-1.491193,La Recueja
02067,4,Riópar,02,08,Albacete,ES421,2:67,nombre,L01020674,P0206700G,38.498691,-2.418774,Riópar
02068,0,Robledo,02,08,Albacete,ES421,2:68,nombre,L01020680,P0206800E,38.757929,-2.45005,Robledo
02069,3,"Roda, La",02,08,Albacete,ES421,2:69,nombre,L01020693,P0206900C,39.20054,-2.159319,La Roda
02070,7,Salobre,02,08,Albacete,ES421,2:70,nombre,L01020707,P0207000A,38.59157,-2.549718,Salobre
02071,4,San Pedro,02,08,Albacete,ES421,2:71,nombre,L01020714,P0207100I,38.823954,-2.182554,San Pedro
02072,9,Socovos,02,08,Albacete,ES421,2:72,nombre,L01020729,P0207200G,38.333216,-1.985705,Socovos
02073,5,Tarazona de la Mancha,02,08,Albacete,ES421,2:73,nombre,L01020735,P0207300E,39.26277,-1.91261,Tarazona de la Mancha
02074,0,Tobarra,02,08,Albacete,ES421,2:74,nombre,L01020740,P0207400C,38.594915,-1.690629,Tobarra
02075,3,Valdeganga,02,08,Albacete,ES421,2:75,nombre,L01020753,P0207500J,39.133535,-1.676783,Valdeganga
02076,6,Vianos,02,08,Albacete,ES421,2:76,nombre,L01020766,P0207600H,38.632708,-2.500551,Vianos
02077,2,Villa de Ves,02,08,Albacete,ES421,2:77,nombre,L01020772,P0207700F,39.222373,-1.259737,Villa de Ves
02078,8,Villalgordo del Júcar,02,08,Albacete,ES421,2:78,nombre,L01020788,P0207800D,39.295882,-2.06345,Villalgordo del Júcar
02079,1,Villamalea,02,08,Albacete,ES421,2:79,nombre,L01020791,P0207900B,39.363114,-1.598171,Villamalea
02080,5,Villapalacios,02,08,Albacete,ES421,2:80,nombre,L01020805,P0208000J,38.575547,-2.632948,Villapalacios
02081,2,Villarrobledo,02,08,Albacete,ES421,2:81,nombre,L01020812,P0208100H,39.270717,-2.603061,Villarrobledo
02082,7,Villatoya,02,08,Albacete,ES421,2:82,nombre,L01020827,P0208200F,39.333302,-1.340364,Villatoya
02083,3,Villavaliente,02,08,Albacete,ES421,2:83,nombre,L01020833,P0208300D,39.125258,-1.458175,Villavaliente
02084,8,Villaverde de Guadalimar,02,08,Albacete,ES421,2:84,nombre,L01020848,P0208400B,38.455769,-2.515499,Villaverde de Guadalimar
02085,1,Viveros,02,08,Albacete,ES421,2:85,nombre,L01020851,P0208500I,38.772723,-2.574896,Viveros
02086,4,Yeste,02,08,Albacete,ES421,2:86,nombre,L01020864,P0208600G,38.367237,-2.319028,Yeste
02901,0,Pozo Cañada,02,08,Albacete,ES421,2:87,nombre,L01029010,P0200010G,38.801767,-1.733531,Pozo Cañada
03001,5,"Atzúbia, l'",03,10,Alacant/Alicante,ES521,3:1,punto,L01030015,P0300100E,38.847679,-0.148956,l'Atzúbia
03002,0,Agost,03,10,Alacant/Alicante,ES521,3:2,nombre,L01030020,P0300200C,38.438378,-0.639785,Agost
03003,6,Agres,03,10,Alacant/Alicante,ES521,3:3,nombre,L01030036,P0300300A,38.780876,-0.516199,Agres
03004,1,Aigües,03,10,Alacant/Alicante,ES521,3:4,nombre,L01030041,P0300400I,38.499982,-0.364858,Aigües
03005,4,Albatera,03,10,Alacant/Alicante,ES521,3:5,nombre,L01030054,P0300500F,38.180113,-0.869932,Albatera
03006,7,Alcalalí,03,10,Alacant/Alicante,ES521,3:6,nombre,L01030067,P0300600D,38.748825,-0.037859,Alcalalí
03007,3,Alcosser,03,10,Alacant/Alicante,ES521,3:7,punto,L01030073,P0300700B,38.794729,-0.403286,Alcosser
03008,9,Alcoleja,03,10,Alacant/Alicante,ES521,3:8,nombre,L01030089,P0300800J,38.675642,-0.33212,Alcoleja
03009,2,Alcoi/Alcoy,03,10,Alacant/Alicante,ES521,3:9,nombre,L01030092,P0300900H,38.70633,-0.448658,Alcoi/Alcoy
03010,6,Alfafara,03,10,Alacant/Alicante,ES521,3:10,nombre,L01030106,P0301000F,38.773384,-0.555351,Alfafara
03011,3,"Alfàs del Pi, l'",03,10,Alacant/Alicante,ES521,3:11,nombre,L01030113,P0301100D,38.579691,-0.099361,l'Alfàs del Pi
03012,8,Algorfa,03,10,Alacant/Alicante,ES521,3:12,nombre,L01030128,P0301200B,38.086196,-0.79766,Algorfa
03013,4,Algueña,03,10,Alacant/Alicante,ES521,3:13,nombre,L01030134,P0301300J,38.338781,-1.002728,Algueña
03014,9,Alacant/Alicante,03,10,Alacant/Alicante,ES521,3:900,nombre,L01030149,P0301400H,38.354831,-0.491955,Alacant/Alicante
03015,2,Almoradí,03,10,Alacant/Alicante,ES521,3:15,nombre,L01030152,P0301500E,38.110782,-0.790368,Almoradí
03016,5,Almudaina,03,10,Alacant/Alicante,ES521,3:16,nombre,L01030165,P0301600C,38.76036,-0.354186,Almudaina
03017,1,"Alqueria d'Asnar, l'",03,10,Alacant/Alicante,ES521,3:17,nombre,L01030171,P0301700A,38.772925,-0.425754,l'Alqueria d'Asnar
03018,7,Altea,03,10,Alacant/Alicante,ES521,3:18,nombre,L01030187,P0301800I,38.598121,-0.056842,Altea
03019,0,Aspe,03,10,Alacant/Alicante,ES521,3:19,nombre,L01030190,P0301900G,38.349054,-0.770583,Aspe
03020,4,Balones,03,10,Alacant/Alicante,ES521,3:20,nombre,L01030204,P0302000E,38.736553,-0.343296,Balones
03021,1,Banyeres de Mariola,03,10,Alacant/Alicante,ES521,3:21,nombre,L01030211,P0302100C,38.718636,-0.660598,Banyeres de Mariola
03022,6,Benasau,03,10,Alacant/Alicante,ES521,3:22,nombre,L01030226,P0302200A,38.689498,-0.344168,Benasau
03023,2,Beneixama,03,10,Alacant/Alicante,ES521,3:23,nombre,L01030232,P0302300I,38.700233,-0.764643,Beneixama
03024,7,Benejúzar,03,10,Alacant/Alicante,ES521,3:24,nombre,L01030247,P0302400G,38.077607,-0.837393,Benejúzar
03025,0,Benferri,03,10,Alacant/Alicante,ES521,3:25,nombre,L01030250,P0302500D,38.143,-0.962942,Benferri
03026,3,Beniarbeig,03,10,Alacant/Alicante,ES521,3:26,nombre,L01030263,P0302600B,38.82282,-0.009133,Beniarbeig
03027,9,Beniardà,03,10,Alacant/Alicante,ES521,3:27,nombre,L01030279,P0302700J,38.68379,-0.216295,Beniardà
03028,5,Beniarrés,03,10,Alacant/Alicante,ES521,3:28,nombre,L01030285,P0302800H,38.819955,-0.379756,Beniarrés
03029,8,Benigembla,03,10,Alacant/Alicante,ES521,3:29,nombre,L01030298,P0302900F,38.754118,-0.108796,Benigembla
03030,2,Benidoleig,03,10,Alacant/Alicante,ES521,3:30,nombre,L01030302,P0303000D,38.794098,-0.028941,Benidoleig
03031,9,Benidorm,03,10,Alacant/Alicante,ES521,3:31,nombre,L01030319,P0303100B,38.545293,-0.104286,Benidorm
03032,4,Benifallim,03,10,Alacant/Alicante,ES521,3:32,nombre,L01030324,P0303200J,38.662856,-0.399732,Benifallim
03033,0,Benifato,03,10,Alacant/Alicante,ES521,3:33,nombre,L01030330,P0303300H,38.673537,-0.228793,Benifato
03034,5,Benijófar,03,10,Alacant/Alicante,ES521,3:34,nombre,L01030345,P0303400F,38.077781,-0.738145,Benijófar
03035,8,Benilloba,03,10,Alacant/Alicante,ES521,3:35,nombre,L01030358,P0303500C,38.7013,-0.388224,Benilloba
03036,1,Benillup,03,10,Alacant/Alicante,ES521,3:36,nombre,L01030361,P0303600A,38.75385,-0.379073,Benillup
03037,7,Benimantell,03,10,Alacant/Alicante,ES521,3:37,nombre,L01030377,P0303700I,38.675071,-0.208191,Benimantell
03038,3,Benimarfull,03,10,Alacant/Alicante,ES521,3:38,nombre,L01030383,P0303800G,38.776539,-0.392167,Benimarfull
03039,6,Benimassot,03,10,Alacant/Alicante,ES521,3:39,nombre,L01030396,P0303900E,38.748796,-0.290403,Benimassot
03040,0,Benimeli,03,10,Alacant/Alicante,ES521,3:40,nombre,L01030400,P0304000C,38.822696,-0.041705,Benimeli
03041,7,Benissa,03,10,Alacant/Alicante,ES521,3:41,nombre,L01030417,P0304100A,38.7115,0.045445,Benissa
03042,2,"Poble Nou de Benitatxell, el/Benitachell",03,10,Alacant/Alicante,ES521,3:42,nombre,L01030422,P0304200I,38.731017,0.144494,el Poble Nou de Benitatxell/Benitachell
03043,8,Biar,03,10,Alacant/Alicante,ES521,3:43,nombre,L01030438,P0304300G,38.628524,-0.767209,Biar
03044,3,Bigastro,03,10,Alacant/Alicante,ES521,3:44,nombre,L01030443,P0304400E,38.061472,-0.893724,Bigastro
03045,6,Bolulla,03,10,Alacant/Alicante,ES521,3:45,nombre,L01030456,P0304500B,38.675687,-0.117524,Bolulla
03046,9,Busot,03,10,Alacant/Alicante,ES521,3:46,nombre,L01030469,P0304600J,38.481466,-0.419831,Busot
03047,5,Calp,03,10,Alacant/Alicante,ES521,3:47,nombre,L01030475,P0304700H,38.646161,0.046862,Calp
03048,1,Callosa d'en Sarrià,03,10,Alacant/Alicante,ES521,3:48,nombre,L01030481,P0304800F,38.652826,-0.120788,Callosa d'en Sarrià
03049,4,Callosa de Segura,03,10,Alacant/Alicante,ES521,3:49,nombre,L01030494,P0304900D,38.124473,-0.877609,Callosa de Segura
03050,7,"Campello, el",03,10,Alacant/Alicante,ES521,3:50,nombre,L01030507,P0305000B,38.430345,-0.39439,el Campello
03051,4,"Camp de Mirra, el/Campo de Mirra",03,10,Alacant/Alicante,ES521,3:51,nombre,L01030514,P0305100J,38.68663,-0.777086,el Camp de Mirra/Campo de Mirra
03052,9,Cañada,03,10,Alacant/Alicante,ES521,3:52,nombre,L01030529,P0305200H,38.672088,-0.816378,Cañada
03053,5,Castalla,03,10,Alacant/Alicante,ES521,3:53,nombre,L01030535,P0305300F,38.595574,-0.670025,Castalla
03054,0,Castell de Castells,03,10,Alacant/Alicante,ES521,3:54,nombre,L01030540,P0305400D,38.72507,-0.194027,Castell de Castells
03055,3,Catral,03,10,Alacant/Alicante,ES521,3:55,nombre,L01030553,P0305500A,38.159994,-0.802252,Catral
03056,6,Cocentaina,03,10,Alacant/Alicante,ES521,3:56,nombre,L01030566,P0305600I,38.743017,-0.439306,Cocentaina
03057,2,Confrides,03,10,Alacant/Alicante,ES521,3:57,nombre,L01030572,P0305700G,38.683891,-0.26894,Confrides
03058,8,Cox,03,10,Alacant/Alicante,ES521,3:58,nombre,L01030588,P0305800E,38.141801,-0.894688,Cox
03059,1,Crevillent,03,10,Alacant/Alicante,ES521,3:59,nombre,L01030591,P0305900C,38.244355,-0.809368,Crevillent
03060,5,Quatretondeta,03,10,Alacant/Alicante,ES521,3:60,nombre,L01030605,P0306000A,38.723811,-0.316033,Quatretondeta
03061,2,Daya Nueva,03,10,Alacant/Alicante,ES521,3:61,nombre,L01030612,P0306100I,38.114383,-0.761034,Daya Nueva
03062,7,Daya Vieja,03,10,Alacant/Alicante,ES521,3:62,nombre,L01030627,P0306200G,38.104076,-0.734339,Daya Vieja
03063,3,Dénia,03,10,Alacant/Alicante,ES521,3:63,nombre,L01030633,P0306300E,38.839144,0.103281,Dénia
03064,8,Dolores,03,10,Alacant/Alicante,ES521,3:64,nombre,L01030648,P0306400C,38.137025,-0.767663,Dolores
03065,1,Elx/Elche,03,10,Alacant/Alicante,ES521,3:65,nombre,L01030651,P0306500J,38.261703,-0.698728,Elx/Elche
03066,4,Elda,03,10,Alacant/Alicante,ES521,3:66,nombre,L01030664,P0306600H,38.483376,-0.800069,Elda
03067,0,Fageca,03,10,Alacant/Alicante,ES521,3:67,punto,L01030670,P0306700F,38.734983,-0.267888,Fageca
03068,6,Famorca,03,10,Alacant/Alicante,ES521,3:68,nombre,L01030686,P0306800D,38.73158,-0.24637,Famorca
03069,9,Finestrat,03,10,Alacant/Alicante,ES521,3:69,nombre,L01030699,P0306900B,38.544777,-0.180898,Finestrat
03070,3,Formentera del Segura,03,10,Alacant/Alicante,ES521,3:70,nombre,L01030703,P0307000J,38.086427,-0.743884,Formentera del Segura
03071,0,Gata de Gorgos,03,10,Alacant/Alicante,ES521,3:71,nombre,L01030710,P0307100H,38.777651,0.084586,Gata de Gorgos
03072,5,Gaianes,03,10,Alacant/Alicante,ES521,3:72,nombre,L01030725,P0307200F,38.812939,-0.408913,Gaianes
03073,1,Gorga,03,10,Alacant/Alicante,ES521,3:73,nombre,L01030731,P0307300D,38.719438,-0.355794,Gorga
03074,6,Granja de Rocamora,03,10,Alacant/Alicante,ES521,3:74,nombre,L01030746,P0307400B,38.154123,-0.891563,Granja de Rocamora
03075,9,"Castell de Guadalest, el",03,10,Alacant/Alicante,ES521,3:75,nombre,L01030759,P0307500I,38.674876,-0.198655,el Castell de Guadalest
03076,2,Guardamar del Segura,03,10,Alacant/Alicante,ES521,3:76,nombre,L01030762,P0307600G,38.092801,-0.654881,Guardamar del Segura
03077,8,"Fondó de les Neus, el/Hondón de las Nieves",03,10,Alacant/Alicante,ES521,3:77,nombre,L01030778,P0307700E,38.308226,-0.85193,el Fondó de les Neus/Hondón de las Nieves
03078,4,Hondón de los Frailes,03,10,Alacant/Alicante,ES521,3:78,nombre,L01030784,P0307800C,38.27298,-0.929744,Hondón de los Frailes
03079,7,Ibi,03,10,Alacant/Alicante,ES521,3:79,nombre,L01030797,P0307900A,38.620654,-0.582507,Ibi
03080,1,Jacarilla,03,10,Alacant/Alicante,ES521,3:80,nombre,L01030801,P0308000I,38.061408,-0.867545,Jacarilla
03081,8,Xaló,03,10,Alacant/Alicante,ES521,3:81,nombre,L01030818,P0308100G,38.738681,-0.010208,Xaló
03082,3,Xàbia/Jávea,03,10,Alacant/Alicante,ES521,3:82,nombre,L01030823,P0308200E,38.787468,0.155808,Xàbia/Jávea
03083,9,Xixona/Jijona,03,10,Alacant/Alicante,ES521,3:83,nombre,L01030839,P0308300C,38.534046,-0.505213,Xixona/Jijona
03084,4,"Orxa, l'/Lorcha",03,10,Alacant/Alicante,ES521,3:84,nombre,L01030844,P0308400A,38.843884,-0.311315,l'Orxa/Lorcha
03085,7,Llíber,03,10,Alacant/Alicante,ES521,3:85,nombre,L01030857,P0308500H,38.742159,0.007248,Llíber
03086,0,Millena,03,10,Alacant/Alicante,ES521,3:86,nombre,L01030860,P0308600F,38.730952,-0.36241,Millena
03088,2,Monforte del Cid,03,10,Alacant/Alicante,ES521,3:88,nombre,L01030882,P0308800B,38.383663,-0.722831,Monforte del Cid
03089,5,Monòver/Monóvar,03,10,Alacant/Alicante,ES521,3:89,nombre,L01030895,P0308900J,38.444313,-0.840134,Monòver/Monóvar
03090,9,Mutxamel,03,10,Alacant/Alicante,ES521,3:90,nombre,L01030909,P0309000H,38.415027,-0.446237,Mutxamel
03091,6,Murla,03,10,Alacant/Alicante,ES521,3:91,nombre,L01030916,P0309100F,38.761289,-0.081383,Murla
03092,1,Muro de Alcoy,03,10,Alacant/Alicante,ES521,3:92,nombre,L01030921,P0309200D,38.777813,-0.443058,Muro de Alcoy
03093,7,Novelda,03,10,Alacant/Alicante,ES521,3:93,nombre,L01030937,P0309300B,38.387577,-0.760528,Novelda
03094,2,"Nucia, la",03,10,Alacant/Alicante,ES521,3:94,nombre,L01030942,P0309400J,38.613384,-0.128718,la Nucia
03095,5,Ondara,03,10,Alacant/Alicante,ES521,3:95,nombre,L01030955,P0309500G,38.825845,0.019661,Ondara
03096,8,Onil,03,10,Alacant/Alicante,ES521,3:96,nombre,L01030968,P0309600E,38.628065,-0.673556,Onil
03097,4,Orba,03,10,Alacant/Alicante,ES521,3:97,nombre,L01030974,P0309700C,38.779913,-0.064222,Orba
03098,0,Orxeta,03,10,Alacant/Alicante,ES521,3:98,nombre,L01030980,P0309800A,38.564162,-0.262669,Orxeta
03099,3,Orihuela,03,10,Alacant/Alicante,ES521,3:99,nombre,L01030993,P0309900I,38.084692,-0.94494,Orihuela
03100,7,Parcent,03,10,Alacant/Alicante,ES521,3:100,nombre,L01031007,P0310000E,38.74492,-0.06511,Parcent
03101,4,Pedreguer,03,10,Alacant/Alicante,ES521,3:101,nombre,L01031014,P0310100C,38.795415,0.032522,Pedreguer
03102,9,Pego,03,10,Alacant/Alicante,ES521,3:102,nombre,L01031029,P0310200A,38.841035,-0.117952,Pego
03103,5,Penàguila,03,10,Alacant/Alicante,ES521,3:103,nombre,L01031035,P0310300I,38.680545,-0.360774,Penàguila
03104,0,Petrer,03,10,Alacant/Alicante,ES521,3:104,nombre,L01031040,P0310400G,38.480611,-0.777237,Petrer
03105,3,"Pinós, el/Pinoso",03,10,Alacant/Alicante,ES521,3:105,nombre,L01031053,P0310500D,38.400522,-1.041348,el Pinós/Pinoso
03106,6,Planes,03,10,Alacant/Alicante,ES521,3:106,nombre,L01031066,P0310600B,38.783895,-0.343674,Planes
03107,2,Polop,03,10,Alacant/Alicante,ES521,3:107,nombre,L01031072,P0310700J,38.618408,-0.134838,Polop
03109,1,Rafal,03,10,Alacant/Alicante,ES521,3:109,nombre,L01031091,P0310900F,38.103729,-0.851693,Rafal
03110,5,"Ràfol d'Almúnia, el",03,10,Alacant/Alicante,ES521,3:110,nombre,L01031105,P0311000D,38.821556,-0.050997,el Ràfol d'Almúnia
03111,2,Redován,03,10,Alacant/Alicante,ES521,3:111,nombre,L01031112,P0311100B,38.115641,-0.910033,Redován
03112,7,Relleu,03,10,Alacant/Alicante,ES521,3:112,nombre,L01031127,P0311200J,38.588591,-0.311391,Relleu
03113,3,Rojales,03,10,Alacant/Alicante,ES521,3:113,nombre,L01031133,P0311300H,38.088031,-0.720335,Rojales
03114,8,"Romana, la",03,10,Alacant/Alicante,ES521,3:114,nombre,L01031148,P0311400F,38.366537,-0.897071,la Romana
03115,1,Sagra,03,10,Alacant/Alicante,ES521,3:115,nombre,L01031151,P0311500C,38.810703,-0.066411,Sagra
03116,4,Salinas,03,10,Alacant/Alicante,ES521,3:116,nombre,L01031164,P0311600A,38.520275,-0.913345,Salinas
03117,0,Sanet y Negrals,03,10,Alacant/Alicante,ES521,3:117,nombre,L01031170,P0311700I,38.819965,-0.034597,Sanet y Negrals
03118,6,San Fulgencio,03,10,Alacant/Alicante,ES521,3:118,nombre,L01031186,P0311800G,38.11471,-0.717562,San Fulgencio
03119,9,Sant Joan d'Alacant,03,10,Alacant/Alicante,ES521,3:119,nombre,L01031199,P0311900E,38.400076,-0.436583,Sant Joan d'Alacant
03120,3,San Miguel de Salinas,03,10,Alacant/Alicante,ES521,3:120,nombre,L01031203,P0312000C,37.978162,-0.789619,San Miguel de Salinas
03121,0,Santa Pola,03,10,Alacant/Alicante,ES521,3:121,nombre,L01031210,P0312100A,38.197338,-0.560104,Santa Pola
03122,5,Sant Vicent del Raspeig/San Vicente del Raspeig,03,10,Alacant/Alicante,ES521,3:122,nombre,L01031225,P0312200I,38.396484,-0.525426,Sant Vicent del Raspeig/San Vicente del Raspeig
03123,1,Sax,03,10,Alacant/Alicante,ES521,3:123,nombre,L01031231,P0312300G,38.534341,-0.803805,Sax
03124,6,Sella,03,10,Alacant/Alicante,ES521,3:124,nombre,L01031246,P0312400E,38.60894,-0.272687,Sella
03125,9,Senija,03,10,Alacant/Alicante,ES521,3:125,nombre,L01031259,P0312500B,38.728183,0.041515,Senija
03127,8,Tàrbena,03,10,Alacant/Alicante,ES521,3:127,nombre,L01031278,P0312700H,38.693891,-0.10208,Tàrbena
03128,4,Teulada,03,10,Alacant/Alicante,ES521,3:128,nombre,L01031284,P0312800F,38.727076,0.105483,Teulada
03129,7,Tibi,03,10,Alacant/Alicante,ES521,3:129,nombre,L01031297,P0312900D,38.530388,-0.578089,Tibi
03130,1,Tollos,03,10,Alacant/Alicante,ES521,3:130,nombre,L01031301,P0313000B,38.756913,-0.274751,Tollos
03131,8,Tormos,03,10,Alacant/Alicante,ES521,3:131,nombre,L01031318,P0313100J,38.800508,-0.072762,Tormos
03132,3,"Torre de les Maçanes, la/Torremanzanas",03,10,Alacant/Alicante,ES521,3:132,nombre,L01031323,P0313200H,38.609524,-0.42094,la Torre de les Maçanes/Torremanzanas
03133,9,Torrevieja,03,10,Alacant/Alicante,ES521,3:133,nombre,L01031339,P0313300F,37.984184,-0.673475,Torrevieja
03134,4,"Vall d'Alcalà, la",03,10,Alacant/Alicante,ES521,3:134,nombre,L01031344,P0313400D,38.794035,-0.253167,Alcalà de la Jovada
03135,7,"Vall d'Ebo, la",03,10,Alacant/Alicante,ES521,3:135,nombre,L01031357,P0313500A,38.805202,-0.15869,la Vall d'Ebo
03136,0,"Vall de Gallinera, la",03,10,Alacant/Alicante,ES521,3:136,punto,L01031360,P0313600I,38.823273,-0.220864,Benialí
03137,6,"Vall de Laguar, la",03,10,Alacant/Alicante,ES521,3:137,nombre,L01031376,P0313700G,38.775938,-0.128273,Benimaurell
03138,2,"Verger, el",03,10,Alacant/Alicante,ES521,3:138,nombre,L01031382,P0313800E,38.859717,-0.001303,el Verger
03139,5,"Vila Joiosa, la/Villajoyosa",03,10,Alacant/Alicante,ES521,3:139,nombre,L01031395,P0313900C,38.510595,-0.228107,la Vila Joiosa/Villajoyosa
03140,9,Villena,03,10,Alacant/Alicante,ES521,3:140,nombre,L01031409,P0314000A,38.636822,-0.87447,Villena
03901,6,"Poblets, els",03,10,Alacant/Alicante,ES521,3:126,nombre,L01039016,P0312600J,38.853901,0.015114,Setla
03902,1,Pilar de la Horadada,03,10,Alacant/Alicante,ES521,3:142,nombre,L01039021,P0314200G,37.860452,-0.788414,Pilar de la Horadada
03903,7,"Montesinos, Los",03,10,Alacant/Alicante,ES521,3:141,nombre,L01039037,P0314100I,38.039461,-0.744098,Los Montesinos
03904,2,San Isidro,03,10,Alacant/Alicante,ES521,3:143,nombre,L01039042,P0300008J,38.170174,-0.859022,San Isidro
04001,0,Abla,04,01,Almería,ES611,4:1,nombre,L01040010,P0400100D,37.142573,-2.777945,Abla
04002,5,Abrucena,04,01,Almería,ES611,4:2,nombre,L01040025,P0400200B,37.132511,-2.797986,Abrucena
04003,1,Adra,04,01,Almería,ES611,4:3,nombre,L01040031,P0400300J,36.749791,-3.018935,Adra
04004,6,Albanchez,04,01,Almería,ES611,4:4,nombre,L01040046,P0400400H,37.28655,-2.181285,Albanchez
04005,9,Alboloduy,04,01,Almería,ES611,4:5,nombre,L01040059,P0400500E,37.032775,-2.62123,Alboloduy
04006,2,Albox,04,01,Almería,ES611,4:6,nombre,L01040062,P0400600C,37.387785,-2.144233,Albox
04007,8,Alcolea,04,01,Almería,ES611,4:7,nombre,L01040078,P0400700A,36.972924,-2.96027,Alcolea
04008,4,Alcóntar,04,01,Almería,ES611,4:8,nombre,L01040084,P0400800I,37.336282,-2.59699,Alcóntar
04009,7,Alcudia de Monteagud,04,01,Almería,ES611,4:9,punto,L01040097,P0400900G,37.235274,-2.266273,Alcudia de Monteagud
04010,1,Alhabia,04,01,Almería,ES611,4:10,nombre,L01040101,P0401000E,36.989861,-2.586897,Alhabia
04011,8,Alhama de Almería,04,01,Almería,ES611,4:11,nombre,L01040118,P0401100C,36.957199,-2.568175,Alhama de Almería
04012,3,Alicún,04,01,Almería,ES611,4:12,nombre,L01040123,P0401200A,36.96381,-2.601004,Alicún
04013,9,Almería,04,01,Almería,ES611,4:900,nombre,L01040139,P0401300I,36.841184,-2.454652,Almería
04014,4,Almócita,04,01,Almería,ES611,4:14,nombre,L01040144,P0401400G,37.002795,-2.789494,Almócita
04015,7,Alsodux,04,01,Almería,ES611,4:15,nombre,L01040157,P0401500D,37.002577,-2.594582,Alsodux
04016,0,Antas,04,01,Almería,ES611,4:16,nombre,L01040160,P0401600B,37.244765,-1.918484,Antas
04017,6,Arboleas,04,01,Almería,ES611,4:17,nombre,L01040176,P0401700J,37.351638,-2.072958,Arboleas
04018,2,Armuña de Almanzora,04,01,Almería,ES611,4:18,nombre,L01040182,P0401800H,37.349579,-2.410409,Armuña de Almanzora
04019,5,Bacares,04,01,Almería,ES611,4:19,nombre,L01040195,P0401900F,37.260372,-2.454302,Bacares
04020,9,Bayárcal,04,01,Almería,ES611,4:20,nombre,L01040209,P0402000D,37.030037,-2.995439,Bayárcal
04021,6,Bayarque,04,01,Almería,ES611,4:21,nombre,L01040216,P0402100B,37.330697,-2.43619,Bayarque
04022,1,Bédar,04,01,Almería,ES611,4:22,nombre,L01040221,P0402200J,37.190494,-1.980941,Bédar
04023,7,Beires,04,01,Almería,ES611,4:23,nombre,L01040237,P0402300H,37.012516,-2.791509,Beires
04024,2,Benahadux,04,01,Almería,ES611,4:24,nombre,L01040242,P0402400F,36.927327,-2.458787,Benahadux
04026,8,Benitagla,04,01,Almería,ES611,4:26,nombre,L01040268,P0402600A,37.231819,-2.239095,Benitagla
04027,4,Benizalón,04,01,Almería,ES611,4:27,nombre,L01040274,P0402700I,37.211758,-2.241309,Benizalón
04028,0,Bentarique,04,01,Almería,ES611,4:28,nombre,L01040280,P0402800G,36.986989,-2.619677,Bentarique
04029,3,Berja,04,01,Almería,ES611,4:29,nombre,L01040293,P0402900E,36.845749,-2.946855,Berja
04030,7,Canjáyar,04,01,Almería,ES611,4:30,nombre,L01040307,P0403000C,37.010461,-2.740667,Canjáyar
04031,4,Cantoria,04,01,Almería,ES611,4:31,nombre,L01040314,P0403100A,37.352538,-2.190067,Cantoria
04032,9,Carboneras,04,01,Almería,ES611,4:32,nombre,L01040329,P0403200I,36.998411,-1.895903,Carboneras
04033,5,Castro de Filabres,04,01,Almería,ES611,4:33,nombre,L01040335,P0403300G,37.184342,-2.440258,Castro de Filabres
04034,0,Cóbdar,04,01,Almería,ES611,4:34,nombre,L01040340,P0403400E,37.26201,-2.210882,Cóbdar
04035,3,Cuevas del Almanzora,04,01,Almería,ES611,4:35,nombre,L01040353,P0403500B,37.296558,-1.87881,Cuevas del Almanzora
04036,6,Chercos,04,01,Almería,ES611,4:36,nombre,L01040366,P0403600J,37.266936,-2.257774,Chercos
04037,2,Chirivel,04,01,Almería,ES611,4:37,nombre,L01040372,P0403700H,37.596497,-2.272377,Chirivel
04038,8,Dalías,04,01,Almería,ES611,4:38,nombre,L01040388,P0403800F,36.8211,-2.872146,Dalías
04041,2,Enix,04,01,Almería,ES611,4:41,nombre,L01040412,P0404100J,36.877384,-2.602434,Enix
04043,3,Felix,04,01,Almería,ES611,4:43,nombre,L01040433,P0404300F,36.868622,-2.656821,Felix
04044,8,Fines,04,01,Almería,ES611,4:44,nombre,L01040448,P0404400D,37.36115,-2.263645,Fines
04045,1,Fiñana,04,01,Almería,ES611,4:45,nombre,L01040451,P0404500A,37.170215,-2.838477,Fiñana
04046,4,Fondón,04,01,Almería,ES611,4:46,nombre,L01040464,P0404600I,36.981384,-2.855814,Fondón
04047,0,Gádor,04,01,Almería,ES611,4:47,nombre,L01040470,P0404700G,36.951512,-2.491363,Gádor
04048,6,"Gallardos, Los",04,01,Almería,ES611,4:48,nombre,L01040486,P0404800E,37.168191,-1.940398,Los Gallardos
04049,9,Garrucha,04,01,Almería,ES611,4:49,nombre,L01040499,P0404900C,37.181234,-1.823967,Garrucha
04050,2,Gérgal,04,01,Almería,ES611,4:50,nombre,L01040502,P0405000A,37.1181,-2.542553,Gérgal
04051,9,Huécija,04,01,Almería,ES611,4:51,nombre,L01040519,P0405100I,36.968651,-2.609364,Huécija
04052,4,Huércal de Almería,04,01,Almería,ES611,4:52,nombre,L01040524,P0405200G,36.885479,-2.439179,Huércal de Almería
04053,0,Huércal-Overa,04,01,Almería,ES611,4:53,nombre,L01040530,P0405300E,37.395048,-1.947307,Huércal-Overa
04054,5,Íllar,04,01,Almería,ES611,4:54,nombre,L01040545,P0405400C,36.985448,-2.639032,Íllar
04055,8,Instinción,04,01,Almería,ES611,4:55,nombre,L01040558,P0405500J,36.992648,-2.659967,Instinción
04056,1,Laroya,04,01,Almería,ES611,4:56,nombre,L01040561,P0405600H,37.296041,-2.330916,Laroya
04057,7,Laujar de Andarax,04,01,Almería,ES611,4:57,nombre,L01040577,P0405700F,36.994503,-2.892587,Laujar de Andarax
04058,3,Líjar,04,01,Almería,ES611,4:58,nombre,L01040583,P0405800D,37.294579,-2.217695,Líjar
04059,6,Lubrín,04,01,Almería,ES611,4:59,nombre,L01040596,P0405900B,37.215432,-2.066193,Lubrín
04060,0,Lucainena de las Torres,04,01,Almería,ES611,4:60,nombre,L01040600,P0406000J,37.04052,-2.200534,Lucainena de las Torres
04061,7,Lúcar,04,01,Almería,ES611,4:61,nombre,L01040617,P0406100H,37.40129,-2.42595,Lúcar
04062,2,Macael,04,01,Almería,ES611,4:62,nombre,L01040622,P0406200F,37.332972,-2.299405,Macael
04063,8,María,04,01,Almería,ES611,4:63,nombre,L01040638,P0406300D,37.709056,-2.164225,María
04064,3,Mojácar,04,01,Almería,ES611,4:64,nombre,L01040643,P0406400B,37.140814,-1.849144,Mojácar
04065,6,Nacimiento,04,01,Almería,ES611,4:65,nombre,L01040656,P0406500I,37.106415,-2.648402,Nacimiento
04066,9,Níjar,04,01,Almería,ES611,4:66,nombre,L01040669,P0406600G,36.964636,-2.207198,Níjar
04067,5,Ohanes,04,01,Almería,ES611,4:67,nombre,L01040675,P0406700E,37.038779,-2.745654,Ohanes
04068,1,Olula de Castro,04,01,Almería,ES611,4:68,nombre,L01040681,P0406800C,37.174949,-2.476116,Olula de Castro
04069,4,Olula del Río,04,01,Almería,ES611,4:69,nombre,L01040694,P0406900A,37.355683,-2.294749,Olula del Río
04070,8,Oria,04,01,Almería,ES611,4:70,nombre,L01040708,P0407000I,37.482949,-2.294944,Oria
04071,5,Padules,04,01,Almería,ES611,4:71,nombre,L01040715,P0407100G,36.998647,-2.773704,Padules
04072,0,Partaloa,04,01,Almería,ES611,4:72,nombre,L01040720,P0407200E,37.407509,-2.225072,Partaloa
04073,6,Paterna del Río,04,01,Almería,ES611,4:73,nombre,L01040736,P0407300C,37.022972,-2.953045,Paterna del Río
04074,1,Pechina,04,01,Almería,ES611,4:74,nombre,L01040741,P0407400A,36.916506,-2.439274,Pechina
04075,4,Pulpí,04,01,Almería,ES611,4:75,nombre,L01040754,P0407500H,37.410778,-1.745333,Pulpí
04076,7,Purchena,04,01,Almería,ES611,4:76,nombre,L01040767,P0407600F,37.346741,-2.360867,Purchena
04077,3,Rágol,04,01,Almería,ES611,4:77,nombre,L01040773,P0407700D,36.995269,-2.680687,Rágol
04078,9,Rioja,04,01,Almería,ES611,4:78,nombre,L01040789,P0407800B,36.946923,-2.46409,Rioja
04079,2,Roquetas de Mar,04,01,Almería,ES611,4:79,nombre,L01040792,P0407900J,36.759235,-2.616207,Roquetas de Mar
04080,6,Santa Cruz de Marchena,04,01,Almería,ES611,4:80,nombre,L01040806,P0408000H,37.016835,-2.60277,Santa Cruz de Marchena
04081,3,Santa Fe de Mondújar,04,01,Almería,ES611,4:81,nombre,L01040813,P0408100F,36.974774,-2.530468,Santa Fe de Mondújar
04082,8,Senés,04,01,Almería,ES611,4:82,nombre,L01040828,P0408200D,37.204528,-2.346259,Senés
04083,4,Serón,04,01,Almería,ES611,4:83,nombre,L01040834,P0408300B,37.344473,-2.507613,Serón
04084,9,Sierro,04,01,Almería,ES611,4:84,nombre,L01040849,P0408400J,37.32174,-2.398247,Sierro
04085,2,Somontín,04,01,Almería,ES611,4:85,nombre,L01040852,P0408500G,37.392095,-2.388312,Somontín
04086,5,Sorbas,04,01,Almería,ES611,4:86,nombre,L01040865,P0408600E,37.099744,-2.130102,Sorbas
04087,1,Suflí,04,01,Almería,ES611,4:87,nombre,L01040871,P0408700C,37.338634,-2.38949,Suflí
04088,7,Tabernas,04,01,Almería,ES611,4:88,nombre,L01040887,P0408800A,37.054723,-2.388324,Tabernas
04089,0,Taberno,04,01,Almería,ES611,4:89,nombre,L01040890,P0408900I,37.46772,-2.077447,Taberno
04090,4,Tahal,04,01,Almería,ES611,4:90,nombre,L01040904,P0409000G,37.228109,-2.285033,Tahal
04091,1,Terque,04,01,Almería,ES611,4:91,nombre,L01040911,P0409100E,36.984631,-2.596218,Terque
04092,6,Tíjola,04,01,Almería,ES611,4:92,nombre,L01040926,P0409200C,37.346666,-2.436803,Tíjola
04093,2,Turre,04,01,Almería,ES611,4:93,nombre,L01040932,P0409300A,37.151072,-1.899158,Turre
04094,7,Turrillas,04,01,Almería,ES611,4:94,nombre,L01040947,P0409400I,37.029562,-2.264406,Turrillas
04095,0,Uleila del Campo,04,01,Almería,ES611,4:95,nombre,L01040950,P0409500F,37.185732,-2.203666,Uleila del Campo
04096,3,Urrácal,04,01,Almería,ES611,4:96,nombre,L01040963,P0409600D,37.395751,-2.363357,Urrácal
04097,9,Velefique,04,01,Almería,ES611,4:97,nombre,L01040979,P0409700B,37.193625,-2.404441,Velefique
04098,5,Vélez-Blanco,04,01,Almería,ES611,4:98,nombre,L01040985,P0409800J,37.691003,-2.094826,Vélez-Blanco
04099,8,Vélez-Rubio,04,01,Almería,ES611,4:99,nombre,L01040998,P0409900H,37.64969,-2.075326,Vélez-Rubio
04100,2,Vera,04,01,Almería,ES611,4:100,nombre,L01041002,P0410000D,37.24597,-1.863751,Vera
04101,9,Viator,04,01,Almería,ES611,4:101,nombre,L01041019,P0410100B,36.887613,-2.424536,Viator
04102,4,Vícar,04,01,Almería,ES611,4:102,nombre,L01041024,P0410200J,36.831511,-2.643032,Vícar
04103,0,Zurgena,04,01,Almería,ES611,4:103,nombre,L01041030,P0410300H,37.341425,-2.040098,Zurgena
04901,1,"Tres Villas, Las",04,01,Almería,ES611,4:40,nombre,L01049011,P0404000B,37.135219,-2.712194,Doña María Ocaña
04902,6,"Ejido, El",04,01,Almería,ES611,4:104,nombre,L01049026,P0410400F,36.771776,-2.812492,El Ejido
04903,2,"Mojonera, La",04,01,Almería,ES611,4:105,nombre,L01049032,P0410500C,36.754235,-2.680528,La Mojonera
04904,7,Balanegra,04,01,Almería,ES611,4:106,nombre,L01049047,P0400003J,36.749263,-2.909425,Balanegra
05001,3,Adanero,05,07,Ávila,ES411,5:1,nombre,L01050013,P0500100C,40.943798,-4.604248,Adanero
05002,8,"Adrada, La",05,07,Ávila,ES411,5:2,nombre,L01050028,P0500200A,40.303761,-4.637192,La Adrada
05005,2,Albornos,05,07,Ávila,ES411,5:5,nombre,L01050052,P0500500D,40.837897,-4.881061,Albornos
05007,1,Aldeanueva de Santa Cruz,05,07,Ávila,ES411,5:7,nombre,L01050071,P0500700J,40.382217,-5.421366,Aldeanueva de Santa Cruz
05008,7,Aldeaseca,05,07,Ávila,ES411,5:8,nombre,L01050087,P0500800H,41.048658,-4.817391,Aldeaseca
05010,4,"Aldehuela, La",05,07,Ávila,ES411,5:10,nombre,L01050104,P0501000D,40.410564,-5.409115,La Aldehuela
05012,6,Amavida,05,07,Ávila,ES411,5:12,nombre,L01050126,P0501200J,40.573032,-5.064463,Amavida
05013,2,"Arenal, El",05,07,Ávila,ES411,5:13,nombre,L01050132,P0501300H,40.26699,-5.085038,El Arenal
05014,7,Arenas de San Pedro,05,07,Ávila,ES411,5:14,nombre,L01050147,P0501400F,40.207993,-5.086037,Arenas de San Pedro
05015,0,Arevalillo,05,07,Ávila,ES411,5:15,nombre,L01050150,P0501500C,40.586871,-5.371739,Arevalillo
05016,3,Arévalo,05,07,Ávila,ES411,5:16,nombre,L01050163,P0501600A,41.055581,-4.716742,Arévalo
05017,9,Aveinte,05,07,Ávila,ES411,5:17,nombre,L01050179,P0501700I,40.781386,-4.836941,Aveinte
05018,5,Avellaneda,05,07,Ávila,ES411,5:18,nombre,L01050185,P0501800G,40.388383,-5.387594,Avellaneda
05019,8,Ávila,05,07,Ávila,ES411,5:900,nombre,L01050198,P0501900E,40.655341,-4.689046,Ávila
05021,9,"Barco de Ávila, El",05,07,Ávila,ES411,5:21,nombre,L01050219,P0502100A,40.355974,-5.522367,El Barco de Ávila
05022,4,"Barraco, El",05,07,Ávila,ES411,5:22,nombre,L01050224,P0502200I,40.47616,-4.643429,El Barraco
05023,0,Barromán,05,07,Ávila,ES411,5:23,nombre,L01050230,P0502300G,41.064644,-4.930872,Barromán
05024,5,Becedas,05,07,Ávila,ES411,5:24,nombre,L01050245,P0502400E,40.405533,-5.635273,Becedas
05025,8,Becedillas,05,07,Ávila,ES411,5:25,nombre,L01050258,P0502500B,40.539012,-5.326402,Becedillas
05026,1,Bercial de Zapardiel,05,07,Ávila,ES411,5:26,nombre,L01050261,P0502600J,41.046335,-4.969673,Bercial de Zapardiel
05027,7,"Berlanas, Las",05,07,Ávila,ES411,5:27,nombre,L01050277,P0502700H,40.800868,-4.759837,Las Berlanas
05029,6,Bernuy-Zapardiel,05,07,Ávila,ES411,5:29,nombre,L01050296,P0502900D,40.975397,-4.945029,Bernuy-Zapardiel
05030,0,Berrocalejo de Aragona,05,07,Ávila,ES411,5:30,nombre,L01050300,P0503000B,40.69483,-4.594534,Berrocalejo de Aragona
05033,8,Blascomillán,05,07,Ávila,ES411,5:33,nombre,L01050338,P0503300F,40.800464,-5.086383,Blascomillán
05034,3,Blasconuño de Matacabras,05,07,Ávila,ES411,5:34,nombre,L01050343,P0503400D,41.12351,-4.990325,Blasconuño de Matacabras
05035,6,Blascosancho,05,07,Ávila,ES411,5:35,nombre,L01050356,P0503500A,40.877077,-4.638773,Blascosancho
05036,9,"Bohodón, El",05,07,Ávila,ES411,5:36,nombre,L01050369,P0503600I,40.916369,-4.730175,El Bohodón
05037,5,Bohoyo,05,07,Ávila,ES411,5:37,nombre,L01050375,P0503700G,40.316039,-5.442664,Bohoyo
05038,1,Bonilla de la Sierra,05,07,Ávila,ES411,5:38,nombre,L01050381,P0503800E,40.529582,-5.264155,Bonilla de la Sierra
05039,4,Brabos,05,07,Ávila,ES411,5:39,nombre,L01050394,P0503900C,40.779452,-4.939802,Brabos
05040,8,Bularros,05,07,Ávila,ES411,5:40,nombre,L01050408,P0504000A,40.724469,-4.864711,Bularros
05041,5,Burgohondo,05,07,Ávila,ES411,5:41,nombre,L01050415,P0504100I,40.413296,-4.784782,Burgohondo
05042,0,Cabezas de Alambre,05,07,Ávila,ES411,5:42,nombre,L01050420,P0504200G,40.941098,-4.841531,Cabezas de Alambre
05043,6,Cabezas del Pozo,05,07,Ávila,ES411,5:43,nombre,L01050436,P0504300E,41.001055,-4.954243,Cabezas del Pozo
05044,1,Cabezas del Villar,05,07,Ávila,ES411,5:44,nombre,L01050441,P0504400C,40.714323,-5.209892,Cabezas del Villar
05045,4,Cabizuela,05,07,Ávila,ES411,5:45,nombre,L01050454,P0504500J,40.900561,-4.801782,Cabizuela
05046,7,Canales,05,07,Ávila,ES411,5:46,nombre,L01050467,P0504600H,41.002822,-4.901137,Canales
05047,3,Candeleda,05,07,Ávila,ES411,5:47,nombre,L01050473,P0504700F,40.149664,-5.24114,Candeleda
05048,9,Cantiveros,05,07,Ávila,ES411,5:48,nombre,L01050489,P0504800D,40.950717,-4.955309,Cantiveros
05049,2,Cardeñosa,05,07,Ávila,ES411,5:49,nombre,L01050492,P0504900B,40.742385,-4.745994,Cardeñosa
05051,2,"Carrera, La",05,07,Ávila,ES411,5:51,nombre,L01050512,P0505100H,40.348228,-5.555821,La Carrera
05052,7,Casas del Puerto,05,07,Ávila,ES411,5:52,nombre,L01050527,P0505200F,40.528578,-5.197189,Casas del Puerto
05053,3,Casasola,05,07,Ávila,ES411,5:53,nombre,L01050533,P0505300D,40.668179,-4.827403,Casasola
05054,8,Casavieja,05,07,Ávila,ES411,5:54,nombre,L01050548,P0505400B,40.288673,-4.764258,Casavieja
05055,1,Casillas,05,07,Ávila,ES411,5:55,nombre,L01050551,P0505500I,40.323809,-4.572659,Casillas
05056,4,Castellanos de Zapardiel,05,07,Ávila,ES411,5:56,nombre,L01050564,P0505600G,41.084788,-4.9099,Castellanos de Zapardiel
05057,0,Cebreros,05,07,Ávila,ES411,5:57,nombre,L01050570,P0505700E,40.458578,-4.460541,Cebreros
05058,6,Cepeda la Mora,05,07,Ávila,ES411,5:58,nombre,L01050586,P0505800C,40.457747,-5.048925,Cepeda la Mora
05059,9,Cillán,05,07,Ávila,ES411,5:59,nombre,L01050599,P0505900A,40.704171,-4.978155,Cillán
05060,3,Cisla,05,07,Ávila,ES411,5:60,nombre,L01050603,P0506000I,40.966939,-5.013795,Cisla
05061,0,"Colilla, La",05,07,Ávila,ES411,5:61,nombre,L01050610,P0506100G,40.646418,-4.766031,La Colilla
05062,5,Collado de Contreras,05,07,Ávila,ES411,5:62,nombre,L01050625,P0506200E,40.887148,-4.932441,Collado de Contreras
05063,1,Collado del Mirón,05,07,Ávila,ES411,5:63,nombre,L01050631,P0506300C,40.553079,-5.354,Collado del Mirón
05064,6,Constanzana,05,07,Ávila,ES411,5:64,nombre,L01050646,P0506400A,40.938912,-4.873106,Constanzana
05065,9,Crespos,05,07,Ávila,ES411,5:65,nombre,L01050659,P0506500H,40.870395,-4.970064,Crespos
05066,2,Cuevas del Valle,05,07,Ávila,ES411,5:66,nombre,L01050662,P0506600F,40.293924,-5.008718,Cuevas del Valle
05067,8,Chamartín,05,07,Ávila,ES411,5:67,nombre,L01050678,P0506700D,40.701241,-4.957386,Chamartín
05069,7,Donjimeno,05,07,Ávila,ES411,5:69,nombre,L01050697,P0506900J,40.959694,-4.846395,Donjimeno
05070,1,Donvidas,05,07,Ávila,ES411,5:70,nombre,L01050701,P0507000H,41.088693,-4.805787,Donvidas
05072,3,Espinosa de los Caballeros,05,07,Ávila,ES411,5:72,nombre,L01050723,P0507200D,41.009141,-4.653513,Espinosa de los Caballeros
05073,9,Flores de Ávila,05,07,Ávila,ES411,5:73,nombre,L01050739,P0507300B,40.933241,-5.079416,Flores de Ávila
05074,4,Fontiveros,05,07,Ávila,ES411,5:74,nombre,L01050744,P0507400J,40.926883,-4.963808,Fontiveros
05075,7,Fresnedilla,05,07,Ávila,ES411,5:75,nombre,L01050757,P0507500G,40.231991,-4.622526,Fresnedilla
05076,0,"Fresno, El",05,07,Ávila,ES411,5:76,nombre,L01050760,P0507600E,40.612633,-4.754317,El Fresno
05077,6,Fuente el Saúz,05,07,Ávila,ES411,5:77,nombre,L01050776,P0507700C,40.977985,-4.909232,Fuente el Saúz
05078,2,Fuentes de Año,05,07,Ávila,ES411,5:78,nombre,L01050782,P0507800A,41.01761,-4.898857,Fuentes de Año
05079,5,Gallegos de Altamiros,05,07,Ávila,ES411,5:79,nombre,L01050795,P0507900I,40.709907,-4.898814,Gallegos
05080,9,Gallegos de Sobrinos,05,07,Ávila,ES411,5:80,nombre,L01050809,P0508000G,40.716461,-5.111293,Gallegos de Sobrinos
05081,6,Garganta del Villar,05,07,Ávila,ES411,5:81,nombre,L01050816,P0508100E,40.449329,-5.103322,Garganta del Villar
05082,1,Gavilanes,05,07,Ávila,ES411,5:82,nombre,L01050821,P0508200C,40.278118,-4.851599,Gavilanes
05083,7,Gemuño,05,07,Ávila,ES411,5:83,nombre,L01050837,P0508300A,40.59159,-4.781357,Gemuño
05084,2,Gilbuena,05,07,Ávila,ES411,5:84,nombre,L01050842,P0508400I,40.415198,-5.606119,Gilbuena
05085,5,Gil García,05,07,Ávila,ES411,5:85,nombre,L01050855,P0508500F,40.298012,-5.593879,Gil García
05086,8,Gimialcón,05,07,Ávila,ES411,5:86,nombre,L01050868,P0508600D,40.876681,-5.122835,Gimialcón
05087,4,Gotarrendura,05,07,Ávila,ES411,5:87,nombre,L01050874,P0508700B,40.826206,-4.740212,Gotarrendura
05088,0,Grandes y San Martín,05,07,Ávila,ES411,5:88,nombre,L01050880,P0508800J,40.755328,-4.95694,Grandes
05089,3,Guisando,05,07,Ávila,ES411,5:89,nombre,L01050893,P0508900H,40.222821,-5.140493,Guisando
05090,7,Gutierre-Muñoz,05,07,Ávila,ES411,5:90,nombre,L01050907,P0509000F,40.983639,-4.638872,Gutierre-Muñoz
05092,9,Hernansancho,05,07,Ávila,ES411,5:92,nombre,L01050929,P0509200B,40.857659,-4.730454,Hernansancho
05093,5,Herradón de Pinares,05,07,Ávila,ES411,5:93,nombre,L01050935,P0509300J,40.564607,-4.55921,El Herradón
05094,0,Herreros de Suso,05,07,Ávila,ES411,5:94,nombre,L01050940,P0509400H,40.803561,-5.039288,Herreros de Suso
05095,3,Higuera de las Dueñas,05,07,Ávila,ES411,5:95,nombre,L01050953,P0509500E,40.237052,-4.601378,Higuera de las Dueñas
05096,6,"Hija de Dios, La",05,07,Ávila,ES411,5:96,nombre,L01050966,P0509600C,40.530022,-4.967126,La Hija de Dios
05097,2,"Horcajada, La",05,07,Ávila,ES411,5:97,nombre,L01050972,P0509700A,40.435094,-5.466604,La Horcajada
05099,1,Horcajo de las Torres,05,07,Ávila,ES411,5:99,nombre,L01050991,P0509900G,41.064564,-5.090542,Horcajo de las Torres
05100,5,"Hornillo, El",05,07,Ávila,ES411,5:100,nombre,L01051005,P0510000C,40.250196,-5.103546,El Hornillo
05101,2,Hoyocasero,05,07,Ávila,ES411,5:101,nombre,L01051012,P0510100A,40.398549,-4.974512,Hoyocasero
05102,7,"Hoyo de Pinares, El",05,07,Ávila,ES411,5:102,nombre,L01051027,P0510200I,40.499464,-4.424107,El Hoyo de Pinares
05103,3,Hoyorredondo,05,07,Ávila,ES411,5:103,nombre,L01051033,P0510300G,40.462819,-5.411081,Hoyorredondo
05104,8,Hoyos del Collado,05,07,Ávila,ES411,5:104,nombre,L01051048,P0510400E,40.359637,-5.2008,Hoyos del Collado
05105,1,Hoyos del Espino,05,07,Ávila,ES411,5:105,nombre,L01051051,P0510500B,40.354426,-5.175093,Hoyos del Espino
05106,4,Hoyos de Miguel Muñoz,05,07,Ávila,ES411,5:106,nombre,L01051064,P0510600J,40.392227,-5.067093,Hoyos de Miguel Muñoz
05107,0,Hurtumpascual,05,07,Ávila,ES411,5:107,nombre,L01051070,P0510700H,40.691295,-5.11395,Hurtumpascual
05108,6,Junciana,05,07,Ávila,ES411,5:108,nombre,L01051086,P0510800F,40.41144,-5.55662,Junciana
05109,9,Langa,05,07,Ávila,ES411,5:109,nombre,L01051099,P0510900D,41.005047,-4.860519,Langa
05110,3,Lanzahíta,05,07,Ávila,ES411,5:110,nombre,L01051103,P0511000B,40.203958,-4.934083,Lanzahíta
05112,5,"Losar del Barco, El",05,07,Ávila,ES411,5:112,nombre,L01051125,P0511200H,40.393063,-5.538925,El Losar del Barco
05113,1,"Llanos de Tormes, Los",05,07,Ávila,ES411,5:113,nombre,L01051131,P0511300F,40.32824,-5.49995,Los Llanos de Tormes
05114,6,Madrigal de las Altas Torres,05,07,Ávila,ES411,5:114,nombre,L01051146,P0511400D,41.089753,-4.998215,Madrigal de las Altas Torres
05115,9,Maello,05,07,Ávila,ES411,5:115,nombre,L01051159,P0511500A,40.809091,-4.511041,Maello
05116,2,Malpartida de Corneja,05,07,Ávila,ES411,5:116,nombre,L01051162,P0511600I,40.522077,-5.348546,Malpartida de Corneja
05117,8,Mamblas,05,07,Ávila,ES411,5:117,nombre,L01051178,P0511700G,41.019811,-5.011465,Mamblas
05118,4,Mancera de Arriba,05,07,Ávila,ES411,5:118,nombre,L01051184,P0511800E,40.791566,-5.147081,Mancera de Arriba
05119,7,Manjabálago y Ortigosa de Rioalmar,05,07,Ávila,ES411,5:119,nombre,L01051197,P0511900C,40.663329,-5.077161,Manjabálago
05120,1,Marlín,05,07,Ávila,ES411,5:120,nombre,L01051201,P0512000A,40.711647,-4.830313,Marlín
05121,8,Martiherrero,05,07,Ávila,ES411,5:121,nombre,L01051218,P0512100I,40.674145,-4.780477,Martiherrero
05122,3,Martínez,05,07,Ávila,ES411,5:122,nombre,L01051223,P0512200G,40.630818,-5.348422,Martínez
05123,9,Mediana de Voltoya,05,07,Ávila,ES411,5:123,nombre,L01051239,P0512300E,40.6999,-4.563266,Mediana de Voltoya
05124,4,Medinilla,05,07,Ávila,ES411,5:124,nombre,L01051244,P0512400C,40.43982,-5.618315,Medinilla
05125,7,Mengamuñoz,05,07,Ávila,ES411,5:125,nombre,L01051257,P0512500J,40.50015,-4.999991,Mengamuñoz
05126,0,Mesegar de Corneja,05,07,Ávila,ES411,5:126,nombre,L01051260,P0512600H,40.501195,-5.301206,Mesegar de Corneja
05127,6,Mijares,05,07,Ávila,ES411,5:127,nombre,L01051276,P0512700F,40.29613,-4.83692,Mijares
05128,2,Mingorría,05,07,Ávila,ES411,5:128,nombre,L01051282,P0512800D,40.751256,-4.66546,Mingorría
05129,5,"Mirón, El",05,07,Ávila,ES411,5:129,nombre,L01051295,P0512900B,40.533157,-5.406526,El Mirón
05130,9,Mironcillo,05,07,Ávila,ES411,5:130,nombre,L01051309,P0513000J,40.553284,-4.823013,Mironcillo
05131,6,Mirueña de los Infanzones,05,07,Ávila,ES411,5:131,nombre,L01051316,P0513100H,40.736197,-5.091928,Mirueña de los Infanzones
05132,1,Mombeltrán,05,07,Ávila,ES411,5:132,nombre,L01051321,P0513200F,40.261727,-5.016583,Mombeltrán
05133,7,Monsalupe,05,07,Ávila,ES411,5:133,nombre,L01051337,P0513300D,40.76848,-4.780653,Monsalupe
05134,2,Moraleja de Matacabras,05,07,Ávila,ES411,5:134,nombre,L01051342,P0513400B,41.106984,-4.957271,Moraleja de Matacabras
05135,5,Muñana,05,07,Ávila,ES411,5:135,nombre,L01051355,P0513500I,40.586946,-5.015931,Muñana
05136,8,Muñico,05,07,Ávila,ES411,5:136,nombre,L01051368,P0513600G,40.707691,-5.028327,Muñico
05138,0,Muñogalindo,05,07,Ávila,ES411,5:138,nombre,L01051380,P0513800C,40.601884,-4.899054,Muñogalindo
05139,3,Muñogrande,05,07,Ávila,ES411,5:139,nombre,L01051393,P0513900A,40.821288,-4.922259,Muñogrande
05140,7,Muñomer del Peco,05,07,Ávila,ES411,5:140,nombre,L01051407,P0514000I,40.858462,-4.879916,Muñomer del Peco
05141,4,Muñopepe,05,07,Ávila,ES411,5:141,nombre,L01051414,P0514100G,40.634037,-4.81898,Muñopepe
05142,9,Muñosancho,05,07,Ávila,ES411,5:142,nombre,L01051429,P0514200E,40.920582,-5.035871,Muñosancho
05143,5,Muñotello,05,07,Ávila,ES411,5:143,nombre,L01051435,P0514300C,40.541759,-5.041637,Muñotello
05144,0,Narrillos del Álamo,05,07,Ávila,ES411,5:144,nombre,L01051440,P0514400A,40.566051,-5.465702,Narrillos del Álamo
05145,3,Narrillos del Rebollar,05,07,Ávila,ES411,5:145,nombre,L01051453,P0514500H,40.664871,-4.965906,Narrillos del Rebollar
05147,2,Narros del Castillo,05,07,Ávila,ES411,5:147,nombre,L01051472,P0514700D,40.858155,-5.058925,Narros del Castillo
05148,8,Narros del Puerto,05,07,Ávila,ES411,5:148,nombre,L01051488,P0514800B,40.541158,-4.993054,Narros del Puerto
05149,1,Narros de Saldueña,05,07,Ávila,ES411,5:149,nombre,L01051491,P0514900J,40.8731,-4.86897,Narros de Saldueña
05151,1,Navacepedilla de Corneja,05,07,Ávila,ES411,5:151,nombre,L01051511,P0515100F,40.485878,-5.182016,Navacepedilla de Corneja
05152,6,Nava de Arévalo,05,07,Ávila,ES411,5:152,nombre,L01051526,P0515200D,40.977616,-4.775166,Nava de Arévalo
05153,2,Nava del Barco,05,07,Ávila,ES411,5:153,nombre,L01051532,P0515300B,40.293458,-5.540868,Nava del Barco
05154,7,Navadijos,05,07,Ávila,ES411,5:154,nombre,L01051547,P0515400J,40.424964,-5.082295,Navadijos
05155,0,Navaescurial,05,07,Ávila,ES411,5:155,nombre,L01051550,P0515500G,40.471563,-5.277176,Navaescurial
05156,3,Navahondilla,05,07,Ávila,ES411,5:156,nombre,L01051563,P0515600E,40.324831,-4.493862,Navahondilla
05157,9,Navalacruz,05,07,Ávila,ES411,5:157,nombre,L01051579,P0515700C,40.440334,-4.931198,Navalacruz
05158,5,Navalmoral,05,07,Ávila,ES411,5:158,nombre,L01051585,P0515800A,40.459389,-4.76886,Navalmoral
05159,8,Navalonguilla,05,07,Ávila,ES411,5:159,nombre,L01051598,P0515900I,40.278632,-5.500876,Navalonguilla
05160,2,Navalosa,05,07,Ávila,ES411,5:160,nombre,L01051602,P0516000G,40.400177,-4.933172,Navalosa
05161,9,Navalperal de Pinares,05,07,Ávila,ES411,5:161,nombre,L01051619,P0516100E,40.590189,-4.410635,Navalperal de Pinares
05162,4,Navalperal de Tormes,05,07,Ávila,ES411,5:162,nombre,L01051624,P0516200C,40.351719,-5.302998,Navalperal de Tormes
05163,0,Navaluenga,05,07,Ávila,ES411,5:163,nombre,L01051630,P0516300A,40.413845,-4.702341,Navaluenga
05164,5,Navaquesera,05,07,Ávila,ES411,5:164,nombre,L01051645,P0516400I,40.425593,-4.911138,Navaquesera
05165,8,Navarredonda de Gredos,05,07,Ávila,ES411,5:165,nombre,L01051658,P0516500F,40.360679,-5.130742,Navarredonda de Gredos
05166,1,Navarredondilla,05,07,Ávila,ES411,5:166,nombre,L01051661,P0516600D,40.454095,-4.821858,Navarredondilla
05167,7,Navarrevisca,05,07,Ávila,ES411,5:167,nombre,L01051677,P0516700B,40.364261,-4.892593,Navarrevisca
05168,3,"Navas del Marqués, Las",05,07,Ávila,ES411,5:168,nombre,L01051683,P0516800J,40.602549,-4.334786,Las Navas del Marqués
05169,6,Navatalgordo,05,07,Ávila,ES411,5:169,nombre,L01051696,P0516900H,40.415746,-4.871793,Navatalgordo
05170,0,Navatejares,05,07,Ávila,ES411,5:170,nombre,L01051700,P0517000F,40.336037,-5.531335,Navatejares
05171,7,Neila de San Miguel,05,07,Ávila,ES411,5:171,nombre,L01051717,P0517100D,40.423583,-5.65069,Neila de San Miguel
05172,2,Niharra,05,07,Ávila,ES411,5:172,nombre,L01051722,P0517200B,40.589306,-4.83919,Niharra
05173,8,Ojos-Albos,05,07,Ávila,ES411,5:173,nombre,L01051738,P0517300J,40.705932,-4.516084,Ojos-Albos
05174,3,Orbita,05,07,Ávila,ES411,5:174,nombre,L01051743,P0517400H,40.997402,-4.651077,Orbita
05175,6,"Oso, El",05,07,Ávila,ES411,5:175,nombre,L01051756,P0517500E,40.840344,-4.769619,El Oso
05176,9,Padiernos,05,07,Ávila,ES411,5:176,nombre,L01051769,P0517600C,40.621347,-4.845701,Padiernos
05177,5,Pajares de Adaja,05,07,Ávila,ES411,5:177,nombre,L01051775,P0517700A,40.92359,-4.639943,Pajares de Adaja
05178,1,Palacios de Goda,05,07,Ávila,ES411,5:178,nombre,L01051781,P0517800I,41.11761,-4.784271,Palacios de Goda
05179,4,Papatrigo,05,07,Ávila,ES411,5:179,nombre,L01051794,P0517900G,40.867346,-4.833836,Papatrigo
05180,8,"Parral, El",05,07,Ávila,ES411,5:180,nombre,L01051808,P0518000E,40.797978,-4.989869,El Parral
05181,5,Pascualcobo,05,07,Ávila,ES411,5:181,nombre,L01051815,P0518100C,40.65627,-5.277427,Pascualcobo
05182,0,Pedro Bernardo,05,07,Ávila,ES411,5:182,nombre,L01051820,P0518200A,40.242647,-4.912283,Pedro Bernardo
05183,6,Pedro-Rodríguez,05,07,Ávila,ES411,5:183,nombre,L01051836,P0518300I,40.935501,-4.785765,Pedro-Rodríguez
05184,1,Peguerinos,05,07,Ávila,ES411,5:184,nombre,L01051841,P0518400G,40.62795,-4.233587,Peguerinos
05185,4,Peñalba de Ávila,05,07,Ávila,ES411,5:185,nombre,L01051854,P0518500D,40.771765,-4.746335,Peñalba de Ávila
05186,7,Piedrahíta,05,07,Ávila,ES411,5:186,nombre,L01051867,P0518600B,40.464407,-5.325399,Piedrahíta
05187,3,Piedralaves,05,07,Ávila,ES411,5:187,nombre,L01051873,P0518700J,40.315964,-4.697564,Piedralaves
05188,9,Poveda,05,07,Ávila,ES411,5:188,nombre,L01051889,P0518800H,40.567188,-5.0794,Poveda
05189,2,Poyales del Hoyo,05,07,Ávila,ES411,5:189,nombre,L01051892,P0518900F,40.171545,-5.164879,Poyales del Hoyo
05190,6,Pozanco,05,07,Ávila,ES411,5:190,nombre,L01051906,P0519000D,40.800799,-4.668507,Pozanco
05191,3,Pradosegar,05,07,Ávila,ES411,5:191,nombre,L01051913,P0519100B,40.549517,-5.070168,Pradosegar
05192,8,Puerto Castilla,05,07,Ávila,ES411,5:192,nombre,L01051928,P0519200J,40.289371,-5.629938,Puerto Castilla
05193,4,Rasueros,05,07,Ávila,ES411,5:193,nombre,L01051934,P0519300H,41.02095,-5.073195,Rasueros
05194,9,Riocabado,05,07,Ávila,ES411,5:194,nombre,L01051949,P0519400F,40.830329,-4.803601,Riocabado
05195,2,Riofrío,05,07,Ávila,ES411,5:195,nombre,L01051952,P0519500C,40.548798,-4.776916,Riofrío
05196,5,Rivilla de Barajas,05,07,Ávila,ES411,5:196,nombre,L01051965,P0519600A,40.902422,-4.987039,Rivilla de Barajas
05197,1,Salobral,05,07,Ávila,ES411,5:197,nombre,L01051971,P0519700I,40.612116,-4.811203,Salobral
05198,7,Salvadiós,05,07,Ávila,ES411,5:198,nombre,L01051987,P0519800G,40.877742,-5.09609,Salvadiós
05199,0,San Bartolomé de Béjar,05,07,Ávila,ES411,5:199,nombre,L01051990,P0519900E,40.407938,-5.662698,San Bartolomé de Béjar
05200,4,San Bartolomé de Corneja,05,07,Ávila,ES411,5:200,nombre,L01052004,P0520000A,40.493112,-5.38466,San Bartolomé de Corneja
05201,1,San Bartolomé de Pinares,05,07,Ávila,ES411,5:201,nombre,L01052011,P0520100I,40.542311,-4.540888,San Bartolomé de Pinares
05204,7,Sanchidrián,05,07,Ávila,ES411,5:204,nombre,L01052047,P0520400C,40.891943,-4.585341,Sanchidrián
05205,0,Sanchorreja,05,07,Ávila,ES411,5:205,nombre,L01052050,P0520500J,40.664628,-4.915135,Sanchorreja
05206,3,San Esteban de los Patos,05,07,Ávila,ES411,5:206,nombre,L01052063,P0520600H,40.746413,-4.624595,San Esteban de los Patos
05207,9,San Esteban del Valle,05,07,Ávila,ES411,5:207,nombre,L01052079,P0520700F,40.274037,-4.981163,San Esteban del Valle
05208,5,San Esteban de Zapardiel,05,07,Ávila,ES411,5:208,nombre,L01052085,P0520800D,41.092664,-4.900166,San Esteban de Zapardiel
05209,8,San García de Ingelmos,05,07,Ávila,ES411,5:209,nombre,L01052098,P0520900B,40.769261,-5.115955,San García de Ingelmos
05210,2,San Juan de la Encinilla,05,07,Ávila,ES411,5:210,nombre,L01052102,P0521000J,40.830209,-4.838529,San Juan de la Encinilla
05211,9,San Juan de la Nava,05,07,Ávila,ES411,5:211,nombre,L01052119,P0521100H,40.476833,-4.685631,San Juan de la Nava
05212,4,San Juan del Molinillo,05,07,Ávila,ES411,5:212,nombre,L01052124,P0521200F,40.458509,-4.817798,San Juan del Molinillo
05213,0,San Juan del Olmo,05,07,Ávila,ES411,5:213,nombre,L01052130,P0521300D,40.652211,-5.051099,San Juan del Olmo
05214,5,San Lorenzo de Tormes,05,07,Ávila,ES411,5:214,nombre,L01052145,P0521400B,40.370366,-5.488185,San Lorenzo de Tormes
05215,8,San Martín de la Vega del Alberche,05,07,Ávila,ES411,5:215,nombre,L01052158,P0521500I,40.430874,-5.155313,San Martín de la Vega del Alberche
05216,1,San Martín del Pimpollar,05,07,Ávila,ES411,5:216,nombre,L01052161,P0521600G,40.3703,-5.05337,San Martín del Pimpollar
05217,7,San Miguel de Corneja,05,07,Ávila,ES411,5:217,nombre,L01052177,P0521700E,40.486295,-5.287953,San Miguel de Corneja
05218,3,San Miguel de Serrezuela,05,07,Ávila,ES411,5:218,nombre,L01052183,P0521800C,40.67046,-5.288502,San Miguel de Serrezuela
05219,6,San Pascual,05,07,Ávila,ES411,5:219,nombre,L01052196,P0521900A,40.881155,-4.755724,San Pascual
05220,0,San Pedro del Arroyo,05,07,Ávila,ES411,5:220,nombre,L01052200,P0522000I,40.80188,-4.873334,San Pedro del Arroyo
05221,7,Santa Cruz del Valle,05,07,Ávila,ES411,5:221,nombre,L01052217,P0522100G,40.252758,-5.001519,Santa Cruz del Valle
05222,2,Santa Cruz de Pinares,05,07,Ávila,ES411,5:222,nombre,L01052222,P0522200E,40.54121,-4.576871,Santa Cruz de Pinares
05224,3,Santa María del Arroyo,05,07,Ávila,ES411,5:224,nombre,L01052243,P0522400A,40.600676,-4.922866,Santa María del Arroyo
05225,6,Santa María del Berrocal,05,07,Ávila,ES411,5:225,nombre,L01052256,P0522500H,40.507941,-5.404205,Santa María del Berrocal
05226,9,Santa María de los Caballeros,05,07,Ávila,ES411,5:226,nombre,L01052269,P0522600F,40.390001,-5.449607,Santa María de los Caballeros
05227,5,Santa María del Tiétar,05,07,Ávila,ES411,5:227,nombre,L01052275,P0522700D,40.303579,-4.541728,Santa María del Tiétar
05228,1,Santiago del Collado,05,07,Ávila,ES411,5:228,nombre,L01052281,P0522800B,40.433779,-5.356309,Santiago del Collado
05229,4,Santo Domingo de las Posadas,05,07,Ávila,ES411,5:229,nombre,L01052294,P0522900J,40.812166,-4.634312,Santo Domingo de las Posadas
05230,8,Santo Tomé de Zabarcos,05,07,Ávila,ES411,5:230,nombre,L01052308,P0523000H,40.786922,-4.910281,Santo Tomé de Zabarcos
05231,5,San Vicente de Arévalo,05,07,Ávila,ES411,5:231,nombre,L01052315,P0523100F,40.968436,-4.801821,San Vicente de Arévalo
05232,0,"Serrada, La",05,07,Ávila,ES411,5:232,nombre,L01052320,P0523200D,40.631139,-4.793031,La Serrada
05233,6,Serranillos,05,07,Ávila,ES411,5:233,nombre,L01052336,P0523300B,40.33613,-4.911809,Serranillos
05234,1,Sigeres,05,07,Ávila,ES411,5:234,nombre,L01052341,P0523400J,40.798847,-4.933235,Sigeres
05235,4,Sinlabajos,05,07,Ávila,ES411,5:235,nombre,L01052354,P0523500G,41.075804,-4.831382,Sinlabajos
05236,7,Solana de Ávila,05,07,Ávila,ES411,5:236,nombre,L01052367,P0523600E,40.31529,-5.613553,Solana de Ávila
05237,3,Solana de Rioalmar,05,07,Ávila,ES411,5:237,nombre,L01052373,P0523700C,40.738511,-5.011711,Solana de Rioalmar
05238,9,Solosancho,05,07,Ávila,ES411,5:238,nombre,L01052389,P0523800A,40.55339,-4.903498,Solosancho
05239,2,Sotalbo,05,07,Ávila,ES411,5:239,nombre,L01052392,P0523900I,40.540344,-4.845696,Sotalbo
05240,6,Sotillo de la Adrada,05,07,Ávila,ES411,5:240,nombre,L01052406,P0524000G,40.293056,-4.583563,Sotillo de la Adrada
05241,3,"Tiemblo, El",05,07,Ávila,ES411,5:241,nombre,L01052413,P0524100E,40.413671,-4.500697,El Tiemblo
05242,8,Tiñosillos,05,07,Ávila,ES411,5:242,nombre,L01052428,P0524200C,40.934469,-4.728693,Tiñosillos
05243,4,Tolbaños,05,07,Ávila,ES411,5:243,nombre,L01052434,P0524300A,40.751388,-4.581149,Tolbaños
05244,9,Tormellas,05,07,Ávila,ES411,5:244,nombre,L01052449,P0524400I,40.30417,-5.511819,Tormellas
05245,2,Tornadizos de Ávila,05,07,Ávila,ES411,5:245,nombre,L01052452,P0524500F,40.625192,-4.614384,Tornadizos de Ávila
05246,5,Tórtoles,05,07,Ávila,ES411,5:247,nombre,L01052465,P0524700B,40.560984,-5.260313,Tórtoles
05247,1,"Torre, La",05,07,Ávila,ES411,5:246,nombre,L01052471,P0524600D,40.588994,-4.965843,La Torre
05249,0,Umbrías,05,07,Ávila,ES411,5:249,nombre,L01052490,P0524900H,40.313056,-5.578177,Umbrías
05251,0,Vadillo de la Sierra,05,07,Ávila,ES411,5:251,nombre,L01052510,P0525100D,40.606649,-5.125168,Vadillo de la Sierra
05252,5,Valdecasa,05,07,Ávila,ES411,5:252,nombre,L01052525,P0525200B,40.660007,-5.011926,Valdecasa
05253,1,Vega de Santa María,05,07,Ávila,ES411,5:253,nombre,L01052531,P0525300J,40.835953,-4.642419,Vega de Santa María
05254,6,Velayos,05,07,Ávila,ES411,5:254,nombre,L01052546,P0525400H,40.839612,-4.623206,Velayos
05256,2,Villaflor,05,07,Ávila,ES411,5:256,nombre,L01052562,P0525600C,40.758,-4.874522,Villaflor
05257,8,Villafranca de la Sierra,05,07,Ávila,ES411,5:257,nombre,L01052578,P0525700A,40.498424,-5.230663,Villafranca de la Sierra
05258,4,Villanueva de Gómez,05,07,Ávila,ES411,5:258,nombre,L01052584,P0525800I,40.882789,-4.716039,Villanueva de Gómez
05259,7,Villanueva del Aceral,05,07,Ávila,ES411,5:259,nombre,L01052597,P0525900G,41.041374,-4.853145,Villanueva del Aceral
05260,1,Villanueva del Campillo,05,07,Ávila,ES411,5:260,nombre,L01052601,P0526000E,40.576006,-5.180288,Villanueva del Campillo
05261,8,Villar de Corneja,05,07,Ávila,ES411,5:261,nombre,L01052618,P0526100C,40.474101,-5.43582,Villar de Corneja
05262,3,Villarejo del Valle,05,07,Ávila,ES411,5:262,nombre,L01052623,P0526200A,40.286769,-4.996475,Villarejo del Valle
05263,9,Villatoro,05,07,Ávila,ES411,5:263,nombre,L01052639,P0526300I,40.555594,-5.113057,Villatoro
05264,4,Viñegra de Moraña,05,07,Ávila,ES411,5:264,nombre,L01052644,P0526400G,40.849979,-4.921678,Viñegra de Moraña
05265,7,Vita,05,07,Ávila,ES411,5:265,nombre,L01052657,P0526500D,40.811551,-5.005028,Vita
05266,0,Zapardiel de la Cañada,05,07,Ávila,ES411,5:266,nombre,L01052660,P0526600B,40.605688,-5.338275,Zapardiel de la Cañada
05267,6,Zapardiel de la Ribera,05,07,Ávila,ES411,5:267,nombre,L01052676,P0526700J,40.35574,-5.329113,Zapardiel de la Ribera
05901,4,San Juan de Gredos,05,07,Ávila,ES411,5:269,nombre,L01059014,P0526900F,40.360489,-5.250268,Navacepeda de Tormes
05902,9,Santa María del Cubillo,05,07,Ávila,ES411,5:270,nombre,L01059029,P0527000D,40.743306,-4.471186,Aldeavieja
05903,5,Diego del Carpio,05,07,Ávila,ES411,5:272,nombre,L01059035,P0527200J,40.663678,-5.324859,Diego Álvaro
05904,0,Santiago del Tormes,05,07,Ávila,ES411,5:273,nombre,L01059040,P0527300H,40.330578,-5.397775,Aliseda de Tormes
05905,3,Villanueva de Ávila,05,07,Ávila,ES411,5:274,nombre,L01059053,P0527400F,40.379466,-4.821276,Villanueva de Ávila
06001,6,Acedera,06,11,Badajoz,ES431,6:1,nombre,L01060016,P0600100B,39.076178,-5.572599,Acedera
06002,1,Aceuchal,06,11,Badajoz,ES431,6:2,nombre,L01060021,P0600200J,38.645696,-6.484822,Aceuchal
06003,7,Ahillones,06,11,Badajoz,ES431,6:3,nombre,L01060037,P0600300H,38.259418,-5.865285,Ahillones
06004,2,Alange,06,11,Badajoz,ES431,6:4,nombre,L01060042,P0600400F,38.786502,-6.243535,Alange
06005,5,"Albuera, La",06,11,Badajoz,ES431,6:5,nombre,L01060055,P0600500C,38.717553,-6.824039,La Albuera
06006,8,Alburquerque,06,11,Badajoz,ES431,6:6,nombre,L01060068,P0600600A,39.221125,-7.00142,Alburquerque
06007,4,Alconchel,06,11,Badajoz,ES431,6:7,nombre,L01060074,P0600700I,38.513773,-7.070921,Alconchel
06008,0,Alconera,06,11,Badajoz,ES431,6:8,nombre,L01060080,P0600800G,38.39855,-6.476589,Alconera
06009,3,Aljucén,06,11,Badajoz,ES431,6:9,nombre,L01060093,P0600900E,39.044785,-6.332461,Aljucén
06010,7,Almendral,06,11,Badajoz,ES431,6:10,nombre,L01060107,P0601000C,38.612172,-6.820845,Almendral
06011,4,Almendralejo,06,11,Badajoz,ES431,6:11,nombre,L01060114,P0601100A,38.687008,-6.410107,Almendralejo
06012,9,Arroyo de San Serván,06,11,Badajoz,ES431,6:12,nombre,L01060129,P0601200I,38.856347,-6.454687,Arroyo de San Serván
06013,5,Atalaya,06,11,Badajoz,ES431,6:13,nombre,L01060135,P0601300G,38.334744,-6.475033,Atalaya
06014,0,Azuaga,06,11,Badajoz,ES431,6:14,nombre,L01060140,P0601400E,38.262022,-5.683232,Azuaga
06015,3,Badajoz,06,11,Badajoz,ES431,6:900,nombre,L01060153,P0601500B,38.870702,-6.970963,Badajoz
06016,6,Barcarrota,06,11,Badajoz,ES431,6:16,nombre,L01060166,P0601600J,38.516109,-6.846766,Barcarrota
06017,2,Baterno,06,11,Badajoz,ES431,6:17,nombre,L01060172,P0601700H,38.956418,-4.910639,Baterno
06018,8,Benquerencia de la Serena,06,11,Badajoz,ES431,6:18,nombre,L01060188,P0601800F,38.699189,-5.494806,Benquerencia de la Serena
06019,1,Berlanga,06,11,Badajoz,ES431,6:19,nombre,L01060191,P0601900D,38.281932,-5.830326,Berlanga
06020,5,Bienvenida,06,11,Badajoz,ES431,6:20,nombre,L01060205,P0602000B,38.298315,-6.20909,Bienvenida
06021,2,Bodonal de la Sierra,06,11,Badajoz,ES431,6:21,nombre,L01060212,P0602100J,38.144786,-6.557051,Bodonal de la Sierra
06022,7,Burguillos del Cerro,06,11,Badajoz,ES431,6:22,nombre,L01060227,P0602200H,38.377911,-6.591448,Burguillos del Cerro
06023,3,Cabeza del Buey,06,11,Badajoz,ES431,6:23,nombre,L01060233,P0602300F,38.722458,-5.218669,Cabeza del Buey
06024,8,Cabeza la Vaca,06,11,Badajoz,ES431,6:24,nombre,L01060248,P0602400D,38.085761,-6.420093,Cabeza la Vaca
06025,1,Calamonte,06,11,Badajoz,ES431,6:25,nombre,L01060251,P0602500A,38.887802,-6.385697,Calamonte
06026,4,Calera de León,06,11,Badajoz,ES431,6:26,nombre,L01060264,P0602600I,38.106551,-6.337454,Calera de León
06027,0,Calzadilla de los Barros,06,11,Badajoz,ES431,6:27,nombre,L01060270,P0602700G,38.301169,-6.31677,Calzadilla de los Barros
06028,6,Campanario,06,11,Badajoz,ES431,6:28,nombre,L01060286,P0602800E,38.86219,-5.617225,Campanario
06029,9,Campillo de Llerena,06,11,Badajoz,ES431,6:29,nombre,L01060299,P0602900C,38.502696,-5.830031,Campillo de Llerena
06030,3,Capilla,06,11,Badajoz,ES431,6:30,nombre,L01060303,P0603000A,38.820048,-5.084606,Capilla
06031,0,Carmonita,06,11,Badajoz,ES431,6:31,nombre,L01060310,P0603100I,39.153348,-6.337327,Carmonita
06032,5,"Carrascalejo, El",06,11,Badajoz,ES431,6:32,nombre,L01060325,P0603200G,39.022796,-6.337385,El Carrascalejo
06033,1,Casas de Don Pedro,06,11,Badajoz,ES431,6:33,nombre,L01060331,P0603300E,39.104277,-5.331033,Casas de Don Pedro
06034,6,Casas de Reina,06,11,Badajoz,ES431,6:34,nombre,L01060346,P0603400C,38.202445,-5.970049,Casas de Reina
06035,9,Castilblanco,06,11,Badajoz,ES431,6:35,nombre,L01060359,P0603500J,39.271581,-5.093493,Castilblanco
06036,2,Castuera,06,11,Badajoz,ES431,6:36,nombre,L01060362,P0603600H,38.722894,-5.546443,Castuera
06037,8,"Codosera, La",06,11,Badajoz,ES431,6:37,nombre,L01060378,P0603700F,39.207756,-7.1742,La Codosera
06038,4,Cordobilla de Lácara,06,11,Badajoz,ES431,6:38,nombre,L01060384,P0603800D,39.147271,-6.438004,Cordobilla de Lácara
06039,7,"Coronada, La",06,11,Badajoz,ES431,6:39,nombre,L01060397,P0603900B,38.918785,-5.670815,La Coronada
06040,1,Corte de Peleas,06,11,Badajoz,ES431,6:40,nombre,L01060401,P0604000J,38.725805,-6.673557,Corte de Peleas
06041,8,Cristina,06,11,Badajoz,ES431,6:41,nombre,L01060418,P0604100H,38.837885,-6.099381,Cristina
06042,3,Cheles,06,11,Badajoz,ES431,6:42,nombre,L01060423,P0604200F,38.513946,-7.282839,Cheles
06043,9,Don Álvaro,06,11,Badajoz,ES431,6:43,nombre,L01060439,P0604300D,38.847449,-6.273327,Don Álvaro
06044,4,Don Benito,06,11,Badajoz,ES431,6:44,nombre,L01060444,P0604400B,38.96643,-5.862264,Don Benito
06045,7,Entrín Bajo,06,11,Badajoz,ES431,6:45,nombre,L01060457,P0604500I,38.717908,-6.711198,Entrín Bajo
06046,0,Esparragalejo,06,11,Badajoz,ES431,6:46,nombre,L01060460,P0604600G,38.9439,-6.434762,Esparragalejo
06047,6,Esparragosa de la Serena,06,11,Badajoz,ES431,6:47,nombre,L01060476,P0604700E,38.649221,-5.604111,Esparragosa de la Serena
06048,2,Esparragosa de Lares,06,11,Badajoz,ES431,6:48,nombre,L01060482,P0604800C,38.975048,-5.270765,Esparragosa de Lares
06049,5,Feria,06,11,Badajoz,ES431,6:49,nombre,L01060495,P0604900A,38.512299,-6.56405,Feria
06050,8,Fregenal de la Sierra,06,11,Badajoz,ES431,6:50,nombre,L01060508,P0605000I,38.167149,-6.652796,Fregenal de la Sierra
06051,5,Fuenlabrada de los Montes,06,11,Badajoz,ES431,6:51,nombre,L01060515,P0605100G,39.132661,-4.934944,Fuenlabrada de los Montes
06052,0,Fuente de Cantos,06,11,Badajoz,ES431,6:52,nombre,L01060520,P0605200E,38.248641,-6.30405,Fuente de Cantos
06053,6,Fuente del Arco,06,11,Badajoz,ES431,6:53,nombre,L01060536,P0605300C,38.152107,-5.897824,Fuente del Arco
06054,1,Fuente del Maestre,06,11,Badajoz,ES431,6:54,nombre,L01060541,P0605400A,38.526264,-6.447293,Fuente del Maestre
06055,4,Fuentes de León,06,11,Badajoz,ES431,6:55,nombre,L01060554,P0605500H,38.068461,-6.540616,Fuentes de León
06056,7,Garbayuela,06,11,Badajoz,ES431,6:56,nombre,L01060567,P0605600F,39.049055,-4.999399,Garbayuela
06057,3,Garlitos,06,11,Badajoz,ES431,6:57,nombre,L01060573,P0605700D,38.878954,-5.046641,Garlitos
06058,9,"Garrovilla, La",06,11,Badajoz,ES431,6:58,nombre,L01060589,P0605800B,38.919617,-6.475989,La Garrovilla
06059,2,Granja de Torrehermosa,06,11,Badajoz,ES431,6:59,nombre,L01060592,P0605900J,38.310214,-5.598763,Granja de Torrehermosa
06060,6,Guareña,06,11,Badajoz,ES431,6:60,nombre,L01060606,P0606000H,38.859214,-6.100704,Guareña
06061,3,"Haba, La",06,11,Badajoz,ES431,6:61,nombre,L01060613,P0606100F,38.91747,-5.802545,La Haba
06062,8,Helechosa de los Montes,06,11,Badajoz,ES431,6:62,nombre,L01060628,P0606200D,39.312173,-4.908763,Helechosa de los Montes
06063,4,Herrera del Duque,06,11,Badajoz,ES431,6:63,nombre,L01060634,P0606300B,39.169128,-5.053918,Herrera del Duque
06064,9,Higuera de la Serena,06,11,Badajoz,ES431,6:64,nombre,L01060649,P0606400J,38.644702,-5.741563,Higuera de la Serena
06065,2,Higuera de Llerena,06,11,Badajoz,ES431,6:65,nombre,L01060652,P0606500G,38.375638,-5.998142,Higuera de Llerena
06066,5,Higuera de Vargas,06,11,Badajoz,ES431,6:66,nombre,L01060665,P0606600E,38.445962,-6.97321,Higuera de Vargas
06067,1,Higuera la Real,06,11,Badajoz,ES431,6:67,nombre,L01060671,P0606700C,38.138884,-6.691352,Higuera la Real
06068,7,Hinojosa del Valle,06,11,Badajoz,ES431,6:68,nombre,L01060687,P0606800A,38.482309,-6.184723,Hinojosa del Valle
06069,0,Hornachos,06,11,Badajoz,ES431,6:69,nombre,L01060690,P0606900I,38.55279,-6.06903,Hornachos
06070,4,Jerez de los Caballeros,06,11,Badajoz,ES431,6:70,nombre,L01060704,P0607000G,38.32551,-6.7707,Jerez de los Caballeros
06071,1,"Lapa, La",06,11,Badajoz,ES431,6:71,nombre,L01060711,P0607100E,38.452808,-6.517787,La Lapa
06072,6,Lobón,06,11,Badajoz,ES431,6:72,nombre,L01060726,P0607200C,38.836849,-6.617563,Lobón
06073,2,Llera,06,11,Badajoz,ES431,6:73,nombre,L01060732,P0607300A,38.446404,-6.057319,Llera
06074,7,Llerena,06,11,Badajoz,ES431,6:74,nombre,L01060747,P0607400I,38.23786,-6.015642,Llerena
06075,0,Magacela,06,11,Badajoz,ES431,6:75,nombre,L01060750,P0607500F,38.894962,-5.726426,Magacela
06076,3,Maguilla,06,11,Badajoz,ES431,6:76,nombre,L01060763,P0607600D,38.366451,-5.835917,Maguilla
06077,9,Malcocinado,06,11,Badajoz,ES431,6:77,nombre,L01060779,P0607700B,38.122546,-5.691326,Malcocinado
06078,5,Malpartida de la Serena,06,11,Badajoz,ES431,6:78,nombre,L01060785,P0607800J,38.675152,-5.641124,Malpartida de la Serena
06079,8,Manchita,06,11,Badajoz,ES431,6:79,nombre,L01060798,P0607900H,38.814024,-6.020702,Manchita
06080,2,Medellín,06,11,Badajoz,ES431,6:80,nombre,L01060802,P0608000F,38.961691,-5.958728,Medellín
06081,9,Medina de las Torres,06,11,Badajoz,ES431,6:81,nombre,L01060819,P0608100D,38.343576,-6.413048,Medina de las Torres
06082,4,Mengabril,06,11,Badajoz,ES431,6:82,nombre,L01060824,P0608200B,38.935897,-5.933004,Mengabril
06083,0,Mérida,06,11,Badajoz,ES431,6:83,nombre,L01060830,P0608300J,38.919267,-6.339796,Mérida
06084,5,Mirandilla,06,11,Badajoz,ES431,6:84,nombre,L01060845,P0608400H,38.998202,-6.2915,Mirandilla
06085,8,Monesterio,06,11,Badajoz,ES431,6:85,nombre,L01060858,P0608500E,38.08762,-6.272082,Monesterio
06086,1,Montemolín,06,11,Badajoz,ES431,6:86,nombre,L01060861,P0608600C,38.153837,-6.212245,Montemolín
06087,7,Monterrubio de la Serena,06,11,Badajoz,ES431,6:87,nombre,L01060877,P0608700A,38.588522,-5.444158,Monterrubio de la Serena
06088,3,Montijo,06,11,Badajoz,ES431,6:88,nombre,L01060883,P0608800I,38.906582,-6.612935,Montijo
06089,6,"Morera, La",06,11,Badajoz,ES431,6:89,nombre,L01060896,P0608900G,38.546378,-6.652438,La Morera
06090,0,"Nava de Santiago, La",06,11,Badajoz,ES431,6:90,nombre,L01060900,P0609000E,39.064591,-6.505474,La Nava de Santiago
06091,7,Navalvillar de Pela,06,11,Badajoz,ES431,6:91,nombre,L01060917,P0609100C,39.091144,-5.468401,Navalvillar de Pela
06092,2,Nogales,06,11,Badajoz,ES431,6:92,nombre,L01060922,P0609200A,38.587026,-6.749191,Nogales
06093,8,Oliva de la Frontera,06,11,Badajoz,ES431,6:93,nombre,L01060938,P0609300I,38.278694,-6.916216,Oliva de la Frontera
06094,3,Oliva de Mérida,06,11,Badajoz,ES431,6:94,nombre,L01060943,P0609400G,38.791454,-6.122719,Oliva de Mérida
06095,6,Olivenza,06,11,Badajoz,ES431,6:95,nombre,L01060956,P0609500D,38.683236,-7.09831,Olivenza
06096,9,Orellana de la Sierra,06,11,Badajoz,ES431,6:96,nombre,L01060969,P0609600B,39.03102,-5.497448,Orellana de la Sierra
06097,5,Orellana la Vieja,06,11,Badajoz,ES431,6:97,nombre,L01060975,P0609700J,39.003877,-5.537857,Orellana la Vieja
06098,1,Palomas,06,11,Badajoz,ES431,6:98,nombre,L01060981,P0609800H,38.692932,-6.133899,Palomas
06099,4,"Parra, La",06,11,Badajoz,ES431,6:99,nombre,L01060994,P0609900F,38.521933,-6.613791,La Parra
06100,8,Peñalsordo,06,11,Badajoz,ES431,6:100,nombre,L01061008,P0610000B,38.818657,-5.111592,Peñalsordo
06101,5,Peraleda del Zaucejo,06,11,Badajoz,ES431,6:101,nombre,L01061015,P0610100J,38.471546,-5.56278,Peraleda del Zaucejo
06102,0,Puebla de Alcocer,06,11,Badajoz,ES431,6:102,nombre,L01061020,P0610200H,38.986252,-5.256418,Puebla de Alcocer
06103,6,Puebla de la Calzada,06,11,Badajoz,ES431,6:103,nombre,L01061036,P0610300F,38.891399,-6.623905,Puebla de la Calzada
06104,1,Puebla de la Reina,06,11,Badajoz,ES431,6:104,nombre,L01061041,P0610400D,38.66456,-6.102246,Puebla de la Reina
06105,4,Puebla del Maestre,06,11,Badajoz,ES431,6:105,nombre,L01061054,P0610500A,38.084496,-6.080228,Puebla del Maestre
06106,7,Puebla del Prior,06,11,Badajoz,ES431,6:106,nombre,L01061067,P0610600I,38.570933,-6.196345,Puebla del Prior
06107,3,Puebla de Obando,06,11,Badajoz,ES431,6:107,nombre,L01061073,P0610700G,39.174958,-6.623564,Puebla de Obando
06108,9,Puebla de Sancho Pérez,06,11,Badajoz,ES431,6:108,nombre,L01061089,P0610800E,38.396625,-6.400505,Puebla de Sancho Pérez
06109,2,Quintana de la Serena,06,11,Badajoz,ES431,6:109,nombre,L01061092,P0610900C,38.741063,-5.669959,Quintana de la Serena
06110,6,Reina,06,11,Badajoz,ES431,6:110,nombre,L01061106,P0611000A,38.186256,-5.948524,Reina
06111,3,Rena,06,11,Badajoz,ES431,6:111,nombre,L01061113,P0611100I,39.052637,-5.809651,Rena
06112,8,Retamal de Llerena,06,11,Badajoz,ES431,6:112,nombre,L01061128,P0611200G,38.576972,-5.838669,Retamal de Llerena
06113,4,Ribera del Fresno,06,11,Badajoz,ES431,6:113,nombre,L01061134,P0611300E,38.55198,-6.237649,Ribera del Fresno
06114,9,Risco,06,11,Badajoz,ES431,6:114,nombre,L01061149,P0611400C,38.910647,-5.121173,Risco
06115,2,"Roca de la Sierra, La",06,11,Badajoz,ES431,6:115,nombre,L01061152,P0611500J,39.108423,-6.688979,La Roca de la Sierra
06116,5,Salvaleón,06,11,Badajoz,ES431,6:116,nombre,L01061165,P0611600H,38.508323,-6.784471,Salvaleón
06117,1,Salvatierra de los Barros,06,11,Badajoz,ES431,6:117,nombre,L01061171,P0611700F,38.490442,-6.683592,Salvatierra de los Barros
06118,7,Sancti-Spíritus,06,11,Badajoz,ES431,6:118,nombre,L01061187,P0611800D,38.92367,-5.145041,Sancti-Spíritus
06119,0,San Pedro de Mérida,06,11,Badajoz,ES431,6:119,nombre,L01061190,P0611900B,38.949857,-6.18673,San Pedro de Mérida
06120,4,Santa Amalia,06,11,Badajoz,ES431,6:120,nombre,L01061204,P0612000J,39.011959,-6.009956,Santa Amalia
06121,1,Santa Marta,06,11,Badajoz,ES431,6:121,nombre,L01061211,P0612100H,38.615166,-6.630755,Santa Marta
06122,6,"Santos de Maimona, Los",06,11,Badajoz,ES431,6:122,nombre,L01061226,P0612200F,38.44775,-6.376308,Los Santos de Maimona
06123,2,San Vicente de Alcántara,06,11,Badajoz,ES431,6:123,nombre,L01061232,P0612300D,39.363465,-7.135461,San Vicente de Alcántara
06124,7,Segura de León,06,11,Badajoz,ES431,6:124,nombre,L01061247,P0612400B,38.118724,-6.530018,Segura de León
06125,0,Siruela,06,11,Badajoz,ES431,6:125,nombre,L01061250,P0612500I,38.977653,-5.048604,Siruela
06126,3,Solana de los Barros,06,11,Badajoz,ES431,6:126,nombre,L01061263,P0612600G,38.72236,-6.538306,Solana de los Barros
06127,9,Talarrubias,06,11,Badajoz,ES431,6:127,nombre,L01061279,P0612700E,39.036346,-5.233526,Talarrubias
06128,5,Talavera la Real,06,11,Badajoz,ES431,6:128,nombre,L01061285,P0612800C,38.871597,-6.764557,Talavera la Real
06129,8,Táliga,06,11,Badajoz,ES431,6:129,nombre,L01061298,P0612900A,38.52849,-7.014256,Táliga
06130,2,Tamurejo,06,11,Badajoz,ES431,6:130,nombre,L01061302,P0613000I,38.990952,-4.947934,Tamurejo
06131,9,Torre de Miguel Sesmero,06,11,Badajoz,ES431,6:131,nombre,L01061319,P0613100G,38.619117,-6.797009,Torre de Miguel Sesmero
06132,4,Torremayor,06,11,Badajoz,ES431,6:132,nombre,L01061324,P0613200E,38.901676,-6.534922,Torremayor
06133,0,Torremejía,06,11,Badajoz,ES431,6:133,nombre,L01061330,P0613300C,38.789301,-6.378444,Torremejía
06134,5,Trasierra,06,11,Badajoz,ES431,6:134,nombre,L01061345,P0613400A,38.189953,-5.995998,Trasierra
06135,8,Trujillanos,06,11,Badajoz,ES431,6:135,nombre,L01061358,P0613500H,38.952325,-6.255783,Trujillanos
06136,1,Usagre,06,11,Badajoz,ES431,6:136,nombre,L01061361,P0613600F,38.355556,-6.16556,Usagre
06137,7,Valdecaballeros,06,11,Badajoz,ES431,6:137,nombre,L01061377,P0613700D,39.246338,-5.191207,Valdecaballeros
06138,3,Valdetorres,06,11,Badajoz,ES431,6:138,nombre,L01061383,P0613800B,38.91413,-6.068493,Valdetorres
06139,6,Valencia de las Torres,06,11,Badajoz,ES431,6:139,nombre,L01061396,P0613900J,38.403041,-6.003817,Valencia de las Torres
06140,0,Valencia del Mombuey,06,11,Badajoz,ES431,6:140,nombre,L01061400,P0614000H,38.241777,-7.119335,Valencia del Mombuey
06141,7,Valencia del Ventoso,06,11,Badajoz,ES431,6:141,nombre,L01061417,P0614100F,38.266614,-6.474863,Valencia del Ventoso
06142,2,Valverde de Burguillos,06,11,Badajoz,ES431,6:142,nombre,L01061422,P0614200D,38.327519,-6.536269,Valverde de Burguillos
06143,8,Valverde de Leganés,06,11,Badajoz,ES431,6:143,nombre,L01061438,P0614300B,38.66985,-6.979051,Valverde de Leganés
06144,3,Valverde de Llerena,06,11,Badajoz,ES431,6:144,nombre,L01061443,P0614400J,38.21361,-5.821817,Valverde de Llerena
06145,6,Valverde de Mérida,06,11,Badajoz,ES431,6:145,nombre,L01061456,P0614500G,38.912121,-6.22015,Valverde de Mérida
06146,9,Valle de la Serena,06,11,Badajoz,ES431,6:146,nombre,L01061469,P0614600E,38.702191,-5.797666,Valle de la Serena
06147,5,Valle de Matamoros,06,11,Badajoz,ES431,6:147,nombre,L01061475,P0614700C,38.379706,-6.808505,Valle de Matamoros
06148,1,Valle de Santa Ana,06,11,Badajoz,ES431,6:148,nombre,L01061481,P0614800A,38.366209,-6.788688,Valle de Santa Ana
06149,4,Villafranca de los Barros,06,11,Badajoz,ES431,6:149,nombre,L01061494,P0614900I,38.562024,-6.337869,Villafranca de los Barros
06150,7,Villagarcía de la Torre,06,11,Badajoz,ES431,6:150,nombre,L01061507,P0615000G,38.292242,-6.080625,Villagarcía de la Torre
06151,4,Villagonzalo,06,11,Badajoz,ES431,6:151,nombre,L01061514,P0615100E,38.861699,-6.19697,Villagonzalo
06152,9,Villalba de los Barros,06,11,Badajoz,ES431,6:152,nombre,L01061529,P0615200C,38.614705,-6.510504,Villalba de los Barros
06153,5,Villanueva de la Serena,06,11,Badajoz,ES431,6:153,nombre,L01061535,P0615300A,38.976964,-5.796011,Villanueva de la Serena
06154,0,Villanueva del Fresno,06,11,Badajoz,ES431,6:154,nombre,L01061540,P0615400I,38.374486,-7.167309,Villanueva del Fresno
06155,3,Villar del Rey,06,11,Badajoz,ES431,6:155,nombre,L01061553,P0615500F,39.132208,-6.849481,Villar del Rey
06156,6,Villar de Rena,06,11,Badajoz,ES431,6:156,nombre,L01061566,P0615600D,39.076875,-5.813447,Villar de Rena
06157,2,Villarta de los Montes,06,11,Badajoz,ES431,6:157,nombre,L01061572,P0615700B,39.213823,-4.791743,Villarta de los Montes
06158,8,Zafra,06,11,Badajoz,ES431,6:158,nombre,L01061588,P0615800J,38.42366,-6.409003,Zafra
06159,1,Zahínos,06,11,Badajoz,ES431,6:159,nombre,L01061591,P0615900H,38.332216,-6.95486,Zahínos
06160,5,Zalamea de la Serena,06,11,Badajoz,ES431,6:160,nombre,L01061605,P0616000F,38.651221,-5.656112,Zalamea de la Serena
06161,2,Zarza-Capilla,06,11,Badajoz,ES431,6:161,nombre,L01061612,P0616100D,38.806735,-5.157094,Zarza-Capilla
06162,7,"Zarza, La",06,11,Badajoz,ES431,6:162,nombre,L01061627,P0616200B,38.820003,-6.217449,La Zarza
06901,7,Valdelacalzada,06,11,Badajoz,ES431,6:169,nombre,L01069017,P0616900G,38.889671,-6.701408,Valdelacalzada
06902,2,Pueblonuevo del Guadiana,06,11,Badajoz,ES431,6:167,punto,L01069022,P0616700A,38.923633,-6.756995,Pueblonuevo del Guadiana
06903,8,Guadiana,06,11,Badajoz,ES431,6:165,punto,L01069038,P0616500E,38.930106,-6.688919,Guadiana
07001,2,Alaró,07,04,Illes Balears,ES532,7:1,nombre,L01070012,P0700100A,39.706926,2.791902,Alaró
07002,7,Alaior,07,04,Illes Balears,ES533,7:2,nombre,L01070027,P0700200I,39.936849,4.142132,Alaior
07003,3,Alcúdia,07,04,Illes Balears,ES532,7:3,nombre,L01070033,P0700300G,39.853339,3.123832,Alcúdia
07004,8,Algaida,07,04,Illes Balears,ES532,7:4,nombre,L01070048,P0700400E,39.560052,2.892316,Algaida
07005,1,Andratx,07,04,Illes Balears,ES532,7:5,nombre,L01070051,P0700500B,39.573698,2.422917,Andratx
07006,4,Artà,07,04,Illes Balears,ES532,7:6,nombre,L01070064,P0700600J,39.694106,3.348103,Artà
07007,0,Banyalbufar,07,04,Illes Balears,ES532,7:7,nombre,L01070070,P0700700H,39.687375,2.516584,Banyalbufar
07008,6,Binissalem,07,04,Illes Balears,ES532,7:8,nombre,L01070086,P0700800F,39.688823,2.842049,Binissalem
07009,9,Búger,07,04,Illes Balears,ES532,7:9,nombre,L01070099,P0700900D,39.757802,2.981663,Búger
07010,3,Bunyola,07,04,Illes Balears,ES532,7:10,nombre,L01070103,P0701000B,39.696736,2.699175,Bunyola
07011,0,Calvià,07,04,Illes Balears,ES532,7:11,nombre,L01070110,P0701100J,39.56351,2.511035,Calvià
07012,5,Campanet,07,04,Illes Balears,ES532,7:12,nombre,L01070125,P0701200H,39.773093,2.969092,Campanet
07013,1,Campos,07,04,Illes Balears,ES532,7:13,nombre,L01070131,P0701300F,39.430727,3.019927,Campos
07014,6,Capdepera,07,04,Illes Balears,ES532,7:14,nombre,L01070146,P0701400D,39.702873,3.435902,Capdepera
07015,9,Ciutadella de Menorca,07,04,Illes Balears,ES533,7:15,nombre,L01070159,P0701500A,40.004386,3.846543,Ciutadella
07016,2,Consell,07,04,Illes Balears,ES532,7:16,nombre,L01070162,P0701600I,39.667611,2.809237,Consell
07017,8,Costitx,07,04,Illes Balears,ES532,7:17,nombre,L01070178,P0701700G,39.655315,2.948629,Costitx
07018,4,Deià,07,04,Illes Balears,ES532,7:18,nombre,L01070184,P0701800E,39.748222,2.647445,Deià
07019,7,Escorca,07,04,Illes Balears,ES532,7:19,nombre,L01070197,P0701900C,39.819743,2.884662,Lluc
07020,1,Esporles,07,04,Illes Balears,ES532,7:20,nombre,L01070201,P0702000A,39.665123,2.581137,Esporles
07021,8,Estellencs,07,04,Illes Balears,ES532,7:21,nombre,L01070218,P0702100I,39.652154,2.477002,Estellencs
07022,3,Felanitx,07,04,Illes Balears,ES532,7:22,nombre,L01070223,P0702200G,39.469764,3.150909,Felanitx
07023,9,Ferreries,07,04,Illes Balears,ES533,7:23,nombre,L01070239,P0702300E,39.983258,4.011911,Ferreries
07024,4,Formentera,07,04,Illes Balears,ES531,7:24,nombre,L01070244,P0702400C,38.7062,1.425825,Sant Francesc de Formentera
07025,7,Fornalutx,07,04,Illes Balears,ES532,7:25,nombre,L01070257,P0702500J,39.781364,2.738931,Fornalutx
07026,0,Eivissa,07,04,Illes Balears,ES531,7:26,nombre,L01070260,P0702600H,38.908253,1.423153,Eivissa
07027,6,Inca,07,04,Illes Balears,ES532,7:27,nombre,L01070276,P0702700F,39.722627,2.911445,Inca
07028,2,Lloret de Vistalegre,07,04,Illes Balears,ES532,7:28,nombre,L01070282,P0702800D,39.618193,2.973427,Lloret de Vistalegre
07029,5,Lloseta,07,04,Illes Balears,ES532,7:29,nombre,L01070295,P0702900B,39.718629,2.865924,Lloseta
07030,9,Llubí,07,04,Illes Balears,ES532,7:30,nombre,L01070309,P0703000J,39.701095,3.007926,Llubí
07031,6,Llucmajor,07,04,Illes Balears,ES532,7:31,nombre,L01070316,P0703100H,39.49054,2.89126,Llucmajor
07032,1,Maó,07,04,Illes Balears,ES533,7:32,punto,L01070321,P0703200F,39.883845,4.265332,Maó
07033,7,Manacor,07,04,Illes Balears,ES532,7:33,nombre,L01070337,P0703300D,39.568129,3.208802,Manacor
07034,2,Mancor de la Vall,07,04,Illes Balears,ES532,7:34,nombre,L01070342,P0703400B,39.749974,2.872767,Mancor de la Vall
07035,5,Maria de la Salut,07,04,Illes Balears,ES532,7:35,nombre,L01070355,P0703500I,39.665086,3.074607,Maria de la Salut
07036,8,Marratxí,07,04,Illes Balears,ES532,7:36,nombre,L01070368,P0703600G,39.616413,2.74983,sa Cabaneta
07037,4,"Mercadal, Es",07,04,Illes Balears,ES533,7:37,nombre,L01070374,P0703700E,39.989887,4.090865,Es Mercadal
07038,0,Montuïri,07,04,Illes Balears,ES532,7:38,nombre,L01070380,P0703800C,39.567176,2.981848,Montuïri
07039,3,Muro,07,04,Illes Balears,ES532,7:39,nombre,L01070393,P0703900A,39.737846,3.053774,Muro
07040,7,Palma,07,04,Illes Balears,ES532,7:40,punto,L01070407,P0704000I,39.574951,2.652352,Palma
07041,4,Petra,07,04,Illes Balears,ES532,7:41,nombre,L01070414,P0704100G,39.612256,3.110934,Petra
07042,9,Pollença,07,04,Illes Balears,ES532,7:42,nombre,L01070429,P0704200E,39.878456,3.016052,Pollença
07043,5,Porreres,07,04,Illes Balears,ES532,7:43,nombre,L01070435,P0704300C,39.515518,3.024515,Porreres
07044,0,"Pobla, Sa",07,04,Illes Balears,ES532,7:44,nombre,L01070440,P0704400A,39.769522,3.023626,Sa Pobla
07045,3,Puigpunyent,07,04,Illes Balears,ES532,7:45,nombre,L01070453,P0704500H,39.620263,2.524873,Puigpunyent
07046,6,Sant Antoni de Portmany,07,04,Illes Balears,ES531,7:46,nombre,L01070466,P0704600F,38.965466,1.313395,Sant Antoni de Portmany
07047,2,Sencelles,07,04,Illes Balears,ES532,7:47,nombre,L01070472,P0704700D,39.646133,2.89755,Sencelles
07048,8,Sant Josep de sa Talaia,07,04,Illes Balears,ES531,7:48,nombre,L01070488,P0704800B,38.921522,1.292267,Sant Josep de sa Talaia
07049,1,Sant Joan,07,04,Illes Balears,ES532,7:49,nombre,L01070491,P0704900J,39.597536,3.038955,Sant Joan
07050,4,Sant Joan de Labritja,07,04,Illes Balears,ES531,7:50,nombre,L01070504,P0705000H,39.077904,1.514703,Sant Joan de Labritja
07051,1,Sant Llorenç des Cardassar,07,04,Illes Balears,ES532,7:51,nombre,L01070511,P0705100F,39.614068,3.287817,Sant Llorenç des Cardassar
07052,6,Sant Lluís,07,04,Illes Balears,ES533,7:52,nombre,L01070526,P0705200D,39.849478,4.257578,Sant Lluís
07053,2,Santa Eugènia,07,04,Illes Balears,ES532,7:53,nombre,L01070532,P0705300B,39.624112,2.840296,Santa Eugènia
07054,7,Santa Eulària des Riu,07,04,Illes Balears,ES531,7:54,nombre,L01070547,P0705400J,38.987088,1.539815,Santa Eulària des Riu
07055,0,Santa Margalida,07,04,Illes Balears,ES532,7:55,nombre,L01070550,P0705500G,39.703749,3.104625,Santa Margalida
07056,3,Santa María del Camí,07,04,Illes Balears,ES532,7:56,nombre,L01070563,P0705600E,39.651681,2.773717,Santa María del Camí
07057,9,Santanyí,07,04,Illes Balears,ES532,7:57,nombre,L01070579,P0705700C,39.355558,3.127892,Santanyí
07058,5,Selva,07,04,Illes Balears,ES532,7:58,nombre,L01070585,P0705800A,39.754413,2.902048,Selva
07059,8,"Salines, Ses",07,04,Illes Balears,ES532,7:59,nombre,L01070598,P0705900I,39.338102,3.052602,ses Salines
07060,2,Sineu,07,04,Illes Balears,ES532,7:60,nombre,L01070602,P0706000G,39.64041,3.005246,Sineu
07061,9,Sóller,07,04,Illes Balears,ES532,7:61,nombre,L01070619,P0706100E,39.7693,2.714114,Sóller
07062,4,Son Servera,07,04,Illes Balears,ES532,7:62,nombre,L01070624,P0706200C,39.619841,3.360545,Son Servera
07063,0,Valldemossa,07,04,Illes Balears,ES532,7:63,nombre,L01070630,P0706300A,39.710882,2.621263,Valldemossa
07064,5,"Castell, Es",07,04,Illes Balears,ES533,7:64,nombre,L01070645,P0706400I,39.879512,4.290849,es Castell
07065,8,Vilafranca de Bonany,07,04,Illes Balears,ES532,7:65,nombre,L01070658,P0706500F,39.570958,3.089989,Vilafranca de Bonany
07901,3,Ariany,07,04,Illes Balears,ES532,7:66,nombre,L01079013,P0706600D,39.650577,3.112502,Ariany
07902,8,"Migjorn Gran, Es",07,04,Illes Balears,ES533,7:67,nombre,L01079028,P0700001A,39.945253,4.049372,Es Migjorn Gran
08001,8,Abrera,08,09,Barcelona,ES511,8:1,nombre,L01080018,P0800100J,41.520447,1.901897,Abrera
08002,3,Aguilar de Segarra,08,09,Barcelona,ES511,8:2,nombre,L01080023,P0800200H,41.73971,1.629933,Aguilar de Segarra
08003,9,Alella,08,09,Barcelona,ES511,8:3,nombre,L01080039,P0800300F,41.493926,2.294977,Alella
08004,4,Alpens,08,09,Barcelona,ES511,8:4,nombre,L01080044,P0800400D,42.118785,2.101209,Alpens
08005,7,"Ametlla del Vallès, L'",08,09,Barcelona,ES511,8:5,nombre,L01080057,P0800500A,41.665434,2.261104,L'Ametlla del Vallès
08006,0,Arenys de Mar,08,09,Barcelona,ES511,8:6,nombre,L01080060,P0800600I,41.582812,2.544987,Arenys de Mar
08007,6,Arenys de Munt,08,09,Barcelona,ES511,8:7,nombre,L01080076,P0800700G,41.60856,2.540044,Arenys de Munt
08008,2,Argençola,08,09,Barcelona,ES511,8:8,nombre,L01080082,P0800800E,41.581006,1.433828,Contrast
08009,5,Argentona,08,09,Barcelona,ES511,8:9,nombre,L01080095,P0800900C,41.553008,2.398565,Argentona
08010,9,Artés,08,09,Barcelona,ES511,8:10,nombre,L01080109,P0801000A,41.793723,1.951018,Artés
08011,6,Avià,08,09,Barcelona,ES511,8:11,nombre,L01080116,P0801100I,42.077149,1.822127,Avià
08012,1,Avinyó,08,09,Barcelona,ES511,8:12,nombre,L01080121,P0801200G,41.862439,1.970102,Avinyó
08013,7,Avinyonet del Penedès,08,09,Barcelona,ES511,8:13,nombre,L01080137,P0801300E,41.361524,1.776314,Avinyó Nou
08014,2,Aiguafreda,08,09,Barcelona,ES511,8:14,nombre,L01080142,P0801400C,41.772689,2.250808,Aiguafreda
08015,5,Badalona,08,09,Barcelona,ES511,8:15,nombre,L01080155,P0801500J,41.454314,2.238874,Badalona
08016,8,Bagà,08,09,Barcelona,ES511,8:16,nombre,L01080168,P0801600H,42.253392,1.861408,Bagà
08017,4,Balenyà,08,09,Barcelona,ES511,8:17,nombre,L01080174,P0801700F,41.816465,2.235627,Els Hostalets de Balenyà
08018,0,Balsareny,08,09,Barcelona,ES511,8:18,nombre,L01080180,P0801800D,41.860254,1.875347,Balsareny
08019,3,Barcelona,08,09,Barcelona,ES511,8:900,nombre,L01080193,P0801900B,41.394708,2.15465,Barcelona
08020,7,Begues,08,09,Barcelona,ES511,8:20,nombre,L01080207,P0802000J,41.331129,1.927097,Begues
08021,4,Bellprat,08,09,Barcelona,ES511,8:21,nombre,L01080214,P0802100H,41.517632,1.432897,Bellprat
08022,9,Berga,08,09,Barcelona,ES511,8:22,nombre,L01080229,P0802200F,42.100284,1.846474,Berga
08023,5,Bigues i Riells del Fai,08,09,Barcelona,ES511,8:23,punto,L01080235,P0802300D,41.676148,2.208655,Bigues
08024,0,Borredà,08,09,Barcelona,ES511,8:24,nombre,L01080240,P0802400B,42.1363,1.993128,Borredà
08025,3,"Bruc, El",08,09,Barcelona,ES511,8:25,nombre,L01080253,P0802500I,41.578886,1.780819,El Bruc
08026,6,"Brull, El",08,09,Barcelona,ES511,8:26,nombre,L01080266,P0802600G,,,
08027,2,"Cabanyes, Les",08,09,Barcelona,ES511,8:27,nombre,L01080272,P0802700E,41.371482,1.690791,Les Cabanyes
08028,8,Cabrera d'Anoia,08,09,Barcelona,ES511,8:28,nombre,L01080288,P0802800C,41.476507,1.705713,Canaletes
08029,1,Cabrera de Mar,08,09,Barcelona,ES511,8:29,nombre,L01080291,P0802900A,41.526683,2.397867,Cabrera de Mar
08030,5,Cabrils,08,09,Barcelona,ES511,8:30,nombre,L01080305,P0803000I,41.527591,2.369576,Cabrils
08031,2,Calaf,08,09,Barcelona,ES511,8:31,nombre,L01080312,P0803100G,41.730899,1.513297,Calaf
08032,7,Caldes d'Estrac,08,09,Barcelona,ES511,8:32,nombre,L01080327,P0803200E,41.571097,2.524161,Caldes d'Estrac
08033,3,Caldes de Montbui,08,09,Barcelona,ES511,8:33,nombre,L01080333,P0803300C,41.630712,2.168965,Caldes de Montbui
08034,8,Calders,08,09,Barcelona,ES511,8:34,nombre,L01080348,P0803400A,41.788555,1.981711,Calders
08035,1,Calella,08,09,Barcelona,ES511,8:35,nombre,L01080351,P0803500H,41.615077,2.662477,Calella
08036,4,Calonge de Segarra,08,09,Barcelona,ES511,8:36,nombre,L01080364,P0803600F,41.738414,1.497735,Dusfort
08037,0,Calldetenes,08,09,Barcelona,ES511,8:224,nombre,L01080370,P0822400H,41.92536,2.283474,Calldetenes
08038,6,Callús,08,09,Barcelona,ES511,8:37,nombre,L01080386,P0803700D,41.781965,1.78393,Callús
08039,9,Campins,08,09,Barcelona,ES511,8:38,nombre,L01080399,P0803800B,41.724609,2.463585,Campins
08040,3,Canet de Mar,08,09,Barcelona,ES511,8:39,nombre,L01080403,P0803900J,41.593177,2.581632,Canet de Mar
08041,0,Canovelles,08,09,Barcelona,ES511,8:40,nombre,L01080410,P0804000H,41.619415,2.281926,Barriada Nova
08042,5,Cànoves i Samalús,08,09,Barcelona,ES511,8:41,nombre,L01080425,P0804100F,41.694218,2.350353,Cànoves
08043,1,Canyelles,08,09,Barcelona,ES511,8:42,nombre,L01080431,P0804200D,41.28347,1.722454,Canyelles
08044,6,Capellades,08,09,Barcelona,ES511,8:43,nombre,L01080446,P0804300B,41.531683,1.685266,Capellades
08045,9,Capolat,08,09,Barcelona,ES511,8:44,nombre,L01080459,P0804400J,,,
08046,2,Cardedeu,08,09,Barcelona,ES511,8:45,nombre,L01080462,P0804500G,41.6386,2.361552,Cardedeu
08047,8,Cardona,08,09,Barcelona,ES511,8:46,nombre,L01080478,P0804600E,41.912934,1.679273,Cardona
08048,4,Carme,08,09,Barcelona,ES511,8:47,nombre,L01080484,P0804700C,41.532101,1.61869,Carme
08049,7,Casserres,08,09,Barcelona,ES511,8:48,nombre,L01080497,P0804800A,42.012231,1.842947,Casserres
08050,0,Castellar del Riu,08,09,Barcelona,ES511,8:49,nombre,L01080500,P0804900I,42.115245,1.800707,Espinalbet
08051,7,Castellar del Vallès,08,09,Barcelona,ES511,8:50,nombre,L01080517,P0805000G,41.613002,2.087976,Castellar del Vallès
08052,2,Castellar de n'Hug,08,09,Barcelona,ES511,8:51,nombre,L01080522,P0805100E,42.282003,2.017019,Castellar de n'Hug
08053,8,Castellbell i el Vilar,08,09,Barcelona,ES511,8:52,nombre,L01080538,P0805200C,41.630871,1.856464,el Borràs
08054,3,Castellbisbal,08,09,Barcelona,ES511,8:53,nombre,L01080543,P0805300A,41.47619,1.98124,Castellbisbal
08055,6,Castellcir,08,09,Barcelona,ES511,8:54,nombre,L01080556,P0805400I,41.761099,2.148229,Castellcir
08056,9,Castelldefels,08,09,Barcelona,ES511,8:55,nombre,L01080569,P0805500F,41.279432,1.975424,Castelldefels
08057,5,Castell de l'Areny,08,09,Barcelona,ES511,8:56,nombre,L01080575,P0805600D,,,
08058,1,Castellet i la Gornal,08,09,Barcelona,ES511,8:57,nombre,L01080581,P0805700B,41.254105,1.593122,la Gornal
08059,4,Castellfollit del Boix,08,09,Barcelona,ES511,8:58,nombre,L01080594,P0805800J,41.665509,1.685046,Castellfollit del Boix
08060,8,Castellfollit de Riubregós,08,09,Barcelona,ES511,8:59,nombre,L01080608,P0805900H,41.776331,1.43999,Castellfollit de Riubregós
08061,5,Castellgalí,08,09,Barcelona,ES511,8:60,nombre,L01080615,P0806000F,41.674217,1.841058,Castellgalí
08062,0,Castellnou de Bages,08,09,Barcelona,ES511,8:61,nombre,L01080620,P0806100D,41.834215,1.836911,Castellnou de Bages
08063,6,Castellolí,08,09,Barcelona,ES511,8:62,nombre,L01080636,P0806200B,41.597516,1.699367,Castellolí
08064,1,Castellterçol,08,09,Barcelona,ES511,8:63,nombre,L01080641,P0806300J,41.751935,2.12123,Castellterçol
08065,4,Castellví de la Marca,08,09,Barcelona,ES511,8:64,nombre,L01080654,P0806400H,41.325582,1.618353,La Múnia
08066,7,Castellví de Rosanes,08,09,Barcelona,ES511,8:65,nombre,L01080667,P0806500E,41.450565,1.899209,Castellví de Rosanes
08067,3,Centelles,08,09,Barcelona,ES511,8:66,nombre,L01080673,P0806600C,41.79563,2.22523,Centelles
08068,9,Cervelló,08,09,Barcelona,ES511,8:67,nombre,L01080689,P0806700A,41.394586,1.958694,Cervelló
08069,2,Collbató,08,09,Barcelona,ES511,8:68,nombre,L01080692,P0806800I,41.567606,1.828674,Collbató
08070,6,Collsuspina,08,09,Barcelona,ES511,8:69,nombre,L01080706,P0806900G,41.825869,2.174094,Collsuspina
08071,3,Copons,08,09,Barcelona,ES511,8:70,nombre,L01080713,P0807000E,41.635976,1.518583,Copons
08072,8,Corbera de Llobregat,08,09,Barcelona,ES511,8:71,nombre,L01080728,P0807100C,41.41923,1.920226,Corbera de Llobregat
08073,4,Cornellà de Llobregat,08,09,Barcelona,ES511,8:72,nombre,L01080734,P0807200A,41.358115,2.075801,Cornellà de Llobregat
08074,9,Cubelles,08,09,Barcelona,ES511,8:73,nombre,L01080749,P0807300I,41.208277,1.675769,Cubelles
08075,2,Dosrius,08,09,Barcelona,ES511,8:74,nombre,L01080752,P0807400G,41.59523,2.406881,Dosrius
08076,5,Esparreguera,08,09,Barcelona,ES511,8:75,nombre,L01080765,P0807500D,41.539588,1.870112,Esparreguera
08077,1,Esplugues de Llobregat,08,09,Barcelona,ES511,8:76,nombre,L01080771,P0807600B,41.377846,2.091161,Esplugues de Llobregat
08078,7,"Espunyola, L'",08,09,Barcelona,ES511,8:77,nombre,L01080787,P0807700J,42.05906,1.767387,Sants Metges
08079,0,"Estany, L'",08,09,Barcelona,ES511,8:78,nombre,L01080790,P0807800H,41.869571,2.114289,L'Estany
08080,4,Fígols,08,09,Barcelona,ES511,8:79,nombre,L01080804,P0807900F,,,
08081,1,Fogars de Montclús,08,09,Barcelona,ES511,8:80,nombre,L01080811,P0808000D,41.726463,2.44123,Mosqueroles
08082,6,Fogars de la Selva,08,09,Barcelona,ES511,8:81,nombre,L01080826,P0808100B,,,
08083,2,Folgueroles,08,09,Barcelona,ES511,8:82,nombre,L01080832,P0808200J,41.938105,2.314384,Folgueroles
08084,7,Fonollosa,08,09,Barcelona,ES511,8:83,nombre,L01080847,P0808300H,41.764102,1.662839,Fonollosa
08085,0,Font-rubí,08,09,Barcelona,ES511,8:84,nombre,L01080850,P0808400F,41.415306,1.64971,Guardiola de Font-rubí
08086,3,"Franqueses del Vallès, Les",08,09,Barcelona,ES511,8:85,nombre,L01080863,P0808500C,41.632538,2.298603,Corró d'Avall
08087,9,Gallifa,08,09,Barcelona,ES511,8:86,nombre,L01080879,P0808600A,41.693113,2.116135,Gallifa
08088,5,"Garriga, La",08,09,Barcelona,ES511,8:87,nombre,L01080885,P0808700I,41.680057,2.284669,La Garriga
08089,8,Gavà,08,09,Barcelona,ES511,8:88,nombre,L01080898,P0808800G,41.30454,2.003306,Gavà
08090,2,Gaià,08,09,Barcelona,ES511,8:89,nombre,L01080902,P0808900E,41.911017,1.920312,Gaià
08091,9,Gelida,08,09,Barcelona,ES511,8:90,nombre,L01080919,P0809000C,41.440182,1.866517,Gelida
08092,4,Gironella,08,09,Barcelona,ES511,8:91,nombre,L01080924,P0809100A,42.035312,1.881383,Gironella
08093,0,Gisclareny,08,09,Barcelona,ES511,8:92,nombre,L01080930,P0809200I,,,
08094,5,"Granada, La",08,09,Barcelona,ES511,8:93,nombre,L01080945,P0809300G,41.375766,1.717894,La Granada
08095,8,Granera,08,09,Barcelona,ES511,8:94,nombre,L01080958,P0809400E,41.727606,2.058816,Granera
08096,1,Granollers,08,09,Barcelona,ES511,8:95,nombre,L01080961,P0809500B,41.602521,2.285682,Granollers
08097,7,Gualba,08,09,Barcelona,ES511,8:96,nombre,L01080977,P0809600J,41.731457,2.502495,Gualba
08098,3,Sant Salvador de Guardiola,08,09,Barcelona,ES511,8:97,nombre,L01080983,P0809700H,41.678592,1.767757,Sant Salvador de Guardiola
08099,6,Guardiola de Berguedà,08,09,Barcelona,ES511,8:98,nombre,L01080996,P0809800F,42.231556,1.879652,Guardiola de Berguedà
08100,0,Gurb,08,09,Barcelona,ES511,8:99,nombre,L01081000,P0809900D,41.945419,2.240435,Gurb
08101,7,"Hospitalet de Llobregat, L'",08,09,Barcelona,ES511,8:100,punto,L01081017,P0810000J,41.36383,2.111387,L'Hospitalet de Llobregat
08102,2,Igualada,08,09,Barcelona,ES511,8:101,nombre,L01081022,P0810100H,41.585778,1.620278,Igualada
08103,8,Jorba,08,09,Barcelona,ES511,8:102,nombre,L01081038,P0810200F,41.60196,1.542378,Jorba
08104,3,"Llacuna, La",08,09,Barcelona,ES511,8:103,nombre,L01081043,P0810300D,41.470799,1.532163,La Llacuna
08105,6,"Llagosta, La",08,09,Barcelona,ES511,8:104,nombre,L01081056,P0810400B,41.513783,2.197941,La Llagosta
08106,9,Llinars del Vallès,08,09,Barcelona,ES511,8:105,nombre,L01081069,P0810500I,41.638525,2.394909,Llinars del Vallès
08107,5,Lliçà d'Amunt,08,09,Barcelona,ES511,8:106,nombre,L01081075,P0810600G,41.609463,2.240272,Lliçà d'Amunt
08108,1,Lliçà de Vall,08,09,Barcelona,ES511,8:107,nombre,L01081081,P0810700E,41.589577,2.242225,Lliçà de Vall
08109,4,Lluçà,08,09,Barcelona,ES511,8:108,nombre,L01081094,P0810800C,42.067169,2.073397,Santa Eulàlia de Puig-oriol
08110,8,Malgrat de Mar,08,09,Barcelona,ES511,8:109,nombre,L01081108,P0810900A,41.647518,2.746068,Malgrat de Mar
08111,5,Malla,08,09,Barcelona,ES511,8:110,nombre,L01081115,P0811000I,,,
08112,0,Manlleu,08,09,Barcelona,ES511,8:111,nombre,L01081120,P0811100G,42.005009,2.287174,Manlleu
08113,6,Manresa,08,09,Barcelona,ES511,8:112,nombre,L01081136,P0811200E,41.72985,1.829498,Manresa
08114,1,Martorell,08,09,Barcelona,ES511,8:113,nombre,L01081141,P0811300C,41.486608,1.910321,Martorell
08115,4,Martorelles,08,09,Barcelona,ES511,8:114,nombre,L01081154,P0811400A,41.531549,2.229363,Martorelles
08116,7,"Masies de Roda, Les",08,09,Barcelona,ES511,8:115,nombre,L01081167,P0811500H,41.989767,2.318207,Les Cases Noves
08117,3,"Masies de Voltregà, Les",08,09,Barcelona,ES511,8:116,nombre,L01081173,P0811600F,41.994922,2.240288,La Gleva
08118,9,"Masnou, El",08,09,Barcelona,ES511,8:117,nombre,L01081189,P0811700D,41.481563,2.318028,El Masnou
08119,2,Masquefa,08,09,Barcelona,ES511,8:118,nombre,L01081192,P0811800B,41.501224,1.813972,Masquefa
08120,6,Matadepera,08,09,Barcelona,ES511,8:119,nombre,L01081206,P0811900J,41.598674,2.027239,Matadepera
08121,3,Mataró,08,09,Barcelona,ES511,8:120,nombre,L01081213,P0812000H,41.539139,2.436827,Mataró
08122,8,Mediona,08,09,Barcelona,ES511,8:121,nombre,L01081228,P0812100F,41.477168,1.61331,Sant Joan de Mediona
08123,4,Molins de Rei,08,09,Barcelona,ES511,8:122,nombre,L01081234,P0812200D,41.411361,2.021683,Molins de Rei
08124,9,Mollet del Vallès,08,09,Barcelona,ES511,8:123,nombre,L01081249,P0812300B,41.54084,2.213524,Mollet del Vallès
08125,2,Montcada i Reixac,08,09,Barcelona,ES511,8:124,nombre,L01081252,P0812400J,41.478634,2.187134,Montcada
08126,5,Montgat,08,09,Barcelona,ES511,8:125,nombre,L01081265,P0812500G,41.465385,2.277806,Montgat
08127,1,Monistrol de Montserrat,08,09,Barcelona,ES511,8:126,nombre,L01081271,P0812600E,41.610849,1.842701,Monistrol de Montserrat
08128,7,Monistrol de Calders,08,09,Barcelona,ES511,8:127,nombre,L01081287,P0812700C,41.760293,2.016349,Monistrol de Calders
08129,0,Muntanyola,08,09,Barcelona,ES511,8:128,nombre,L01081290,P0812800A,41.873973,2.182138,Fontanelles
08130,4,Montclar,08,09,Barcelona,ES511,8:129,nombre,L01081304,P0812900I,42.017499,1.762707,Montclar
08131,1,Montesquiu,08,09,Barcelona,ES511,8:130,nombre,L01081311,P0813000G,42.109631,2.207863,Montesquiu
08132,6,Montmajor,08,09,Barcelona,ES511,8:131,nombre,L01081326,P0813100E,42.018495,1.73554,Montmajor
08133,2,Montmaneu,08,09,Barcelona,ES511,8:132,nombre,L01081332,P0813200C,41.625346,1.417075,Montmaneu
08134,7,Figaró-Montmany,08,09,Barcelona,ES511,8:133,nombre,L01081347,P0813300A,41.721821,2.2728,Figaró
08135,0,Montmeló,08,09,Barcelona,ES511,8:134,nombre,L01081350,P0813400I,41.550521,2.246087,Montmeló
08136,3,Montornès del Vallès,08,09,Barcelona,ES511,8:135,nombre,L01081363,P0813500F,41.540582,2.265776,Montornès del Vallès
08137,9,Montseny,08,09,Barcelona,ES511,8:136,nombre,L01081379,P0813600D,41.756868,2.399976,Montseny
08138,5,Moià,08,09,Barcelona,ES511,8:137,nombre,L01081385,P0813700B,41.809697,2.097581,Moià
08139,8,Mura,08,09,Barcelona,ES511,8:138,nombre,L01081398,P0813800J,41.701213,1.976016,Mura
08140,2,Navarcles,08,09,Barcelona,ES511,8:139,nombre,L01081402,P0813900H,41.75349,1.907202,Navarcles
08141,9,Navàs,08,09,Barcelona,ES511,8:140,nombre,L01081419,P0814000F,41.89943,1.87603,Navàs
08142,4,"Nou de Berguedà, La",08,09,Barcelona,ES511,8:141,nombre,L01081424,P0814100D,42.16595,1.884126,La Nou de Berguedà
08143,0,Òdena,08,09,Barcelona,ES511,8:142,nombre,L01081430,P0814200B,41.605785,1.642115,Òdena
08144,5,Olvan,08,09,Barcelona,ES511,8:143,nombre,L01081445,P0814300J,42.057319,1.906965,Olvan
08145,8,Olèrdola,08,09,Barcelona,ES511,8:144,nombre,L01081458,P0814400H,41.319949,1.721495,Sant Miquel d'Olèrdola
08146,1,Olesa de Bonesvalls,08,09,Barcelona,ES511,8:145,nombre,L01081461,P0814500E,41.35205,1.849676,Olesa de Bonesvalls
08147,7,Olesa de Montserrat,08,09,Barcelona,ES511,8:146,nombre,L01081477,P0814600C,41.545704,1.887782,Olesa de Montserrat
08148,3,Olivella,08,09,Barcelona,ES511,8:147,nombre,L01081483,P0814700A,41.310097,1.811654,Olivella
08149,6,Olost,08,09,Barcelona,ES511,8:148,nombre,L01081496,P0814800I,41.984926,2.094421,Olost
08150,9,Orís,08,09,Barcelona,ES511,8:149,nombre,L01081509,P0814900G,42.056934,2.245502,la Colònia Imbern
08151,6,Oristà,08,09,Barcelona,ES511,8:150,nombre,L01081516,P0815000E,41.933306,2.062885,Oristà
08152,1,Orpí,08,09,Barcelona,ES511,8:151,nombre,L01081521,P0815100C,41.528616,1.606555,Can Bou
08153,7,Òrrius,08,09,Barcelona,ES511,8:152,nombre,L01081537,P0815200A,41.555158,2.357047,Òrrius
08154,2,Pacs del Penedès,08,09,Barcelona,ES511,8:153,nombre,L01081542,P0815300I,41.361414,1.668755,Pacs del Penedès
08155,5,Palafolls,08,09,Barcelona,ES511,8:154,nombre,L01081555,P0815400G,41.668054,2.75068,Palafolls
08156,8,Palau-solità i Plegamans,08,09,Barcelona,ES511,8:155,nombre,L01081568,P0815500D,41.58727,2.178213,Palau-solità i Plegamans
08157,4,Pallejà,08,09,Barcelona,ES511,8:156,nombre,L01081574,P0815600B,41.421031,1.997878,Pallejà
08158,0,"Papiol, El",08,09,Barcelona,ES511,8:157,nombre,L01081580,P0815700J,41.434077,2.011728,El Papiol
08159,3,Parets del Vallès,08,09,Barcelona,ES511,8:158,nombre,L01081593,P0815800H,41.573224,2.234483,Parets del Vallès
08160,7,Perafita,08,09,Barcelona,ES511,8:159,nombre,L01081607,P0815900F,42.043588,2.110623,Perafita
08161,4,Piera,08,09,Barcelona,ES511,8:160,nombre,L01081614,P0816000D,41.525372,1.749288,Piera
08162,9,"Hostalets de Pierola, Els",08,09,Barcelona,ES511,8:161,nombre,L01081629,P0816100B,41.534085,1.769717,Els Hostalets de Pierola
08163,5,Pineda de Mar,08,09,Barcelona,ES511,8:162,nombre,L01081635,P0816200J,41.624795,2.688284,Pineda de Mar
08164,0,"Pla del Penedès, El",08,09,Barcelona,ES511,8:163,nombre,L01081640,P0816300H,41.417513,1.710871,El Pla del Penedès
08165,3,"Pobla de Claramunt, La",08,09,Barcelona,ES511,8:164,nombre,L01081653,P0816400F,41.553943,1.676497,La Pobla de Claramunt
08166,6,"Pobla de Lillet, La",08,09,Barcelona,ES511,8:165,nombre,L01081666,P0816500C,42.245854,1.974691,La Pobla de Lillet
08167,2,Polinyà,08,09,Barcelona,ES511,8:166,nombre,L01081672,P0816600A,41.558677,2.153116,Polinyà
08168,8,Pontons,08,09,Barcelona,ES511,8:167,nombre,L01081688,P0816700I,41.414752,1.51803,Pontons
08169,1,"Prat de Llobregat, El",08,09,Barcelona,ES511,8:168,nombre,L01081691,P0816800G,41.303658,2.079322,El Prat de Llobregat
08170,5,"Prats de Rei, Els",08,09,Barcelona,ES511,8:169,nombre,L01081705,P0816900E,41.705802,1.541924,Els Prats de Rei
08171,2,Prats de Lluçanès,08,09,Barcelona,ES511,8:170,nombre,L01081712,P0817000C,42.009301,2.031479,Prats de Lluçanès
08172,7,Premià de Mar,08,09,Barcelona,ES511,8:171,nombre,L01081727,P0817100A,41.491999,2.358246,Premià de Mar
08174,8,Puigdàlber,08,09,Barcelona,ES511,8:173,nombre,L01081748,P0817300G,41.404107,1.700702,Puigdàlber
08175,1,Puig-reig,08,09,Barcelona,ES511,8:174,nombre,L01081751,P0817400E,41.974334,1.879726,Puig-reig
08176,4,Pujalt,08,09,Barcelona,ES511,8:175,nombre,L01081764,P0817500B,41.71561,1.425073,Pujalt
08177,0,"Quar, La",08,09,Barcelona,ES511,8:176,nombre,L01081770,P0817600J,,,
08178,6,Rajadell,08,09,Barcelona,ES511,8:177,nombre,L01081786,P0817700H,41.729816,1.70923,Rajadell
08179,9,Rellinars,08,09,Barcelona,ES511,8:178,nombre,L01081799,P0817800F,41.634161,1.907441,Rellinars
08180,3,Ripollet,08,09,Barcelona,ES511,8:179,nombre,L01081803,P0817900D,41.500022,2.156831,Ripollet
08181,0,"Roca del Vallès, La",08,09,Barcelona,ES511,8:180,nombre,L01081810,P0818000B,41.586621,2.323562,La Roca del Vallès
08182,5,"Pont de Vilomara i Rocafort, El",08,09,Barcelona,ES511,8:181,nombre,L01081825,P0818100J,41.701167,1.874416,El Pont de Vilomara
08183,1,Roda de Ter,08,09,Barcelona,ES511,8:182,nombre,L01081831,P0818200H,41.983291,2.310952,Roda de Ter
08184,6,Rubí,08,09,Barcelona,ES511,8:183,nombre,L01081846,P0818300F,41.493091,2.040456,Rubí
08185,9,Rubió,08,09,Barcelona,ES511,8:184,nombre,L01081859,P0818400D,,,
08187,8,Sabadell,08,09,Barcelona,ES511,8:186,nombre,L01081878,P0818600I,41.540248,2.104907,Sabadell
08188,4,Sagàs,08,09,Barcelona,ES511,8:187,nombre,L01081884,P0818700G,,,
08189,7,Sant Pere Sallavinera,08,09,Barcelona,ES511,8:188,nombre,L01081897,P0818800E,41.735883,1.575966,Sant Pere Sallavinera
08190,1,Saldes,08,09,Barcelona,ES511,8:189,nombre,L01081901,P0818900C,42.228099,1.734413,Saldes
08191,8,Sallent,08,09,Barcelona,ES511,8:190,nombre,L01081918,P0819000A,41.825662,1.894398,Sallent
08192,3,Santpedor,08,09,Barcelona,ES511,8:191,nombre,L01081923,P0819100I,41.782466,1.839649,Santpedor
08193,9,Sant Iscle de Vallalta,08,09,Barcelona,ES511,8:192,nombre,L01081939,P0819200G,41.626936,2.565425,Sant Iscle de Vallalta
08194,4,Sant Adrià de Besòs,08,09,Barcelona,ES511,8:193,nombre,L01081944,P0819300E,41.422302,2.222386,Sant Adrià de Besòs
08195,7,Sant Agustí de Lluçanès,08,09,Barcelona,ES511,8:194,nombre,L01081957,P0819400C,42.086905,2.127447,Sant Agustí de Lluçanès
08196,0,Sant Andreu de la Barca,08,09,Barcelona,ES511,8:195,nombre,L01081960,P0819500J,41.453474,1.964903,Sant Andreu de la Barca
08197,6,Sant Andreu de Llavaneres,08,09,Barcelona,ES511,8:196,nombre,L01081976,P0819600H,41.574439,2.485582,Sant Andreu de Llavaneres
08198,2,Sant Antoni de Vilamajor,08,09,Barcelona,ES511,8:197,nombre,L01081982,P0819700F,41.672002,2.398256,Sant Antoni de Vilamajor
08199,5,Sant Bartomeu del Grau,08,09,Barcelona,ES511,8:198,nombre,L01081995,P0819800D,41.984814,2.173417,Sant Bartomeu del Grau
08200,9,Sant Boi de Llobregat,08,09,Barcelona,ES511,8:199,nombre,L01082009,P0819900B,41.340574,2.032493,Sant Boi de Llobregat
08201,6,Sant Boi de Lluçanès,08,09,Barcelona,ES511,8:200,nombre,L01082016,P0820000H,42.059615,2.150199,Sant Boi de Lluçanès
08202,1,Sant Celoni,08,09,Barcelona,ES511,8:201,nombre,L01082021,P0820100F,41.6869,2.491137,Sant Celoni
08203,7,Sant Cebrià de Vallalta,08,09,Barcelona,ES511,8:202,nombre,L01082037,P0820200D,41.61961,2.600708,Sant Cebrià de Vallalta
08204,2,Sant Climent de Llobregat,08,09,Barcelona,ES511,8:203,nombre,L01082042,P0820300B,41.337369,1.998951,Sant Climent de Llobregat
08205,5,Sant Cugat del Vallès,08,09,Barcelona,ES511,8:204,nombre,L01082055,P0820400J,41.478968,2.070526,Sant Cugat del Vallès
08206,8,Sant Cugat Sesgarrigues,08,09,Barcelona,ES511,8:205,nombre,L01082068,P0820500G,41.363918,1.754961,Sant Cugat Sesgarrigues
08207,4,Sant Esteve de Palautordera,08,09,Barcelona,ES511,8:206,nombre,L01082074,P0820600E,41.70508,2.430958,Sant Esteve de Palautordera
08208,0,Sant Esteve Sesrovires,08,09,Barcelona,ES511,8:207,nombre,L01082080,P0820700C,41.4936,1.871497,Sant Esteve Sesrovires
08209,3,Sant Fost de Campsentelles,08,09,Barcelona,ES511,8:208,nombre,L01082093,P0820800A,41.518627,2.233648,Sant Fost de Campsentelles
08210,7,Sant Feliu de Codines,08,09,Barcelona,ES511,8:209,nombre,L01082107,P0820900I,41.691258,2.166553,Sant Feliu de Codines
08211,4,Sant Feliu de Llobregat,08,09,Barcelona,ES511,8:210,nombre,L01082114,P0821000G,41.386378,2.047432,Sant Feliu de Llobregat
08212,9,Sant Feliu Sasserra,08,09,Barcelona,ES511,8:211,nombre,L01082129,P0821100E,41.945948,2.01942,Sant Feliu Sasserra
08213,5,Sant Fruitós de Bages,08,09,Barcelona,ES511,8:212,nombre,L01082135,P0821200C,41.751233,1.87392,Sant Fruitós de Bages
08214,0,Vilassar de Dalt,08,09,Barcelona,ES511,8:213,nombre,L01082140,P0821300A,41.515281,2.360095,Vilassar de Dalt
08215,3,Sant Hipòlit de Voltregà,08,09,Barcelona,ES511,8:214,nombre,L01082153,P0821400I,42.015316,2.238113,Sant Hipòlit de Voltregà
08216,6,Sant Jaume de Frontanyà,08,09,Barcelona,ES511,8:215,nombre,L01082166,P0821500F,,,
08217,2,Sant Joan Despí,08,09,Barcelona,ES511,8:216,nombre,L01082172,P0821600D,41.369313,2.064953,Sant Joan Despí
08218,8,Sant Joan de Vilatorrada,08,09,Barcelona,ES511,8:225,nombre,L01082188,P0822500E,41.747614,1.80397,Sant Joan de Vilatorrada
08219,1,Vilassar de Mar,08,09,Barcelona,ES511,8:217,nombre,L01082191,P0821700B,41.505059,2.391156,Vilassar de Mar
08220,5,Sant Julià de Vilatorta,08,09,Barcelona,ES511,8:218,nombre,L01082205,P0821800J,41.925321,2.322753,Sant Julià de Vilatorta
08221,2,Sant Just Desvern,08,09,Barcelona,ES511,8:219,nombre,L01082212,P0821900H,41.385606,2.076143,Sant Just Desvern
08222,7,Sant Llorenç d'Hortons,08,09,Barcelona,ES511,8:220,nombre,L01082227,P0822000F,41.464189,1.82526,Sant Llorenç d'Hortons
08223,3,Sant Llorenç Savall,08,09,Barcelona,ES511,8:221,nombre,L01082233,P0822100D,41.678695,2.060672,Sant Llorenç Savall
08224,8,Sant Martí de Centelles,08,09,Barcelona,ES511,8:222,nombre,L01082248,P0822200B,41.764437,2.250718,L'Abella
08225,1,Sant Martí d'Albars,08,09,Barcelona,ES511,8:223,nombre,L01082251,P0822300J,42.028279,2.074061,Sant Martí d'Albars
08226,4,Sant Martí de Tous,08,09,Barcelona,ES511,8:226,nombre,L01082264,P0822600C,41.560947,1.522524,Sant Martí de Tous
08227,0,Sant Martí Sarroca,08,09,Barcelona,ES511,8:227,nombre,L01082270,P0822700A,41.386606,1.61196,Sant Martí Sarroca
08228,6,Sant Martí Sesgueioles,08,09,Barcelona,ES511,8:228,nombre,L01082286,P0822800I,41.70145,1.489084,Sant Martí Sesgueioles
08229,9,Sant Mateu de Bages,08,09,Barcelona,ES511,8:229,nombre,L01082299,P0822900G,41.793228,1.729682,Sant Mateu de Bages
08230,3,Premià de Dalt,08,09,Barcelona,ES511,8:230,nombre,L01082303,P0823000E,41.505927,2.343728,Premià de Dalt
08231,0,Sant Pere de Ribes,08,09,Barcelona,ES511,8:231,nombre,L01082310,P0823100C,41.260439,1.774195,Sant Pere de Ribes
08232,5,Sant Pere de Riudebitlles,08,09,Barcelona,ES511,8:232,nombre,L01082325,P0823200A,41.450732,1.702008,Sant Pere de Riudebitlles
08233,1,Sant Pere de Torelló,08,09,Barcelona,ES511,8:233,nombre,L01082331,P0823300I,42.073998,2.293232,Sant Pere de Torelló
08234,6,Sant Pere de Vilamajor,08,09,Barcelona,ES511,8:234,nombre,L01082346,P0823400G,41.683109,2.389734,Sant Pere de Vilamajor
08235,9,Sant Pol de Mar,08,09,Barcelona,ES511,8:235,nombre,L01082359,P0823500D,41.604135,2.622295,Sant Pol de Mar
08236,2,Sant Quintí de Mediona,08,09,Barcelona,ES511,8:236,nombre,L01082362,P0823600B,41.464516,1.666352,Sant Quintí de Mediona
08237,8,Sant Quirze de Besora,08,09,Barcelona,ES511,8:237,nombre,L01082378,P0823700J,42.101828,2.217369,Sant Quirze de Besora
08238,4,Sant Quirze del Vallès,08,09,Barcelona,ES511,8:238,nombre,L01082384,P0823800H,41.530528,2.081152,Sant Quirze del Vallès
08239,7,Sant Quirze Safaja,08,09,Barcelona,ES511,8:239,nombre,L01082397,P0823900F,41.73062,2.146937,Sant Quirze Safaja
08240,1,Sant Sadurní d'Anoia,08,09,Barcelona,ES511,8:240,nombre,L01082401,P0824000D,41.428182,1.7866,Sant Sadurní d'Anoia
08241,8,Sant Sadurní d'Osormort,08,09,Barcelona,ES511,8:241,nombre,L01082418,P0824100B,,,
08242,3,Marganell,08,09,Barcelona,ES511,8:242,nombre,L01082423,P0824200J,41.642526,1.790257,Marganell
08243,9,Santa Cecília de Voltregà,08,09,Barcelona,ES511,8:243,nombre,L01082439,P0824300H,,,
08244,4,Santa Coloma de Cervelló,08,09,Barcelona,ES511,8:244,nombre,L01082444,P0824400F,41.368337,2.019338,Santa Coloma de Cervelló
08245,7,Santa Coloma de Gramenet,08,09,Barcelona,ES511,8:245,nombre,L01082457,P0824500C,41.450533,2.211863,Santa Coloma de Gramenet
08246,0,Santa Eugènia de Berga,08,09,Barcelona,ES511,8:246,nombre,L01082460,P0824600A,41.90253,2.281247,Santa Eugènia de Berga
08247,6,Santa Eulàlia de Riuprimer,08,09,Barcelona,ES511,8:247,nombre,L01082476,P0824700I,41.910732,2.188639,Santa Eulàlia de Riuprimer
08248,2,Santa Eulàlia de Ronçana,08,09,Barcelona,ES511,8:248,nombre,L01082482,P0824800G,41.654562,2.223307,La Sagrera
08249,5,Santa Fe del Penedès,08,09,Barcelona,ES511,8:249,nombre,L01082495,P0824900E,41.384257,1.720973,Santa Fe del Penedès
08250,8,Santa Margarida de Montbui,08,09,Barcelona,ES511,8:250,nombre,L01082508,P0825000C,41.571873,1.606678,Santa Margarida de Montbui
08251,5,Santa Margarida i els Monjos,08,09,Barcelona,ES511,8:251,nombre,L01082515,P0825100A,41.317064,1.659746,Els Monjos
08252,0,Barberà del Vallès,08,09,Barcelona,ES511,8:252,nombre,L01082520,P0825200I,41.515255,2.124202,Barberà del Vallès
08253,6,Santa Maria de Besora,08,09,Barcelona,ES511,8:253,nombre,L01082536,P0825300G,42.127247,2.258414,Santa Maria de Besora
08254,1,"Esquirol, L'",08,09,Barcelona,ES511,8:254,nombre,L01082541,P0825400E,42.035712,2.366513,L'Esquirol
08255,4,Santa Maria de Merlès,08,09,Barcelona,ES511,8:255,nombre,L01082554,P0825500B,,,
08256,7,Santa Maria de Martorelles,08,09,Barcelona,ES511,8:256,nombre,L01082567,P0825600J,41.520387,2.254346,Santa Maria de Martorelles
08257,3,Santa Maria de Miralles,08,09,Barcelona,ES511,8:257,nombre,L01082573,P0825700H,41.518356,1.51869,Santa Maria de Miralles
08258,9,Santa Maria d'Oló,08,09,Barcelona,ES511,8:258,nombre,L01082589,P0825800F,41.876478,2.035473,Santa Maria d'Oló
08259,2,Santa Maria de Palautordera,08,09,Barcelona,ES511,8:259,nombre,L01082592,P0825900D,41.69595,2.444816,Santa Maria de Palautordera
08260,6,Santa Perpètua de Mogoda,08,09,Barcelona,ES511,8:260,nombre,L01082606,P0826000B,41.536823,2.18432,Santa Perpètua de Mogoda
08261,3,Santa Susanna,08,09,Barcelona,ES511,8:261,nombre,L01082613,P0826100J,41.642079,2.712197,Santa Susanna
08262,8,Sant Vicenç de Castellet,08,09,Barcelona,ES511,8:262,nombre,L01082628,P0826200H,41.668365,1.862874,Sant Vicenç de Castellet
08263,4,Sant Vicenç dels Horts,08,09,Barcelona,ES511,8:263,nombre,L01082634,P0826300F,41.39176,2.000381,Sant Vicenç dels Horts
08264,9,Sant Vicenç de Montalt,08,09,Barcelona,ES511,8:264,nombre,L01082649,P0826400D,41.579673,2.512562,Sant Vicenç de Montalt
08265,2,Sant Vicenç de Torelló,08,09,Barcelona,ES511,8:265,nombre,L01082652,P0826500A,42.061292,2.272964,Sant Vicenç de Torelló
08266,5,Cerdanyola del Vallès,08,09,Barcelona,ES511,8:266,nombre,L01082665,P0826600I,41.490493,2.121762,Cerdanyola del Vallès
08267,1,Sentmenat,08,09,Barcelona,ES511,8:267,nombre,L01082671,P0826700G,41.60754,2.140013,Sentmenat
08268,7,Cercs,08,09,Barcelona,ES511,8:268,nombre,L01082687,P0826800E,42.145777,1.861067,Cercs
08269,0,Seva,08,09,Barcelona,ES511,8:269,nombre,L01082690,P0826900C,41.836167,2.28235,Seva
08270,4,Sitges,08,09,Barcelona,ES511,8:270,nombre,L01082704,P0827000A,41.23707,1.808021,Sitges
08271,1,Sobremunt,08,09,Barcelona,ES511,8:271,nombre,L01082711,P0827100I,42.035351,2.164625,Sobremunt
08272,6,Sora,08,09,Barcelona,ES511,8:272,nombre,L01082726,P0827200G,42.111378,2.160185,Sora
08273,2,Subirats,08,09,Barcelona,ES511,8:273,nombre,L01082732,P0827300E,41.382701,1.795807,Sant Pau d'Ordal
08274,7,Súria,08,09,Barcelona,ES511,8:274,nombre,L01082747,P0827400C,41.830964,1.754034,Súria
08275,0,Tavèrnoles,08,09,Barcelona,ES511,8:275,nombre,L01082750,P0827500J,41.957876,2.326142,Tavèrnoles
08276,3,Tagamanent,08,09,Barcelona,ES511,8:276,nombre,L01082763,P0827600H,41.740316,2.266886,La Pedralba
08277,9,Talamanca,08,09,Barcelona,ES511,8:277,nombre,L01082779,P0827700F,41.735774,1.97473,Talamanca
08278,5,Taradell,08,09,Barcelona,ES511,8:278,nombre,L01082785,P0827800D,41.872353,2.285296,Taradell
08279,8,Terrassa,08,09,Barcelona,ES511,8:279,nombre,L01082798,P0827900B,41.557695,2.016902,Terrassa
08280,2,Tavertet,08,09,Barcelona,ES511,8:280,nombre,L01082802,P0828000J,41.995539,2.41815,Tavertet
08281,9,Teià,08,09,Barcelona,ES511,8:281,nombre,L01082819,P0828100H,41.498563,2.322162,Sector Riera Dret
08282,4,Tiana,08,09,Barcelona,ES511,8:282,nombre,L01082824,P0828200F,41.482469,2.266121,Tiana
08283,0,Tona,08,09,Barcelona,ES511,8:283,nombre,L01082830,P0828300D,41.85271,2.22818,Tona
08284,5,Tordera,08,09,Barcelona,ES511,8:284,nombre,L01082845,P0828400B,41.69642,2.717268,Tordera
08285,8,Torelló,08,09,Barcelona,ES511,8:285,nombre,L01082858,P0828500I,42.047772,2.266416,Torelló
08286,1,"Torre de Claramunt, La",08,09,Barcelona,ES511,8:286,nombre,L01082861,P0828600G,41.535164,1.662396,La Torre de Claramunt
08287,7,Torrelavit,08,09,Barcelona,ES511,8:287,nombre,L01082877,P0828700E,41.44805,1.729313,Lavit
08288,3,Torrelles de Foix,08,09,Barcelona,ES511,8:288,nombre,L01082883,P0828800C,41.387213,1.573939,Torrelles de Foix
08289,6,Torrelles de Llobregat,08,09,Barcelona,ES511,8:289,nombre,L01082896,P0828900A,41.356988,1.982079,Torrelles de Llobregat
08290,0,Ullastrell,08,09,Barcelona,ES511,8:290,nombre,L01082900,P0829000I,41.525788,1.960194,Ullastrell
08291,7,Vacarisses,08,09,Barcelona,ES511,8:291,nombre,L01082917,P0829100G,41.60297,1.92175,Vacarisses
08292,2,Vallbona d'Anoia,08,09,Barcelona,ES511,8:292,nombre,L01082922,P0829200E,41.522159,1.710128,Vallbona d'Anoia
08293,8,Vallcebre,08,09,Barcelona,ES511,8:293,nombre,L01082938,P0829300C,42.204828,1.818075,Vallcebre
08294,3,Vallgorguina,08,09,Barcelona,ES511,8:295,nombre,L01082943,P0829500H,41.647383,2.511359,Vallgorguina
08295,6,Vallirana,08,09,Barcelona,ES511,8:296,nombre,L01082956,P0829600F,41.388502,1.935756,Vallirana
08296,9,Vallromanes,08,09,Barcelona,ES511,8:297,nombre,L01082969,P0829700D,41.531056,2.308909,Vallromanes
08297,5,Veciana,08,09,Barcelona,ES511,8:298,nombre,L01082975,P0829800B,41.655843,1.488718,Veciana
08298,1,Vic,08,09,Barcelona,ES511,8:299,nombre,L01082981,P0829900J,41.932962,2.258488,Vic
08299,4,Vilada,08,09,Barcelona,ES511,8:300,nombre,L01082994,P0830000F,42.137465,1.93301,Vilada
08300,8,Viladecavalls,08,09,Barcelona,ES511,8:301,nombre,L01083008,P0830100D,41.556782,1.954303,Viladecavalls
08301,5,Viladecans,08,09,Barcelona,ES511,8:302,nombre,L01083015,P0830200B,41.314066,2.010434,Viladecans
08302,0,Vilanova del Camí,08,09,Barcelona,ES511,8:303,nombre,L01083020,P0830300J,41.571296,1.652024,Vilanova del Camí
08303,6,Vilanova de Sau,08,09,Barcelona,ES511,8:304,nombre,L01083036,P0830400H,41.946252,2.383663,Vilanova de Sau
08304,1,Vilobí del Penedès,08,09,Barcelona,ES511,8:305,nombre,L01083041,P0830500E,41.388897,1.66379,Vilobí del Penedès
08305,4,Vilafranca del Penedès,08,09,Barcelona,ES511,8:306,nombre,L01083054,P0830600C,41.346497,1.699489,Vilafranca del Penedès
08306,7,Vilalba Sasserra,08,09,Barcelona,ES511,8:307,nombre,L01083067,P0830700A,41.652108,2.440424,Vilalba Sasserra
08307,3,Vilanova i la Geltrú,08,09,Barcelona,ES511,8:308,nombre,L01083073,P0830800I,41.222466,1.723513,Vilanova i la Geltrú
08308,9,Viver i Serrateix,08,09,Barcelona,ES511,8:309,nombre,L01083089,P0830900G,,,
08901,9,Rupit i Pruit,08,09,Barcelona,ES511,8:185,nombre,L01089019,P0818500A,42.024659,2.466126,Rupit
08902,4,Vilanova del Vallès,08,09,Barcelona,ES511,8:310,nombre,L01089024,P0831000E,41.55132,2.29148,Vilanova del Vallès
08903,0,Sant Julià de Cerdanyola,08,09,Barcelona,ES511,8:311,nombre,L01089030,P0831100C,42.22288,1.891873,Sant Julià de Cerdanyola
08904,5,Badia del Vallès,08,09,Barcelona,ES511,8:312,nombre,L01089045,P0831200A,41.509522,2.113634,Badia del Vallès
08905,8,"Palma de Cervelló, La",08,09,Barcelona,ES511,8:313,nombre,L01089058,P5831301F,41.409674,1.974826,La Palma de Cervelló
09001,1,Abajas,09,07,Burgos,ES412,9:1,nombre,L01090011,P0900100I,42.623105,-3.581213,Abajas
09003,2,Adrada de Haza,09,07,Burgos,ES412,9:3,nombre,L01090032,P0900300E,41.594807,-3.822535,Adrada de Haza
09006,3,Aguas Cándidas,09,07,Burgos,ES412,9:6,nombre,L01090063,P0900600H,42.73099,-3.508606,Río Quintanilla
09007,9,Aguilar de Bureba,09,07,Burgos,ES412,9:7,nombre,L01090079,P0900700F,42.589455,-3.329837,Aguilar de Bureba
09009,8,Albillos,09,07,Burgos,ES412,9:9,nombre,L01090098,P0900900B,42.275289,-3.791881,Albillos
09010,2,Alcocero de Mola,09,07,Burgos,ES412,9:10,nombre,L01090102,P0901000J,42.472893,-3.357209,Alcocero de Mola
09011,9,Alfoz de Bricia,09,07,Burgos,ES412,9:11,nombre,L01090119,P0901100H,42.908293,-3.847201,Barrio de Bricia
09012,4,Alfoz de Santa Gadea,09,07,Burgos,ES412,9:12,nombre,L01090124,P0901200F,42.955604,-3.952107,Santa Gadea de Alfoz
09013,0,Altable,09,07,Burgos,ES412,9:13,nombre,L01090130,P0901300D,42.602804,-3.077252,Altable
09014,5,"Altos, Los",09,07,Burgos,ES412,9:14,nombre,L01090145,P0901400B,42.807061,-3.633289,Dobro
09016,1,Ameyugo,09,07,Burgos,ES412,9:16,nombre,L01090161,P0901600G,42.655527,-3.061521,Ameyugo
09017,7,Anguix,09,07,Burgos,ES412,9:17,nombre,L01090177,P0901700E,41.753809,-3.933898,Anguix
09018,3,Aranda de Duero,09,07,Burgos,ES412,9:18,nombre,L01090183,P0901800C,41.666704,-3.707484,Aranda de Duero
09019,6,Arandilla,09,07,Burgos,ES412,9:19,nombre,L01090196,P0901900A,41.739051,-3.428133,Arandilla
09020,0,Arauzo de Miel,09,07,Burgos,ES412,9:20,nombre,L01090200,P0902000I,41.859254,-3.388211,Arauzo de Miel
09021,7,Arauzo de Salce,09,07,Burgos,ES412,9:21,nombre,L01090217,P0902100G,41.820482,-3.411326,Arauzo de Salce
09022,2,Arauzo de Torre,09,07,Burgos,ES412,9:22,nombre,L01090222,P0902200E,41.798199,-3.423927,Arauzo de Torre
09023,8,Arcos,09,07,Burgos,ES412,9:23,nombre,L01090238,P0902300C,42.263536,-3.753825,Arcos
09024,3,Arenillas de Riopisuerga,09,07,Burgos,ES412,9:24,nombre,L01090243,P0902400A,42.356826,-4.23401,Arenillas de Riopisuerga
09025,6,Arija,09,07,Burgos,ES412,9:26,nombre,L01090256,P0902600F,42.993502,-3.94215,Arija
09026,9,Arlanzón,09,07,Burgos,ES412,9:27,nombre,L01090269,P0902700D,42.322534,-3.460408,Arlanzón
09027,5,Arraya de Oca,09,07,Burgos,ES412,9:28,nombre,L01090275,P0902800B,42.414232,-3.397119,Arraya de Oca
09029,4,Atapuerca,09,07,Burgos,ES412,9:30,nombre,L01090294,P0903000H,42.376431,-3.507184,Atapuerca
09030,8,"Ausines, Los",09,07,Burgos,ES412,9:31,nombre,L01090308,P0903100F,42.227218,-3.598616,Quintanilla
09032,0,Avellanosa de Muñó,09,07,Burgos,ES412,9:33,nombre,L01090320,P0903300B,41.9829,-3.82576,Avellanosa de Muñó
09033,6,Bahabón de Esgueva,09,07,Burgos,ES412,9:34,nombre,L01090336,P0903400J,41.862201,-3.72928,Bahabón de Esgueva
09034,1,"Balbases, Los",09,07,Burgos,ES412,9:35,nombre,L01090341,P0903500G,42.213817,-4.070402,Los Balbases
09035,4,Baños de Valdearados,09,07,Burgos,ES412,9:36,nombre,L01090354,P0903600E,41.770623,-3.555918,Baños de Valdearados
09036,7,Bañuelos de Bureba,09,07,Burgos,ES412,9:37,nombre,L01090367,P0903700C,42.500467,-3.280826,Bañuelos de Bureba
09037,3,Barbadillo de Herreros,09,07,Burgos,ES412,9:38,nombre,L01090373,P0903800A,42.149792,-3.176177,Barbadillo de Herreros
09038,9,Barbadillo del Mercado,09,07,Burgos,ES412,9:39,nombre,L01090389,P0903900I,42.040245,-3.356531,Barbadillo del Mercado
09039,2,Barbadillo del Pez,09,07,Burgos,ES412,9:40,nombre,L01090392,P0904000G,42.119381,-3.229559,Barbadillo del Pez
09041,3,Barrio de Muñó,09,07,Burgos,ES412,9:42,nombre,L01090413,P0904200C,42.175403,-4.007181,Barrio de Muñó
09043,4,"Barrios de Bureba, Los",09,07,Burgos,ES412,9:44,nombre,L01090434,P0904400I,42.645947,-3.39125,Los Barrios de Bureba
09044,9,Barrios de Colina,09,07,Burgos,ES412,9:45,nombre,L01090449,P0904500F,42.395696,-3.458799,Barrios de Colina
09045,2,Basconcillos del Tozo,09,07,Burgos,ES412,9:47,nombre,L01090452,P0904700B,42.70136,-3.988145,Basconcillos del Tozo
09046,5,Bascuñana,09,07,Burgos,ES412,9:48,nombre,L01090465,P0904800J,42.425567,-3.08201,Bascuñana
09047,1,Belbimbre,09,07,Burgos,ES412,9:49,nombre,L01090471,P0904900H,42.168209,-4.012656,Belbimbre
09048,7,Belorado,09,07,Burgos,ES412,9:50,nombre,L01090487,P0905000F,42.419813,-3.193084,Belorado
09050,3,Berberana,09,07,Burgos,ES412,9:52,nombre,L01090503,P0905200B,42.918435,-3.059972,Berberana
09051,0,Berlangas de Roa,09,07,Burgos,ES412,9:53,nombre,L01090510,P0905300J,41.688952,-3.873809,Berlangas de Roa
09052,5,Berzosa de Bureba,09,07,Burgos,ES412,9:54,nombre,L01090525,P0905400H,42.626417,-3.266324,Berzosa de Bureba
09054,6,Bozoó,09,07,Burgos,ES412,9:56,nombre,L01090546,P0905600C,42.727009,-3.086565,Bozoó
09055,9,Brazacorta,09,07,Burgos,ES412,9:57,nombre,L01090559,P0905700A,41.717232,-3.366906,Brazacorta
09056,2,Briviesca,09,07,Burgos,ES412,9:58,nombre,L01090562,P0905800I,42.548792,-3.321457,Briviesca
09057,8,Bugedo,09,07,Burgos,ES412,9:59,nombre,L01090578,P0905900G,42.649487,-3.018717,Bugedo
09058,4,Buniel,09,07,Burgos,ES412,9:60,nombre,L01090584,P0906000E,42.312505,-3.813379,Buniel
09059,7,Burgos,09,07,Burgos,ES412,9:900,nombre,L01090597,P0906100C,42.349128,-3.678558,Burgos
09060,1,Busto de Bureba,09,07,Burgos,ES412,9:62,nombre,L01090601,P0906200A,42.658814,-3.26568,Busto de Bureba
09061,8,Cabañes de Esgueva,09,07,Burgos,ES412,9:63,nombre,L01090618,P0906300I,41.830979,-3.786964,Cabañes de Esgueva
09062,3,Cabezón de la Sierra,09,07,Burgos,ES412,9:64,nombre,L01090623,P0906400G,41.934234,-3.241448,Cabezón de la Sierra
09063,9,Cavia,09,07,Burgos,ES412,9:65,punto,L01090639,P0906500D,42.282563,-3.843832,Cavia
09064,4,Caleruega,09,07,Burgos,ES412,9:66,nombre,L01090644,P0906600B,41.825034,-3.487273,Caleruega
09065,7,Campillo de Aranda,09,07,Burgos,ES412,9:68,nombre,L01090657,P0906800H,41.610799,-3.730584,Campillo de Aranda
09066,0,Campolara,09,07,Burgos,ES412,9:69,nombre,L01090660,P0906900F,42.119367,-3.427509,Campolara
09067,6,Canicosa de la Sierra,09,07,Burgos,ES412,9:70,nombre,L01090676,P0907000D,41.936677,-3.03962,Canicosa de la Sierra
09068,2,Cantabrana,09,07,Burgos,ES412,9:71,nombre,L01090682,P0907100B,42.733711,-3.467467,Cantabrana
09070,9,Carazo,09,07,Burgos,ES412,9:73,nombre,L01090709,P0907300H,41.968574,-3.353641,Carazo
09071,6,Carcedo de Bureba,09,07,Burgos,ES412,9:74,nombre,L01090716,P0907400F,42.578445,-3.498378,Carcedo de Bureba
09072,1,Carcedo de Burgos,09,07,Burgos,ES412,9:75,nombre,L01090721,P0907500C,42.28739,-3.621502,Carcedo de Burgos
09073,7,Cardeñadijo,09,07,Burgos,ES412,9:76,nombre,L01090737,P0907600A,42.300349,-3.666532,Cardeñadijo
09074,2,Cardeñajimeno,09,07,Burgos,ES412,9:77,nombre,L01090742,P0907700I,42.342451,-3.600271,Cardeñajimeno
09075,5,Cardeñuela Riopico,09,07,Burgos,ES412,9:78,nombre,L01090755,P0907800G,42.358949,-3.559466,Cardeñuela Riopico
09076,8,Carrias,09,07,Burgos,ES412,9:79,nombre,L01090768,P0907900E,42.482104,-3.28308,Carrias
09077,4,Cascajares de Bureba,09,07,Burgos,ES412,9:80,nombre,L01090774,P0908000C,42.679391,-3.237573,Cascajares de Bureba
09078,0,Cascajares de la Sierra,09,07,Burgos,ES412,9:81,nombre,L01090780,P0908100A,42.062227,-3.399667,Cascajares de la Sierra
09079,3,Castellanos de Castro,09,07,Burgos,ES412,9:82,nombre,L01090793,P0908200I,42.32835,-4.033235,Castellanos de Castro
09082,9,Castildelgado,09,07,Burgos,ES412,9:85,nombre,L01090829,P0908500B,42.437082,-3.084148,Castildelgado
09083,5,Castil de Peones,09,07,Burgos,ES412,9:86,nombre,L01090835,P0908600J,42.483499,-3.383904,Castil de Peones
09084,0,Castrillo de la Reina,09,07,Burgos,ES412,9:87,nombre,L01090840,P0908700H,41.98588,-3.233679,Castrillo de la Reina
09085,3,Castrillo de la Vega,09,07,Burgos,ES412,9:88,nombre,L01090853,P0908800F,41.65148,-3.779817,Castrillo de la Vega
09086,6,Castrillo del Val,09,07,Burgos,ES412,9:89,nombre,L01090866,P0908900D,42.313737,-3.58319,Castrillo del Val
09088,8,Castrillo de Riopisuerga,09,07,Burgos,ES412,9:91,nombre,L01090888,P0909100J,42.515157,-4.252508,Castrillo de Riopisuerga
09090,5,Castrillo Mota de Judíos,09,07,Burgos,ES412,9:93,nombre,L01090905,P0909300F,42.307748,-4.173345,Castrillo Mota de Judíos
09091,2,Castrojeriz,09,07,Burgos,ES412,9:94,nombre,L01090912,P0909400D,42.288413,-4.139264,Castrojeriz
09093,3,Cayuela,09,07,Burgos,ES412,9:96,nombre,L01090933,P0909600I,42.27286,-3.819099,Cayuela
09094,8,Cebrecos,09,07,Burgos,ES412,9:97,nombre,L01090948,P0909700G,41.984213,-3.59679,Cebrecos
09095,1,Celada del Camino,09,07,Burgos,ES412,9:98,nombre,L01090951,P0909800E,42.262735,-3.934505,Celada del Camino
09098,6,Cerezo de Río Tirón,09,07,Burgos,ES412,9:101,nombre,L01090986,P0910100G,42.483168,-3.132931,Cerezo de Río Tirón
09100,3,Cerratón de Juarros,09,07,Burgos,ES412,9:103,nombre,L01091003,P0910300C,42.422775,-3.374107,Cerratón de Juarros
09101,0,Ciadoncha,09,07,Burgos,ES412,9:104,nombre,L01091010,P0910400A,42.157862,-3.932349,Ciadoncha
09102,5,Cillaperlata,09,07,Burgos,ES412,9:105,nombre,L01091025,P0910500H,42.782035,-3.357865,Cillaperlata
09103,1,Cilleruelo de Abajo,09,07,Burgos,ES412,9:106,nombre,L01091031,P0910600F,41.884801,-3.796219,Cilleruelo de Abajo
09104,6,Cilleruelo de Arriba,09,07,Burgos,ES412,9:107,nombre,L01091046,P0910700D,41.903073,-3.6602,Cilleruelo de Arriba
09105,9,Ciruelos de Cervera,09,07,Burgos,ES412,9:108,nombre,L01091059,P0910800B,41.905718,-3.530535,Ciruelos de Cervera
09108,4,Cogollos,09,07,Burgos,ES412,9:111,nombre,L01091084,P0911100F,42.202889,-3.701457,Cogollos
09109,7,Condado de Treviño,09,07,Burgos,ES412,9:112,nombre,L01091097,P0911200D,42.733401,-2.751382,Treviño
09110,1,Contreras,09,07,Burgos,ES412,9:113,nombre,L01091101,P0911300B,42.019751,-3.411151,Contreras
09112,3,Coruña del Conde,09,07,Burgos,ES412,9:115,nombre,L01091123,P0911500G,41.765879,-3.390962,Coruña del Conde
09113,9,Covarrubias,09,07,Burgos,ES412,9:116,nombre,L01091139,P0911600E,42.060044,-3.518221,Covarrubias
09114,4,Cubillo del Campo,09,07,Burgos,ES412,9:117,nombre,L01091144,P0911700C,42.16887,-3.610776,Cubillo del Campo
09115,7,Cubo de Bureba,09,07,Burgos,ES412,9:118,nombre,L01091157,P0911800A,42.640334,-3.206233,Cubo de Bureba
09117,6,"Cueva de Roa, La",09,07,Burgos,ES412,9:120,nombre,L01091176,P0912000G,41.667171,-3.940281,La Cueva de Roa
09119,5,Cuevas de San Clemente,09,07,Burgos,ES412,9:122,nombre,L01091195,P0912200C,42.130311,-3.56823,Cuevas de San Clemente
09120,9,Encío,09,07,Burgos,ES412,9:123,nombre,L01091209,P0912300A,42.668309,-3.082665,Encío
09122,1,Espinosa de Cervera,09,07,Burgos,ES412,9:125,nombre,L01091221,P0912500F,41.896556,-3.469054,Espinosa de Cervera
09123,7,Espinosa del Camino,09,07,Burgos,ES412,9:126,nombre,L01091237,P0912600D,42.40585,-3.280535,Espinosa del Camino
09124,2,Espinosa de los Monteros,09,07,Burgos,ES412,9:127,nombre,L01091242,P0912700B,43.078993,-3.549489,Espinosa de los Monteros
09125,5,Estépar,09,07,Burgos,ES412,9:128,nombre,L01091255,P0912800J,42.276787,-3.899126,Estépar
09127,4,Fontioso,09,07,Burgos,ES412,9:130,nombre,L01091274,P0913000F,41.942793,-3.738744,Fontioso
09128,0,Frandovínez,09,07,Burgos,ES412,9:131,nombre,L01091280,P0913100D,42.310365,-3.83847,Frandovínez
09129,3,Fresneda de la Sierra Tirón,09,07,Burgos,ES412,9:132,nombre,L01091293,P0913200B,42.315381,-3.135801,Fresneda de la Sierra Tirón
09130,7,Fresneña,09,07,Burgos,ES412,9:133,nombre,L01091307,P0913300J,42.413943,-3.134375,Fresneña
09131,4,Fresnillo de las Dueñas,09,07,Burgos,ES412,9:134,nombre,L01091314,P0913400H,41.646605,-3.644064,Fresnillo de las Dueñas
09132,9,Fresno de Río Tirón,09,07,Burgos,ES412,9:135,nombre,L01091329,P0913500E,42.45904,-3.17409,Fresno de Río Tirón
09133,5,Fresno de Rodilla,09,07,Burgos,ES412,9:136,nombre,L01091335,P0913600C,42.419471,-3.485224,Fresno de Rodilla
09134,0,Frías,09,07,Burgos,ES412,9:137,nombre,L01091340,P0913700A,42.764181,-3.299687,Frías
09135,3,Fuentebureba,09,07,Burgos,ES412,9:138,nombre,L01091353,P0913800I,42.634075,-3.234992,Fuentebureba
09136,6,Fuentecén,09,07,Burgos,ES412,9:139,nombre,L01091366,P0913900G,41.627786,-3.869395,Fuentecén
09137,2,Fuentelcésped,09,07,Burgos,ES412,9:140,nombre,L01091372,P0914000E,41.591229,-3.639589,Fuentelcésped
09138,8,Fuentelisendo,09,07,Burgos,ES412,9:141,nombre,L01091388,P0914100C,41.622129,-3.901347,Fuentelisendo
09139,1,Fuentemolinos,09,07,Burgos,ES412,9:142,nombre,L01091391,P0914200A,41.604364,-3.849839,Fuentemolinos
09140,5,Fuentenebro,09,07,Burgos,ES412,9:143,nombre,L01091405,P0914300I,41.527762,-3.753683,Fuentenebro
09141,2,Fuentespina,09,07,Burgos,ES412,9:144,nombre,L01091412,P0914400G,41.631704,-3.687767,Fuentespina
09143,3,Galbarros,09,07,Burgos,ES412,9:146,nombre,L01091433,P0914600B,42.524399,-3.43727,Galbarros
09144,8,"Gallega, La",09,07,Burgos,ES412,9:147,nombre,L01091448,P0914700J,41.898807,-3.263988,La Gallega
09148,6,Grijalba,09,07,Burgos,ES412,9:151,nombre,L01091486,P0915100B,42.430584,-4.118662,Grijalba
09149,9,Grisaleña,09,07,Burgos,ES412,9:152,nombre,L01091499,P0915200J,42.591377,-3.264127,Grisaleña
09151,9,Gumiel de Izán,09,07,Burgos,ES412,9:154,nombre,L01091519,P0915400F,41.771016,-3.688547,Gumiel de Izán
09152,4,Gumiel de Mercado,09,07,Burgos,ES412,9:155,nombre,L01091524,P0915500C,41.755242,-3.802308,Gumiel de Mercado
09154,5,Hacinas,09,07,Burgos,ES412,9:157,nombre,L01091545,P0915700I,41.985373,-3.288108,Hacinas
09155,8,Haza,09,07,Burgos,ES412,9:158,nombre,L01091558,P0915800G,41.621195,-3.830104,Haza
09159,6,Hontanas,09,07,Burgos,ES412,9:162,nombre,L01091596,P0916200I,42.311691,-4.0436,Hontanas
09160,0,Hontangas,09,07,Burgos,ES412,9:163,nombre,L01091600,P0916300G,41.581845,-3.795815,Hontangas
09162,2,Hontoria de la Cantera,09,07,Burgos,ES412,9:165,nombre,L01091622,P0916500B,42.188082,-3.642232,Hontoria de la Cantera
09163,8,Hontoria del Pinar,09,07,Burgos,ES412,9:166,nombre,L01091638,P0916600J,41.847233,-3.163225,Hontoria del Pinar
09164,3,Hontoria de Valdearados,09,07,Burgos,ES412,9:167,nombre,L01091643,P0916700H,41.744681,-3.519502,Hontoria de Valdearados
09166,9,"Hormazas, Las",09,07,Burgos,ES412,9:169,nombre,L01091669,P0916900D,42.525818,-3.927866,La Parte
09167,5,Hornillos del Camino,09,07,Burgos,ES412,9:170,nombre,L01091675,P0917000B,42.338614,-3.926706,Hornillos del Camino
09168,1,"Horra, La",09,07,Burgos,ES412,9:171,nombre,L01091681,P0917100J,41.742289,-3.874464,La Horra
09169,4,Hortigüela,09,07,Burgos,ES412,9:172,nombre,L01091694,P0917200H,42.067973,-3.427511,Hortigüela
09170,8,Hoyales de Roa,09,07,Burgos,ES412,9:173,nombre,L01091708,P0917300F,41.658747,-3.861723,Hoyales de Roa
09172,0,Huérmeces,09,07,Burgos,ES412,9:175,nombre,L01091720,P0917500A,42.521669,-3.771333,Huérmeces
09173,6,Huerta de Arriba,09,07,Burgos,ES412,9:176,nombre,L01091736,P0917600I,42.116921,-3.081755,Huerta de Arriba
09174,1,Huerta de Rey,09,07,Burgos,ES412,9:177,nombre,L01091741,P0917700G,41.83768,-3.346312,Huerta de Rey
09175,4,Humada,09,07,Burgos,ES412,9:178,nombre,L01091754,P0917800E,42.668121,-4.083871,Humada
09176,7,Hurones,09,07,Burgos,ES412,9:179,nombre,L01091767,P0917900C,42.40561,-3.615205,Hurones
09177,3,Ibeas de Juarros,09,07,Burgos,ES412,9:180,nombre,L01091773,P0918000A,42.331622,-3.541467,Ibeas de Juarros
09178,9,Ibrillos,09,07,Burgos,ES412,9:181,nombre,L01091789,P0918100I,42.454154,-3.08241,Ibrillos
09179,2,Iglesiarrubia,09,07,Burgos,ES412,9:182,nombre,L01091792,P0918200G,41.974169,-3.847204,Iglesiarrubia
09180,6,Iglesias,09,07,Burgos,ES412,9:183,nombre,L01091806,P0918300E,42.297234,-3.989183,Iglesias
09181,3,Isar,09,07,Burgos,ES412,9:184,nombre,L01091813,P0918400C,42.361426,-3.930391,Isar
09182,8,Itero del Castillo,09,07,Burgos,ES412,9:185,nombre,L01091828,P0918500J,42.289423,-4.243964,Itero del Castillo
09183,4,Jaramillo de la Fuente,09,07,Burgos,ES412,9:186,nombre,L01091834,P0918600H,42.115261,-3.312072,Jaramillo de la Fuente
09184,9,Jaramillo Quemado,09,07,Burgos,ES412,9:187,nombre,L01091849,P0918700F,42.085819,-3.360278,Jaramillo Quemado
09189,0,Junta de Traslaloma,09,07,Burgos,ES412,9:192,nombre,L01091890,P0919200F,43.041045,-3.388982,Castrobarto
09190,4,Junta de Villalba de Losa,09,07,Burgos,ES412,9:193,nombre,L01091904,P0919300D,42.935687,-3.088419,Villalba de Losa
09191,1,Jurisdicción de Lara,09,07,Burgos,ES412,9:194,nombre,L01091911,P0919400B,42.123152,-3.445333,Lara de los Infantes
09192,6,Jurisdicción de San Zadornil,09,07,Burgos,ES412,9:195,nombre,L01091926,P0919500I,42.842492,-3.158958,San Zadornil
09194,7,Lerma,09,07,Burgos,ES412,9:197,nombre,L01091947,P0919700E,42.024395,-3.754244,Lerma
09195,0,Llano de Bureba,09,07,Burgos,ES412,9:199,nombre,L01091950,P0919900A,42.624158,-3.45835,Llano de Bureba
09196,3,Madrigal del Monte,09,07,Burgos,ES412,9:200,nombre,L01091963,P0920000G,42.143855,-3.69749,Madrigal del Monte
09197,9,Madrigalejo del Monte,09,07,Burgos,ES412,9:201,nombre,L01091979,P0920100E,42.124147,-3.72362,Madrigalejo del Monte
09198,5,Mahamud,09,07,Burgos,ES412,9:202,nombre,L01091985,P0920200C,42.120068,-3.940973,Mahamud
09199,8,Mambrilla de Castrejón,09,07,Burgos,ES412,9:203,nombre,L01091998,P0920300A,41.666608,-3.983912,Mambrilla de Castrejón
09200,2,Mambrillas de Lara,09,07,Burgos,ES412,9:204,nombre,L01092002,P0920400I,42.094607,-3.460929,Mambrillas de Lara
09201,9,Mamolar,09,07,Burgos,ES412,9:205,nombre,L01092019,P0920500F,41.92656,-3.36271,Mamolar
09202,4,Manciles,09,07,Burgos,ES412,9:206,nombre,L01092024,P0920600D,42.456406,-3.945363,Manciles
09206,1,Mazuela,09,07,Burgos,ES412,9:211,nombre,L01092061,P0921100D,42.206744,-3.917983,Mazuela
09208,3,Mecerreyes,09,07,Burgos,ES412,9:213,nombre,L01092083,P0921300J,42.096312,-3.573617,Mecerreyes
09209,6,Medina de Pomar,09,07,Burgos,ES412,9:214,nombre,L01092096,P0921400H,42.934459,-3.488441,Medina de Pomar
09211,7,Melgar de Fernamental,09,07,Burgos,ES412,9:216,nombre,L01092117,P0921600C,42.401968,-4.244303,Melgar de Fernamental
09213,8,Merindad de Cuesta-Urria,09,07,Burgos,ES412,9:218,nombre,L01092138,P0921800I,42.843589,-3.418863,Nofuentes
09214,3,Merindad de Montija,09,07,Burgos,ES412,9:219,nombre,L01092143,P0921900G,43.072063,-3.468827,Villasante de Montija
09215,6,Merindad de Sotoscueva,09,07,Burgos,ES412,9:220,nombre,L01092156,P0922000E,43.027683,-3.626119,Cornejo
09216,9,Merindad de Valdeporres,09,07,Burgos,ES412,9:221,nombre,L01092169,P0922100C,43.011033,-3.738748,Pedrosa de Valdeporres
09217,5,Merindad de Valdivielso,09,07,Burgos,ES412,9:222,nombre,L01092175,P0922200A,42.831874,-3.541944,Quecedo de Valdivielso
09218,1,Milagros,09,07,Burgos,ES412,9:223,nombre,L01092181,P0922300I,41.572718,-3.696158,Milagros
09219,4,Miranda de Ebro,09,07,Burgos,ES412,9:224,nombre,L01092194,P0922400G,42.687808,-2.946256,Miranda de Ebro
09220,8,Miraveche,09,07,Burgos,ES412,9:225,nombre,L01092208,P0922500D,42.674143,-3.199743,Miraveche
09221,5,Modúbar de la Emparedada,09,07,Burgos,ES412,9:226,nombre,L01092215,P0922600B,42.259607,-3.660343,Modúbar de la Emparedada
09223,6,Monasterio de la Sierra,09,07,Burgos,ES412,9:228,nombre,L01092236,P0922800H,42.051057,-3.193359,Monasterio de la Sierra
09224,1,Monasterio de Rodilla,09,07,Burgos,ES412,9:229,nombre,L01092241,P0922900F,42.457274,-3.468291,Monasterio de Rodilla
09225,4,Moncalvillo,09,07,Burgos,ES412,9:230,nombre,L01092254,P0923000D,41.953672,-3.198837,Moncalvillo
09226,7,Monterrubio de la Demanda,09,07,Burgos,ES412,9:231,nombre,L01092267,P0923100B,42.148664,-3.113355,Monterrubio de la Demanda
09227,3,Montorio,09,07,Burgos,ES412,9:232,nombre,L01092273,P0923200J,42.580595,-3.774517,Montorio
09228,9,Moradillo de Roa,09,07,Burgos,ES412,9:233,nombre,L01092289,P0923300H,41.552067,-3.791078,Moradillo de Roa
09229,2,Nava de Roa,09,07,Burgos,ES412,9:235,nombre,L01092292,P0923500C,41.612585,-3.964759,Nava de Roa
09230,6,Navas de Bureba,09,07,Burgos,ES412,9:236,nombre,L01092306,P0923600A,42.681675,-3.326748,Navas de Bureba
09231,3,Nebreda,09,07,Burgos,ES412,9:237,nombre,L01092313,P0923700I,41.968751,-3.634076,Nebreda
09232,8,Neila,09,07,Burgos,ES412,9:238,nombre,L01092328,P0923800G,42.061126,-2.998903,Neila
09235,2,Olmedillo de Roa,09,07,Burgos,ES412,9:241,nombre,L01092352,P0924100A,41.782904,-3.933552,Olmedillo de Roa
09236,5,Olmillos de Muñó,09,07,Burgos,ES412,9:242,nombre,L01092365,P0924200I,42.202523,-3.939794,Olmillos de Muñó
09238,7,Oña,09,07,Burgos,ES412,9:245,nombre,L01092387,P0924500B,42.735083,-3.412483,Oña
09239,0,Oquillas,09,07,Burgos,ES412,9:246,nombre,L01092390,P0924600J,41.83178,-3.703531,Oquillas
09241,1,Orbaneja Riopico,09,07,Burgos,ES412,9:248,nombre,L01092411,P0924800F,42.360011,-3.583098,Orbaneja Riopico
09242,6,Padilla de Abajo,09,07,Burgos,ES412,9:250,nombre,L01092426,P0925000B,42.407442,-4.176509,Padilla de Abajo
09243,2,Padilla de Arriba,09,07,Burgos,ES412,9:251,nombre,L01092432,P0925100J,42.4377,-4.193944,Padilla de Arriba
09244,7,Padrones de Bureba,09,07,Burgos,ES412,9:252,nombre,L01092447,P0925200H,42.705702,-3.533146,Padrones de Bureba
09246,3,Palacios de la Sierra,09,07,Burgos,ES412,9:254,nombre,L01092463,P0925400D,41.962713,-3.126915,Palacios de la Sierra
09247,9,Palacios de Riopisuerga,09,07,Burgos,ES412,9:255,nombre,L01092479,P0925500A,42.34325,-4.257398,Palacios de Riopisuerga
09248,5,Palazuelos de la Sierra,09,07,Burgos,ES412,9:256,nombre,L01092485,P0925600I,42.212063,-3.460404,Palazuelos de la Sierra
09249,8,Palazuelos de Muñó,09,07,Burgos,ES412,9:257,nombre,L01092498,P0925700G,42.1972,-3.988986,Palazuelos de Muñó
09250,1,Pampliega,09,07,Burgos,ES412,9:258,nombre,L01092501,P0925800E,42.20495,-3.987766,Pampliega
09251,8,Pancorbo,09,07,Burgos,ES412,9:259,nombre,L01092518,P0925900C,42.625512,-3.124156,Pancorbo
09253,9,Pardilla,09,07,Burgos,ES412,9:261,nombre,L01092539,P0926100I,41.551688,-3.711861,Pardilla
09255,7,Partido de la Sierra en Tobalina,09,07,Burgos,ES412,9:263,nombre,L01092557,P0926300E,42.732718,-3.250515,Valderrama
09256,0,Pedrosa de Duero,09,07,Burgos,ES412,9:264,nombre,L01092560,P0926400C,41.712665,-3.984379,Pedrosa de Duero
09257,6,Pedrosa del Páramo,09,07,Burgos,ES412,9:265,nombre,L01092576,P0926500J,42.442568,-3.971692,Pedrosa del Páramo
09258,2,Pedrosa del Príncipe,09,07,Burgos,ES412,9:266,nombre,L01092582,P0926600H,42.248723,-4.199021,Pedrosa del Príncipe
09259,5,Pedrosa de Río Úrbel,09,07,Burgos,ES412,9:267,nombre,L01092595,P0926700F,42.409634,-3.821987,Pedrosa de Río Úrbel
09261,6,Peñaranda de Duero,09,07,Burgos,ES412,9:269,nombre,L01092616,P0926900B,41.688942,-3.477228,Peñaranda de Duero
09262,1,Peral de Arlanza,09,07,Burgos,ES412,9:270,nombre,L01092621,P0927000J,42.076419,-4.076132,Peral de Arlanza
09265,5,Piérnigas,09,07,Burgos,ES412,9:273,nombre,L01092655,P0927300D,42.590942,-3.413332,Piérnigas
09266,8,Pineda de la Sierra,09,07,Burgos,ES412,9:274,nombre,L01092668,P0927400B,42.214689,-3.29446,Pineda de la Sierra
09267,4,Pineda Trasmonte,09,07,Burgos,ES412,9:275,nombre,L01092674,P0927500I,41.909495,-3.69619,Pineda Trasmonte
09268,0,Pinilla de los Barruecos,09,07,Burgos,ES412,9:276,nombre,L01092680,P0927600G,41.918998,-3.305036,Pinilla de los Barruecos
09269,3,Pinilla de los Moros,09,07,Burgos,ES412,9:277,nombre,L01092693,P0927700E,42.068252,-3.327348,Pinilla de los Moros
09270,7,Pinilla Trasmonte,09,07,Burgos,ES412,9:278,nombre,L01092707,P0927800C,41.873137,-3.619362,Pinilla Trasmonte
09272,9,Poza de la Sal,09,07,Burgos,ES412,9:280,nombre,L01092729,P0928000I,42.665559,-3.499355,Poza de la Sal
09273,5,Prádanos de Bureba,09,07,Burgos,ES412,9:281,nombre,L01092735,P0928100G,42.50285,-3.347237,Prádanos de Bureba
09274,0,Pradoluengo,09,07,Burgos,ES412,9:282,nombre,L01092740,P0928200E,42.32595,-3.204539,Pradoluengo
09275,3,Presencio,09,07,Burgos,ES412,9:283,nombre,L01092753,P0928300C,42.185478,-3.901194,Presencio
09276,6,"Puebla de Arganzón, La",09,07,Burgos,ES412,9:284,nombre,L01092766,P0928400A,42.765199,-2.829325,La Puebla de Arganzón
09277,2,Puentedura,09,07,Burgos,ES412,9:285,nombre,L01092772,P0928500H,42.040874,-3.583592,Puentedura
09279,1,Quemada,09,07,Burgos,ES412,9:287,nombre,L01092791,P0928700D,41.699576,-3.57469,Quemada
09280,5,Quintanabureba,09,07,Burgos,ES412,9:288,nombre,L01092805,P0928800B,42.585878,-3.36521,Quintanabureba
09281,2,Quintana del Pidio,09,07,Burgos,ES412,9:289,nombre,L01092812,P0928900J,41.760298,-3.749177,Quintana del Pidio
09283,3,Quintanaélez,09,07,Burgos,ES412,9:291,nombre,L01092833,P0929100F,42.669261,-3.299073,Quintanaélez
09287,0,Quintanaortuño,09,07,Burgos,ES412,9:296,nombre,L01092870,P0929600E,42.450848,-3.68325,Quintanaortuño
09288,6,Quintanapalla,09,07,Burgos,ES412,9:297,nombre,L01092886,P0929700C,42.40838,-3.533688,Quintanapalla
09289,9,Quintanar de la Sierra,09,07,Burgos,ES412,9:298,nombre,L01092899,P0929800A,41.983307,-3.036479,Quintanar de la Sierra
09292,5,Quintanavides,09,07,Burgos,ES412,9:301,nombre,L01092925,P0930100C,42.481621,-3.424703,Quintanavides
09294,6,Quintanilla de la Mata,09,07,Burgos,ES412,9:304,nombre,L01092946,P0930400G,41.988331,-3.766512,Quintanilla de la Mata
09295,9,Quintanilla del Coco,09,07,Burgos,ES412,9:305,nombre,L01092959,P0930500D,41.979059,-3.516647,Quintanilla del Coco
09297,8,"Quintanillas, Las",09,07,Burgos,ES412,9:307,nombre,L01092978,P0930700J,42.371723,-3.84602,Las Quintanillas
09298,4,Quintanilla San García,09,07,Burgos,ES412,9:308,nombre,L01092984,P0930800H,42.548858,-3.193595,Quintanilla San García
09301,8,Quintanilla Vivar,09,07,Burgos,ES412,9:311,nombre,L01093018,P0931100B,42.415203,-3.687383,Quintanilla Vivar
09302,3,Rabanera del Pinar,09,07,Burgos,ES412,9:312,nombre,L01093023,P0931200J,41.893528,-3.197782,Rabanera del Pinar
09303,9,Rábanos,09,07,Burgos,ES412,9:313,nombre,L01093039,P0931300H,42.319663,-3.2696,Rábanos
09304,4,Rabé de las Calzadas,09,07,Burgos,ES412,9:314,nombre,L01093044,P0931400F,42.340877,-3.834132,Rabé de las Calzadas
09306,0,Rebolledo de la Torre,09,07,Burgos,ES412,9:316,nombre,L01093060,P0931600A,42.687659,-4.227517,Rebolledo de la Torre
09307,6,Redecilla del Camino,09,07,Burgos,ES412,9:317,nombre,L01093076,P0931700I,42.437021,-3.067683,Redecilla del Camino
09308,2,Redecilla del Campo,09,07,Burgos,ES412,9:318,nombre,L01093082,P0931800G,42.466439,-3.114092,Redecilla del Campo
09309,5,Regumiel de la Sierra,09,07,Burgos,ES412,9:319,nombre,L01093095,P0931900E,41.9538,-2.988853,Regumiel de la Sierra
09310,9,Reinoso,09,07,Burgos,ES412,9:320,nombre,L01093109,P0932000C,42.509537,-3.38417,Reinoso de Bureba
09311,6,Retuerta,09,07,Burgos,ES412,9:322,nombre,L01093116,P0932200I,42.02936,-3.506716,Retuerta
09312,1,"Revilla y Ahedo, La",09,07,Burgos,ES412,9:323,nombre,L01093121,P0932300G,42.012732,-3.331166,La Revilla
09314,2,Revilla del Campo,09,07,Burgos,ES412,9:325,nombre,L01093142,P0932500B,42.211924,-3.538418,Revilla del Campo
09315,5,Revillarruz,09,07,Burgos,ES412,9:326,nombre,L01093155,P0932600J,42.230485,-3.650354,Revillarruz
09316,8,Revilla Vallejera,09,07,Burgos,ES412,9:327,nombre,L01093168,P0932700H,42.14728,-4.133996,Revilla Vallejera
09317,4,Rezmondo,09,07,Burgos,ES412,9:328,nombre,L01093174,P0932800F,42.516626,-4.239025,Rezmondo
09318,0,Riocavado de la Sierra,09,07,Burgos,ES412,9:329,nombre,L01093180,P0932900D,42.152599,-3.197587,Riocavado de la Sierra
09321,4,Roa,09,07,Burgos,ES412,9:332,nombre,L01093214,P0933200H,41.703344,-3.917553,Roa
09323,5,Rojas,09,07,Burgos,ES412,9:334,nombre,L01093235,P0933400D,42.577916,-3.440686,Rojas
09325,3,Royuela de Río Franco,09,07,Burgos,ES412,9:336,nombre,L01093253,P0933600I,41.997329,-3.957844,Royuela de Río Franco
09326,6,Rubena,09,07,Burgos,ES412,9:337,nombre,L01093266,P0933700G,42.388016,-3.573387,Rubena
09327,2,Rublacedo de Abajo,09,07,Burgos,ES412,9:338,nombre,L01093272,P0933800E,42.554428,-3.50188,Rublacedo de Abajo
09328,8,Rucandio,09,07,Burgos,ES412,9:339,nombre,L01093288,P0933900C,42.75203,-3.542257,Rucandio
09329,1,Salas de Bureba,09,07,Burgos,ES412,9:340,nombre,L01093291,P0934000A,42.691783,-3.47331,Salas de Bureba
09330,5,Salas de los Infantes,09,07,Burgos,ES412,9:341,nombre,L01093305,P0934100I,42.020364,-3.283922,Salas de los Infantes
09332,7,Saldaña de Burgos,09,07,Burgos,ES412,9:343,nombre,L01093327,P0934300E,42.267878,-3.686302,Saldaña de Burgos
09334,8,Salinillas de Bureba,09,07,Burgos,ES412,9:345,nombre,L01093348,P0934500J,42.552252,-3.3876,Salinillas de Bureba
09335,1,San Adrián de Juarros,09,07,Burgos,ES412,9:346,nombre,L01093351,P0934600H,42.274438,-3.475328,San Adrián de Juarros
09337,0,San Juan del Monte,09,07,Burgos,ES412,9:348,nombre,L01093370,P0934800D,41.682915,-3.522405,San Juan del Monte
09338,6,San Mamés de Burgos,09,07,Burgos,ES412,9:349,nombre,L01093386,P0934900B,42.336334,-3.793618,San Mamés de Burgos
09339,9,San Martín de Rubiales,09,07,Burgos,ES412,9:350,nombre,L01093399,P0935000J,41.641527,-3.991626,San Martín de Rubiales
09340,3,San Millán de Lara,09,07,Burgos,ES412,9:351,nombre,L01093403,P0935100H,42.13638,-3.345435,San Millán de Lara
09343,1,Santa Cecilia,09,07,Burgos,ES412,9:354,nombre,L01093431,P0935400B,42.05262,-3.803537,Santa Cecilia
09345,9,Santa Cruz de la Salceda,09,07,Burgos,ES412,9:356,nombre,L01093459,P0935600G,41.595168,-3.594789,Santa Cruz de la Salceda
09346,2,Santa Cruz del Valle Urbión,09,07,Burgos,ES412,9:357,nombre,L01093462,P0935700E,42.302943,-3.221726,Santa Cruz del Valle Urbión
09347,8,Santa Gadea del Cid,09,07,Burgos,ES412,9:358,nombre,L01093478,P0935800C,42.715292,-3.05878,Santa Gadea del Cid
09348,4,Santa Inés,09,07,Burgos,ES412,9:359,nombre,L01093484,P0935900A,42.038377,-3.703436,Santa Inés
09350,0,Santa María del Campo,09,07,Burgos,ES412,9:361,nombre,L01093500,P0936100G,42.132094,-3.975202,Santa María del Campo
09351,7,Santa María del Invierno,09,07,Burgos,ES412,9:362,nombre,L01093517,P0936200E,42.442908,-3.437506,Santa María del Invierno
09352,2,Santa María del Mercadillo,09,07,Burgos,ES412,9:363,nombre,L01093522,P0936300C,41.86029,-3.558609,Santa María del Mercadillo
09353,8,Santa María Ribarredonda,09,07,Burgos,ES412,9:364,punto,L01093538,P0936400A,42.64082,-3.179759,Santa María Ribarredonda
09354,3,Santa Olalla de Bureba,09,07,Burgos,ES412,9:366,nombre,L01093543,P0936600F,42.476769,-3.440545,Santa Olalla de Bureba
09355,6,Santibáñez de Esgueva,09,07,Burgos,ES412,9:367,nombre,L01093556,P0936700D,41.833312,-3.759352,Santibáñez de Esgueva
09356,9,Santibáñez del Val,09,07,Burgos,ES412,9:368,nombre,L01093569,P0936800B,41.9739,-3.481004,Santibáñez del Val
09358,1,Santo Domingo de Silos,09,07,Burgos,ES412,9:370,nombre,L01093581,P0937000H,41.96217,-3.418424,Santo Domingo de Silos
09360,8,San Vicente del Valle,09,07,Burgos,ES412,9:372,nombre,L01093608,P0937200D,42.337278,-3.162104,San Vicente del Valle
09361,5,Sargentes de la Lora,09,07,Burgos,ES412,9:373,nombre,L01093615,P0937300B,42.768623,-3.872023,Sargentes de la Lora
09362,0,Sarracín,09,07,Burgos,ES412,9:374,nombre,L01093620,P0937400J,42.259292,-3.696773,Sarracín
09363,6,Sasamón,09,07,Burgos,ES412,9:375,nombre,L01093636,P0937500G,42.416862,-4.042317,Sasamón
09365,4,"Sequera de Haza, La",09,07,Burgos,ES412,9:377,nombre,L01093654,P0937700C,41.563977,-3.81708,La Sequera de Haza
09366,7,Solarana,09,07,Burgos,ES412,9:378,nombre,L01093667,P0937800A,41.971574,-3.65872,Solarana
09368,9,Sordillos,09,07,Burgos,ES412,9:380,nombre,L01093689,P0938000G,42.462195,-4.107435,Sordillos
09369,2,Sotillo de la Ribera,09,07,Burgos,ES412,9:381,nombre,L01093692,P0938100E,41.779133,-3.825636,Sotillo de la Ribera
09372,8,Sotragero,09,07,Burgos,ES412,9:384,nombre,L01093728,P0938400I,42.409142,-3.713361,Sotragero
09373,4,Sotresgudo,09,07,Burgos,ES412,9:385,nombre,L01093734,P0938500F,42.578507,-4.176467,Sotresgudo
09374,9,Susinos del Páramo,09,07,Burgos,ES412,9:386,nombre,L01093749,P0938600D,42.471818,-3.925018,Susinos del Páramo
09375,2,Tamarón,09,07,Burgos,ES412,9:387,nombre,L01093752,P0938700B,42.272264,-3.990905,Tamarón
09377,1,Tardajos,09,07,Burgos,ES412,9:389,nombre,L01093771,P0938900H,42.34858,-3.818228,Tardajos
09378,7,Tejada,09,07,Burgos,ES412,9:390,nombre,L01093787,P0939000F,41.952178,-3.535967,Tejada
09380,4,Terradillos de Esgueva,09,07,Burgos,ES412,9:392,nombre,L01093804,P0939200B,41.819736,-3.843124,Terradillos de Esgueva
09381,1,Tinieblas de la Sierra,09,07,Burgos,ES412,9:393,nombre,L01093811,P0939300J,42.17291,-3.362735,Tinieblas
09382,6,Tobar,09,07,Burgos,ES412,9:394,nombre,L01093826,P0939400H,42.484634,-3.938317,Tobar
09384,7,Tordómar,09,07,Burgos,ES412,9:396,nombre,L01093847,P0939600C,42.046484,-3.86531,Tordómar
09386,3,Torrecilla del Monte,09,07,Burgos,ES412,9:398,nombre,L01093863,P0939800I,42.094881,-3.693411,Torrecilla del Monte
09387,9,Torregalindo,09,07,Burgos,ES412,9:399,nombre,L01093879,P0939900G,41.582271,-3.750421,Torregalindo
09388,5,Torrelara,09,07,Burgos,ES412,9:400,nombre,L01093885,P0940000C,42.16582,-3.517399,Torrelara
09389,8,Torrepadre,09,07,Burgos,ES412,9:401,nombre,L01093898,P0940100A,42.043774,-3.938206,Torrepadre
09390,2,Torresandino,09,07,Burgos,ES412,9:402,nombre,L01093902,P0940200I,41.82985,-3.912749,Torresandino
09391,9,Tórtoles de Esgueva,09,07,Burgos,ES412,9:403,nombre,L01093919,P0940300G,41.815391,-4.02333,Tórtoles de Esgueva
09392,4,Tosantos,09,07,Burgos,ES412,9:404,nombre,L01093924,P0940400E,42.413315,-3.242871,Tosantos
09394,5,Trespaderne,09,07,Burgos,ES412,9:406,nombre,L01093945,P0940600J,42.805841,-3.38648,Trespaderne
09395,8,Tubilla del Agua,09,07,Burgos,ES412,9:407,nombre,L01093958,P0940700H,42.709166,-3.802745,Tubilla del Agua
09396,1,Tubilla del Lago,09,07,Burgos,ES412,9:408,nombre,L01093961,P0940800F,41.802032,-3.586306,Tubilla del Lago
09398,3,Úrbel del Castillo,09,07,Burgos,ES412,9:410,nombre,L01093983,P0941000B,42.616802,-3.846122,Úrbel del Castillo
09400,0,Vadocondes,09,07,Burgos,ES412,9:412,nombre,L01094000,P0941200H,41.638409,-3.573979,Vadocondes
09403,8,Valdeande,09,07,Burgos,ES412,9:415,nombre,L01094038,P0941500A,41.833479,-3.527706,Valdeande
09405,6,Valdezate,09,07,Burgos,ES412,9:417,nombre,L01094056,P0941700G,41.602592,-3.929895,Valdezate
09406,9,Valdorros,09,07,Burgos,ES412,9:418,nombre,L01094069,P0941800E,42.16675,-3.703925,Valdorros
09407,5,Valmala,09,07,Burgos,ES412,9:419,nombre,L01094075,P0941900C,42.304709,-3.255284,Valmala
09408,1,Vallarta de Bureba,09,07,Burgos,ES412,9:420,nombre,L01094081,P0942000A,42.588539,-3.205952,Vallarta de Bureba
09409,4,Valle de Manzanedo,09,07,Burgos,ES412,9:421,nombre,L01094094,P0942100I,42.898552,-3.69231,Manzanedo
09410,8,Valle de Mena,09,07,Burgos,ES412,9:422,nombre,L01094108,P0942200G,43.100675,-3.281867,Villasana de Mena
09411,5,Valle de Oca,09,07,Burgos,ES412,9:423,nombre,L01094115,P0942300E,42.436788,-3.320869,Villanasur Río de Oca
09412,0,Valle de Tobalina,09,07,Burgos,ES412,9:424,nombre,L01094120,P0942400C,42.792758,-3.270784,Quintana Martín Galíndez
09413,6,Valle de Valdebezana,09,07,Burgos,ES412,9:425,nombre,L01094136,P0942500J,42.969799,-3.785744,Soncillo
09414,1,Valle de Valdelaguna,09,07,Burgos,ES412,9:426,nombre,L01094141,P0942600H,42.113924,-3.147502,Huerta de Abajo
09415,4,Valle de Valdelucio,09,07,Burgos,ES412,9:427,nombre,L01094154,P0942700F,42.717681,-4.121161,Quintanas de Valdelucio
09416,7,Valle de Zamanzas,09,07,Burgos,ES412,9:428,nombre,L01094167,P0942800D,42.848092,-3.754007,Gallejones
09417,3,Vallejera,09,07,Burgos,ES412,9:429,nombre,L01094173,P0942900B,42.181535,-4.151067,Vallejera
09418,9,Valles de Palenzuela,09,07,Burgos,ES412,9:430,nombre,L01094189,P0943000J,42.119481,-4.077805,Valles de Palenzuela
09419,2,Valluércanes,09,07,Burgos,ES412,9:431,nombre,L01094192,P0943100H,42.575118,-3.120492,Valluércanes
09421,3,"Vid y Barrios, La",09,07,Burgos,ES412,9:433,nombre,L01094213,P0943300D,41.622606,-3.459399,Zuzones
09422,8,"Vid de Bureba, La",09,07,Burgos,ES412,9:434,nombre,L01094228,P0943400B,42.630662,-3.300657,La Vid de Bureba
09423,4,Vileña,09,07,Burgos,ES412,9:435,nombre,L01094234,P0943500I,42.621782,-3.322294,Vileña
09424,9,Viloria de Rioja,09,07,Burgos,ES412,9:436,nombre,L01094249,P0943600G,42.425827,-3.101048,Viloria de Rioja
09425,2,Vilviestre del Pinar,09,07,Burgos,ES412,9:437,nombre,L01094252,P0943700E,41.951538,-3.077066,Vilviestre del Pinar
09427,1,Villadiego,09,07,Burgos,ES412,9:439,nombre,L01094271,P0943900A,42.516182,-4.008801,Villadiego
09428,7,Villaescusa de Roa,09,07,Burgos,ES412,9:440,nombre,L01094287,P0944000I,41.728142,-4.017461,Villaescusa de Roa
09429,0,Villaescusa la Sombría,09,07,Burgos,ES412,9:441,nombre,L01094290,P0944100G,42.415234,-3.418394,Villaescusa la Sombría
09430,4,Villaespasa,09,07,Burgos,ES412,9:442,nombre,L01094304,P0944200E,42.099374,-3.404637,Villaespasa
09431,1,Villafranca Montes de Oca,09,07,Burgos,ES412,9:443,nombre,L01094311,P0944300C,42.386677,-3.3092,Villafranca Montes de Oca
09432,6,Villafruela,09,07,Burgos,ES412,9:445,nombre,L01094326,P0944500H,41.917622,-3.911444,Villafruela
09433,2,Villagalijo,09,07,Burgos,ES412,9:446,nombre,L01094332,P0944600F,42.348628,-3.192201,Villagalijo
09434,7,Villagonzalo Pedernales,09,07,Burgos,ES412,9:447,nombre,L01094347,P0944700D,42.302681,-3.707671,Villagonzalo Pedernales
09437,9,Villahoz,09,07,Burgos,ES412,9:450,nombre,L01094379,P0945000H,42.075722,-3.917195,Villahoz
09438,5,Villalba de Duero,09,07,Burgos,ES412,9:451,nombre,L01094385,P0945100F,41.682091,-3.743453,Villalba de Duero
09439,8,Villalbilla de Burgos,09,07,Burgos,ES412,9:452,nombre,L01094398,P0945200D,42.344137,-3.779574,Villalbilla de Burgos
09440,2,Villalbilla de Gumiel,09,07,Burgos,ES412,9:453,nombre,L01094402,P0945300B,41.806524,-3.625905,Villalbilla de Gumiel
09441,9,Villaldemiro,09,07,Burgos,ES412,9:455,nombre,L01094419,P0945500G,42.247912,-3.984919,Villaldemiro
09442,4,Villalmanzo,09,07,Burgos,ES412,9:456,nombre,L01094424,P0945600E,42.048079,-3.740711,Villalmanzo
09443,0,Villamayor de los Montes,09,07,Burgos,ES412,9:458,nombre,L01094430,P0945800A,42.106695,-3.764304,Villamayor de los Montes
09444,5,Villamayor de Treviño,09,07,Burgos,ES412,9:459,nombre,L01094445,P0945900I,42.45931,-4.119779,Villamayor de Treviño
09445,8,Villambistia,09,07,Burgos,ES412,9:460,nombre,L01094458,P0946000G,42.406131,-3.261549,Villambistia
09446,1,Villamedianilla,09,07,Burgos,ES412,9:461,nombre,L01094461,P0946100E,42.160825,-4.146493,Villamedianilla
09447,7,Villamiel de la Sierra,09,07,Burgos,ES412,9:462,nombre,L01094477,P0946200C,42.19144,-3.417577,Villamiel de la Sierra
09448,3,Villangómez,09,07,Burgos,ES412,9:463,nombre,L01094483,P0946300A,42.180596,-3.773299,Villangómez
09449,6,Villanueva de Argaño,09,07,Burgos,ES412,9:464,nombre,L01094496,P0946400I,42.379916,-3.933123,Villanueva de Argaño
09450,9,Villanueva de Carazo,09,07,Burgos,ES412,9:465,nombre,L01094509,P0946500F,41.98543,-3.323605,Villanueva de Carazo
09451,6,Villanueva de Gumiel,09,07,Burgos,ES412,9:466,nombre,L01094516,P0946600D,41.736497,-3.624962,Villanueva de Gumiel
09454,2,Villanueva de Teba,09,07,Burgos,ES412,9:470,nombre,L01094542,P0947000F,42.648643,-3.163496,Villanueva de Teba
09455,5,Villaquirán de la Puebla,09,07,Burgos,ES412,9:471,nombre,L01094555,P0947100D,42.282994,-4.100304,Villaquirán de la Puebla
09456,8,Villaquirán de los Infantes,09,07,Burgos,ES412,9:472,nombre,L01094568,P0947200B,42.226599,-4.008143,Villaquirán de los Infantes
09458,0,Villariezo,09,07,Burgos,ES412,9:474,nombre,L01094580,P0947400H,42.268278,-3.735228,Villariezo
09460,7,Villasandino,09,07,Burgos,ES412,9:477,nombre,L01094607,P0947700A,42.370547,-4.111292,Villasandino
09463,5,Villasur de Herreros,09,07,Burgos,ES412,9:480,nombre,L01094635,P0948000E,42.30748,-3.394046,Villasur de Herreros
09464,0,Villatuelda,09,07,Burgos,ES412,9:481,nombre,L01094640,P0948100C,41.81552,-3.881033,Villatuelda
09466,6,Villaverde del Monte,09,07,Burgos,ES412,9:483,nombre,L01094666,P0948300I,42.161235,-3.81368,Villaverde del Monte
09467,2,Villaverde-Mogina,09,07,Burgos,ES412,9:484,nombre,L01094672,P0948400G,42.160534,-4.050658,Villaverde-Mogina
09471,2,Villayerno Morquillas,09,07,Burgos,ES412,9:488,nombre,L01094712,P0948800H,42.394954,-3.640253,Villayerno Morquillas
09472,7,Villazopeque,09,07,Burgos,ES412,9:489,nombre,L01094727,P0948900F,42.198332,-4.016034,Villazopeque
09473,3,Villegas,09,07,Burgos,ES412,9:490,nombre,L01094733,P0949000D,42.467624,-4.016934,Villegas
09476,4,Villoruebo,09,07,Burgos,ES412,9:493,nombre,L01094764,P0949300H,42.168434,-3.441287,Villoruebo
09478,6,Vizcaínos,09,07,Burgos,ES412,9:496,nombre,L01094786,P0949600A,42.101577,-3.266763,Vizcaínos
09480,3,Zael,09,07,Burgos,ES412,9:498,nombre,L01094803,P0949800G,42.109758,-3.824544,Zael
09482,5,Zarzosa de Río Pisuerga,09,07,Burgos,ES412,9:500,nombre,L01094825,P0950000J,42.536866,-4.268351,Zarzosa de Río Pisuerga
09483,1,Zazuar,09,07,Burgos,ES412,9:501,nombre,L01094831,P0950100H,41.695726,-3.553912,Zazuar
09485,9,Zuñeda,09,07,Burgos,ES412,9:503,nombre,L01094859,P0950300D,42.604584,-3.226325,Zuñeda
09901,2,Quintanilla del Agua y Tordueles,09,07,Burgos,ES412,9:303,punto,L01099012,P0930300I,42.035777,-3.651516,Quintanilla del Agua
09902,7,Valle de Santibáñez,09,07,Burgos,ES412,9:369,nombre,L01099027,P0900732I,42.480372,-3.784231,Santibáñez Zarzaguda
09903,3,Villarcayo de Merindad de Castilla la Vieja,09,07,Burgos,ES412,9:473,nombre,L01099033,P0947300J,42.945052,-3.565224,Villarcayo
09904,8,Valle de las Navas,09,07,Burgos,ES412,9:331,nombre,L01099048,P0933100J,42.454188,-3.638467,Rioseras
09905,1,Valle de Sedano,09,07,Burgos,ES412,9:376,nombre,L01099051,P0937600E,42.716633,-3.75102,Sedano
09906,4,Merindad de Río Ubierna,09,07,Burgos,ES412,9:409,nombre,L01099064,P0950800C,42.435464,-3.679585,Sotopalacios
09907,0,Alfoz de Quintanadueñas,09,07,Burgos,ES412,9:290,nombre,L01099070,P0929000H,42.384262,-3.735712,Quintanadueñas
09908,6,Valle de Losa,09,07,Burgos,ES412,9:191,nombre,L01099086,P0919100H,42.988032,-3.24004,Quincoces de Yuso
10001,5,Abadía,10,11,Cáceres,ES432,10:1,nombre,L01100015,P1000100F,40.259551,-5.978093,Abadía
10002,0,Abertura,10,11,Cáceres,ES432,10:2,nombre,L01100020,P1000200D,39.243979,-5.813162,Abertura
10003,6,Acebo,10,11,Cáceres,ES432,10:3,nombre,L01100036,P1000300B,40.201842,-6.717526,Acebo
10004,1,Acehúche,10,11,Cáceres,ES432,10:4,nombre,L01100041,P1000400J,39.802958,-6.634175,Acehúche
10005,4,Aceituna,10,11,Cáceres,ES432,10:5,nombre,L01100054,P1000500G,40.148909,-6.33121,Aceituna
10006,7,Ahigal,10,11,Cáceres,ES432,10:6,nombre,L01100067,P1000600E,40.189372,-6.187152,Ahigal
10007,3,Albalá,10,11,Cáceres,ES432,10:7,nombre,L01100073,P1000700C,39.254403,-6.185581,Albalá
10008,9,Alcántara,10,11,Cáceres,ES432,10:8,nombre,L01100089,P1000800A,39.72089,-6.887724,Alcántara
10009,2,Alcollarín,10,11,Cáceres,ES432,10:9,nombre,L01100092,P1000900I,39.244941,-5.739949,Alcollarín
10010,6,Alcuéscar,10,11,Cáceres,ES432,10:10,nombre,L01100106,P1001000G,39.180182,-6.228296,Alcuéscar
10011,3,Aldeacentenera,10,11,Cáceres,ES432,10:11,nombre,L01100113,P1001100E,39.527377,-5.629453,Aldeacentenera
10012,8,Aldea del Cano,10,11,Cáceres,ES432,10:12,nombre,L01100128,P1001200C,39.287426,-6.318677,Aldea del Cano
10013,4,"Aldea del Obispo, La",10,11,Cáceres,ES432,10:13,nombre,L01100134,P1001300A,39.563418,-5.91103,La Aldea del Obispo
10014,9,Aldeanueva de la Vera,10,11,Cáceres,ES432,10:14,nombre,L01100149,P1001400I,40.128859,-5.700187,Aldeanueva de la Vera
10015,2,Aldeanueva del Camino,10,11,Cáceres,ES432,10:15,nombre,L01100152,P1001500F,40.259135,-5.928723,Aldeanueva del Camino
10016,5,Aldehuela del Jerte,10,11,Cáceres,ES432,10:16,punto,L01100165,P1001600D,40.010395,-6.238141,Aldehuela de Jerte
10017,1,Alía,10,11,Cáceres,ES432,10:17,nombre,L01100171,P1001700B,39.447882,-5.216577,Alía
10018,7,Aliseda,10,11,Cáceres,ES432,10:18,nombre,L01100187,P1001800J,39.420755,-6.692075,Aliseda
10019,0,Almaraz,10,11,Cáceres,ES432,10:19,nombre,L01100190,P1001900H,39.814448,-5.677036,Almaraz
10020,4,Almoharín,10,11,Cáceres,ES432,10:20,nombre,L01100204,P1002000F,39.176215,-6.04407,Almoharín
10021,1,Arroyo de la Luz,10,11,Cáceres,ES432,10:22,nombre,L01100211,P1002200B,39.483686,-6.58481,Arroyo de la Luz
10022,6,Arroyomolinos de la Vera,10,11,Cáceres,ES432,10:23,nombre,L01100226,P1002300J,40.052914,-5.855168,Arroyomolinos de la Vera
10023,2,Arroyomolinos,10,11,Cáceres,ES432,10:24,nombre,L01100232,P1002400H,39.185464,-6.163224,Arroyomolinos
10024,7,Baños de Montemayor,10,11,Cáceres,ES432,10:25,nombre,L01100247,P1002500E,40.31772,-5.857236,Baños de Montemayor
10025,0,Barrado,10,11,Cáceres,ES432,10:26,nombre,L01100250,P1002600C,40.084179,-5.881691,Barrado
10026,3,Belvís de Monroy,10,11,Cáceres,ES432,10:27,nombre,L01100263,P1002700A,39.819326,-5.610325,Belvís de Monroy
10027,9,Benquerencia,10,11,Cáceres,ES432,10:28,nombre,L01100279,P1002800I,39.310084,-6.084534,Benquerencia
10028,5,Berrocalejo,10,11,Cáceres,ES432,10:29,nombre,L01100285,P1002900G,39.819224,-5.350465,Berrocalejo
10029,8,Berzocana,10,11,Cáceres,ES432,10:30,nombre,L01100298,P1003000E,39.437315,-5.460693,Berzocana
10030,2,Bohonal de Ibor,10,11,Cáceres,ES432,10:31,nombre,L01100302,P1003100C,39.784095,-5.486339,Bohonal de Ibor
10031,9,Botija,10,11,Cáceres,ES432,10:32,nombre,L01100319,P1003200A,39.344099,-6.074219,Botija
10032,4,Brozas,10,11,Cáceres,ES432,10:33,nombre,L01100324,P1003300I,39.612089,-6.779262,Brozas
10033,0,Cabañas del Castillo,10,11,Cáceres,ES432,10:34,nombre,L01100330,P1003400G,39.547423,-5.51135,Cabañas del Castillo
10034,5,Cabezabellosa,10,11,Cáceres,ES432,10:35,nombre,L01100345,P1003500D,40.137903,-6.003678,Cabezabellosa
10035,8,Cabezuela del Valle,10,11,Cáceres,ES432,10:36,nombre,L01100358,P1003600B,40.193424,-5.805821,Cabezuela del Valle
10036,1,Cabrero,10,11,Cáceres,ES432,10:37,nombre,L01100361,P1003700J,40.113505,-5.89112,Cabrero
10037,7,Cáceres,10,11,Cáceres,ES432,10:900,nombre,L01100377,P1003800H,39.47451,-6.371845,Cáceres
10038,3,Cachorrilla,10,11,Cáceres,ES432,10:39,nombre,L01100383,P1003900F,39.915671,-6.669552,Cachorrilla
10039,6,Cadalso,10,11,Cáceres,ES432,10:40,nombre,L01100396,P1004000D,40.237376,-6.539669,Cadalso
10040,0,Calzadilla,10,11,Cáceres,ES432,10:41,nombre,L01100400,P1004100B,40.061407,-6.531934,Calzadilla
10041,7,Caminomorisco,10,11,Cáceres,ES432,10:42,nombre,L01100417,P1004200J,40.326417,-6.290354,Caminomorisco
10042,2,Campillo de Deleitosa,10,11,Cáceres,ES432,10:43,nombre,L01100422,P1004300H,39.703703,-5.57278,Campillo de Deleitosa
10043,8,Campo Lugar,10,11,Cáceres,ES432,10:44,nombre,L01100438,P1004400F,39.196134,-5.77125,Campo Lugar
10044,3,Cañamero,10,11,Cáceres,ES432,10:45,nombre,L01100443,P1004500C,39.378248,-5.38835,Cañamero
10045,6,Cañaveral,10,11,Cáceres,ES432,10:46,nombre,L01100456,P1004600A,39.790214,-6.393908,Cañaveral
10046,9,Carbajo,10,11,Cáceres,ES432,10:47,nombre,L01100469,P1004700I,39.603087,-7.196573,Carbajo
10047,5,Carcaboso,10,11,Cáceres,ES432,10:48,nombre,L01100475,P1004800G,40.050338,-6.215612,Carcaboso
10048,1,Carrascalejo,10,11,Cáceres,ES432,10:49,nombre,L01100481,P1004900E,39.645835,-5.217905,Carrascalejo
10049,4,Casar de Cáceres,10,11,Cáceres,ES432,10:50,nombre,L01100494,P1005000C,39.561484,-6.416919,Casar de Cáceres
10050,7,Casar de Palomero,10,11,Cáceres,ES432,10:51,nombre,L01100507,P1005100A,40.295036,-6.256323,Casar de Palomero
10051,4,Casares de las Hurdes,10,11,Cáceres,ES432,10:52,nombre,L01100514,P1005200I,40.44018,-6.288045,Casares de las Hurdes
10052,9,Casas de Don Antonio,10,11,Cáceres,ES432,10:53,nombre,L01100529,P1005300G,39.235908,-6.291338,Casas de Don Antonio
10053,5,Casas de Don Gómez,10,11,Cáceres,ES432,10:54,nombre,L01100535,P1005400E,40.008029,-6.601542,Casas de Don Gómez
10054,0,Casas del Castañar,10,11,Cáceres,ES432,10:55,nombre,L01100540,P1005500B,40.107392,-5.906281,Casas del Castañar
10055,3,Casas del Monte,10,11,Cáceres,ES432,10:56,nombre,L01100553,P1005600J,40.202529,-5.960673,Casas del Monte
10056,6,Casas de Millán,10,11,Cáceres,ES432,10:57,nombre,L01100566,P1005700H,39.818234,-6.329994,Casas de Millán
10057,2,Casas de Miravete,10,11,Cáceres,ES432,10:58,nombre,L01100572,P1005800F,39.727498,-5.74354,Casas de Miravete
10058,8,Casatejada,10,11,Cáceres,ES432,10:59,nombre,L01100588,P1005900D,39.886691,-5.683947,Casatejada
10059,1,Casillas de Coria,10,11,Cáceres,ES432,10:60,nombre,L01100591,P1006000B,39.966305,-6.636652,Casillas de Coria
10060,5,Castañar de Ibor,10,11,Cáceres,ES432,10:61,nombre,L01100605,P1006100J,39.625923,-5.417088,Castañar de Ibor
10061,2,Ceclavín,10,11,Cáceres,ES432,10:62,nombre,L01100612,P1006200H,39.820981,-6.774546,Ceclavín
10062,7,Cedillo,10,11,Cáceres,ES432,10:63,nombre,L01100627,P1006300F,39.651623,-7.500306,Cedillo
10063,3,Cerezo,10,11,Cáceres,ES432,10:64,nombre,L01100633,P1006400D,40.236727,-6.227352,Cerezo
10064,8,Cilleros,10,11,Cáceres,ES432,10:65,nombre,L01100648,P1006500A,40.112883,-6.793435,Cilleros
10065,1,Collado de la Vera,10,11,Cáceres,ES432,10:66,nombre,L01100651,P1006600I,40.056706,-5.719906,Collado de la Vera
10066,4,Conquista de la Sierra,10,11,Cáceres,ES432,10:67,nombre,L01100664,P1006700G,39.351005,-5.734106,Conquista de la Sierra
10067,0,Coria,10,11,Cáceres,ES432,10:68,nombre,L01100670,P1006800E,39.983257,-6.535189,Coria
10068,6,Cuacos de Yuste,10,11,Cáceres,ES432,10:69,nombre,L01100686,P1006900C,40.105402,-5.722907,Cuacos de Yuste
10069,9,"Cumbre, La",10,11,Cáceres,ES432,10:70,nombre,L01100699,P1007000A,39.405201,-5.97712,La Cumbre
10070,3,Deleitosa,10,11,Cáceres,ES432,10:71,nombre,L01100703,P1007100I,39.644697,-5.646488,Deleitosa
10071,0,Descargamaría,10,11,Cáceres,ES432,10:72,nombre,L01100710,P1007200G,40.304106,-6.486353,Descargamaría
10072,5,Eljas,10,11,Cáceres,ES432,10:73,nombre,L01100725,P1007300E,40.217064,-6.846627,Eljas
10073,1,Escurial,10,11,Cáceres,ES432,10:74,nombre,L01100731,P1007400C,39.168554,-5.883626,Escurial
10075,9,Fresnedoso de Ibor,10,11,Cáceres,ES432,10:76,nombre,L01100759,P1007600H,39.686668,-5.511208,Fresnedoso de Ibor
10076,2,Galisteo,10,11,Cáceres,ES432,10:77,nombre,L01100762,P1007700F,39.975898,-6.267112,Galisteo
10077,8,Garciaz,10,11,Cáceres,ES432,10:78,nombre,L01100778,P1007800D,39.413224,-5.627434,Garciaz
10078,4,"Garganta, La",10,11,Cáceres,ES432,10:79,nombre,L01100784,P1007900B,40.328575,-5.823469,La Garganta
10079,7,Garganta la Olla,10,11,Cáceres,ES432,10:80,nombre,L01100797,P1008000J,40.111314,-5.776081,Garganta la Olla
10080,1,Gargantilla,10,11,Cáceres,ES432,10:81,nombre,L01100801,P1008100H,40.24794,-5.919877,Gargantilla
10081,8,Gargüera,10,11,Cáceres,ES432,10:82,nombre,L01100818,P1008200F,40.060611,-5.927657,Gargüera
10082,3,Garrovillas de Alconétar,10,11,Cáceres,ES432,10:83,nombre,L01100823,P1008300D,39.712786,-6.549584,Garrovillas de Alconétar
10083,9,Garvín,10,11,Cáceres,ES432,10:84,nombre,L01100839,P1008400B,39.720181,-5.34563,Garvín
10084,4,Gata,10,11,Cáceres,ES432,10:85,nombre,L01100844,P1008500I,40.23777,-6.596395,Gata
10085,7,"Gordo, El",10,11,Cáceres,ES432,10:86,nombre,L01100857,P1008600G,39.865775,-5.343057,El Gordo
10086,0,"Granja, La",10,11,Cáceres,ES432,10:88,nombre,L01100860,P1008800C,40.239365,-5.994837,La Granja
10087,6,Guadalupe,10,11,Cáceres,ES432,10:90,nombre,L01100876,P1009000I,39.450825,-5.326556,Guadalupe
10088,2,Guijo de Coria,10,11,Cáceres,ES432,10:91,nombre,L01100882,P1009100G,40.100862,-6.464162,Guijo de Coria
10089,5,Guijo de Galisteo,10,11,Cáceres,ES432,10:92,nombre,L01100895,P1009200E,40.093517,-6.411901,Guijo de Galisteo
10090,9,Guijo de Granadilla,10,11,Cáceres,ES432,10:93,nombre,L01100909,P1009300C,40.193533,-6.162565,Guijo de Granadilla
10091,6,Guijo de Santa Bárbara,10,11,Cáceres,ES432,10:94,nombre,L01100916,P1009400A,40.153903,-5.655353,Guijo de Santa Bárbara
10092,1,Herguijuela,10,11,Cáceres,ES432,10:95,nombre,L01100921,P1009500H,39.37421,-5.760041,Herguijuela
10093,7,Hernán-Pérez,10,11,Cáceres,ES432,10:96,nombre,L01100937,P1009600F,40.212059,-6.464317,Hernán-Pérez
10094,2,Herrera de Alcántara,10,11,Cáceres,ES432,10:97,nombre,L01100942,P1009700D,39.636949,-7.40381,Herrera de Alcántara
10095,5,Herreruela,10,11,Cáceres,ES432,10:98,nombre,L01100955,P1009800B,39.46296,-6.905569,Herreruela
10096,8,Hervás,10,11,Cáceres,ES432,10:99,nombre,L01100968,P1009900J,40.275178,-5.860098,Hervás
10097,4,Higuera de Albalat,10,11,Cáceres,ES432,10:100,punto,L01100974,P1010000F,39.724559,-5.667324,Higuera de Albalat
10098,0,Hinojal,10,11,Cáceres,ES432,10:101,nombre,L01100980,P1010100D,39.710638,-6.359444,Hinojal
10099,3,Holguera,10,11,Cáceres,ES432,10:102,nombre,L01100993,P1010200B,39.898256,-6.350981,Holguera
10100,7,Hoyos,10,11,Cáceres,ES432,10:103,nombre,L01101007,P1010300J,40.171191,-6.721645,Hoyos
10101,4,Huélaga,10,11,Cáceres,ES432,10:104,nombre,L01101014,P1010400H,40.056614,-6.616737,Huélaga
10102,9,Ibahernando,10,11,Cáceres,ES432,10:105,nombre,L01101029,P1010500E,39.324464,-5.917157,Ibahernando
10103,5,Jaraicejo,10,11,Cáceres,ES432,10:106,nombre,L01101035,P1010600C,39.666695,-5.813749,Jaraicejo
10104,0,Jaraíz de la Vera,10,11,Cáceres,ES432,10:107,nombre,L01101040,P1010700A,40.060008,-5.75548,Jaraíz de la Vera
10105,3,Jarandilla de la Vera,10,11,Cáceres,ES432,10:108,nombre,L01101053,P1010800I,40.126112,-5.660651,Jarandilla de la Vera
10106,6,Jarilla,10,11,Cáceres,ES432,10:109,nombre,L01101066,P1010900G,40.171468,-6.002633,Jarilla
10107,2,Jerte,10,11,Cáceres,ES432,10:110,nombre,L01101072,P1011000E,40.221613,-5.751191,Jerte
10108,8,Ladrillar,10,11,Cáceres,ES432,10:111,nombre,L01101088,P1011100C,40.466549,-6.225667,Ladrillar
10109,1,Logrosán,10,11,Cáceres,ES432,10:112,nombre,L01101091,P1011200A,39.337069,-5.492058,Logrosán
10110,5,Losar de la Vera,10,11,Cáceres,ES432,10:113,nombre,L01101105,P1011300I,40.121974,-5.607088,Losar de la Vera
10111,2,Madrigal de la Vera,10,11,Cáceres,ES432,10:114,nombre,L01101112,P1011400G,40.14771,-5.366834,Madrigal de la Vera
10112,7,Madrigalejo,10,11,Cáceres,ES432,10:115,nombre,L01101127,P1011500D,39.139412,-5.62715,Madrigalejo
10113,3,Madroñera,10,11,Cáceres,ES432,10:116,nombre,L01101133,P1011600B,39.42544,-5.755913,Madroñera
10114,8,Majadas,10,11,Cáceres,ES432,10:117,nombre,L01101148,P1011700J,39.94237,-5.746956,Majadas
10115,1,Malpartida de Cáceres,10,11,Cáceres,ES432,10:118,nombre,L01101151,P1011800H,39.445617,-6.507161,Malpartida de Cáceres
10116,4,Malpartida de Plasencia,10,11,Cáceres,ES432,10:119,nombre,L01101164,P1011900F,39.98137,-6.043786,Malpartida de Plasencia
10117,0,Marchagaz,10,11,Cáceres,ES432,10:120,nombre,L01101170,P1012000D,40.26839,-6.276064,Marchagaz
10118,6,Mata de Alcántara,10,11,Cáceres,ES432,10:121,nombre,L01101186,P1012100B,39.718583,-6.820051,Mata de Alcántara
10119,9,Membrío,10,11,Cáceres,ES432,10:122,nombre,L01101199,P1012200J,39.527196,-7.054028,Membrío
10120,3,Mesas de Ibor,10,11,Cáceres,ES432,10:123,nombre,L01101203,P1012300H,39.756634,-5.54756,Mesas de Ibor
10121,0,Miajadas,10,11,Cáceres,ES432,10:124,nombre,L01101210,P1012400F,39.151237,-5.907558,Miajadas
10122,5,Millanes,10,11,Cáceres,ES432,10:125,nombre,L01101225,P1012500C,39.849082,-5.580539,Millanes
10123,1,Mirabel,10,11,Cáceres,ES432,10:126,nombre,L01101231,P1012600A,39.861904,-6.233723,Mirabel
10124,6,Mohedas de Granadilla,10,11,Cáceres,ES432,10:127,nombre,L01101246,P1012700I,40.26837,-6.201247,Mohedas de Granadilla
10125,9,Monroy,10,11,Cáceres,ES432,10:128,nombre,L01101259,P1012800G,39.637715,-6.21386,Monroy
10126,2,Montánchez,10,11,Cáceres,ES432,10:129,nombre,L01101262,P1012900E,39.225392,-6.152722,Montánchez
10127,8,Montehermoso,10,11,Cáceres,ES432,10:130,nombre,L01101278,P1013000C,40.089504,-6.349895,Montehermoso
10128,4,Moraleja,10,11,Cáceres,ES432,10:131,nombre,L01101284,P1013100A,40.068529,-6.661358,Moraleja
10129,7,Morcillo,10,11,Cáceres,ES432,10:132,nombre,L01101297,P1013200I,40.019627,-6.397049,Morcillo
10130,1,Navaconcejo,10,11,Cáceres,ES432,10:133,nombre,L01101301,P1013300G,40.178547,-5.828915,Navaconcejo
10131,8,Navalmoral de la Mata,10,11,Cáceres,ES432,10:134,nombre,L01101318,P1013400E,39.891731,-5.540711,Navalmoral de la Mata
10132,3,Navalvillar de Ibor,10,11,Cáceres,ES432,10:135,nombre,L01101323,P1013500B,39.585044,-5.413348,Navalvillar de Ibor
10133,9,Navas del Madroño,10,11,Cáceres,ES432,10:136,nombre,L01101339,P1013600J,39.62336,-6.650294,Navas del Madroño
10134,4,Navezuelas,10,11,Cáceres,ES432,10:137,nombre,L01101344,P1013700H,39.510506,-5.439755,Navezuelas
10135,7,Nuñomoral,10,11,Cáceres,ES432,10:138,nombre,L01101357,P1013800F,40.408927,-6.244884,Nuñomoral
10136,0,Oliva de Plasencia,10,11,Cáceres,ES432,10:139,nombre,L01101360,P1013900D,40.111961,-6.086381,Oliva de Plasencia
10137,6,Palomero,10,11,Cáceres,ES432,10:140,nombre,L01101376,P1014000B,40.246435,-6.276583,Palomero
10138,2,Pasarón de la Vera,10,11,Cáceres,ES432,10:141,nombre,L01101382,P1014100J,40.052196,-5.820874,Pasarón de la Vera
10139,5,Pedroso de Acim,10,11,Cáceres,ES432,10:142,nombre,L01101395,P1014200H,39.82477,-6.412184,Pedroso de Acim
10140,9,Peraleda de la Mata,10,11,Cáceres,ES432,10:143,nombre,L01101409,P1014300F,39.853274,-5.45996,Peraleda de la Mata
10141,6,Peraleda de San Román,10,11,Cáceres,ES432,10:144,nombre,L01101416,P1014400D,39.740734,-5.387169,Peraleda de San Román
10142,1,Perales del Puerto,10,11,Cáceres,ES432,10:145,nombre,L01101421,P1014500A,40.154455,-6.680798,Perales del Puerto
10143,7,Pescueza,10,11,Cáceres,ES432,10:146,nombre,L01101437,P1014600I,39.918435,-6.646292,Pescueza
10144,2,"Pesga, La",10,11,Cáceres,ES432,10:147,nombre,L01101442,P1014700G,40.32654,-6.175836,La Pesga
10145,5,Piedras Albas,10,11,Cáceres,ES432,10:148,nombre,L01101455,P1014800E,39.783045,-6.925245,Piedras Albas
10146,8,Pinofranqueado,10,11,Cáceres,ES432,10:149,nombre,L01101468,P1014900C,40.301774,-6.333944,Pinofranqueado
10147,4,Piornal,10,11,Cáceres,ES432,10:150,nombre,L01101474,P1015000A,40.116294,-5.846971,Piornal
10148,0,Plasencia,10,11,Cáceres,ES432,10:151,nombre,L01101480,P1015100I,40.030087,-6.089542,Plasencia
10149,3,Plasenzuela,10,11,Cáceres,ES432,10:152,nombre,L01101493,P1015200G,39.381783,-6.04697,Plasenzuela
10150,6,Portaje,10,11,Cáceres,ES432,10:153,nombre,L01101506,P1015300E,39.918193,-6.562138,Portaje
10151,3,Portezuelo,10,11,Cáceres,ES432,10:154,nombre,L01101513,P1015400C,39.81253,-6.474117,Portezuelo
10152,8,Pozuelo de Zarzón,10,11,Cáceres,ES432,10:155,nombre,L01101528,P1015500J,40.149452,-6.416214,Pozuelo de Zarzón
10153,4,Puerto de Santa Cruz,10,11,Cáceres,ES432,10:156,nombre,L01101534,P1015600H,39.316445,-5.858631,Puerto de Santa Cruz
10154,9,Rebollar,10,11,Cáceres,ES432,10:157,nombre,L01101549,P1015700F,40.153237,-5.899711,Rebollar
10155,2,Riolobos,10,11,Cáceres,ES432,10:158,nombre,L01101552,P1015800D,39.921898,-6.304693,Riolobos
10156,5,Robledillo de Gata,10,11,Cáceres,ES432,10:159,nombre,L01101565,P1015900B,40.322388,-6.471154,Robledillo de Gata
10157,1,Robledillo de la Vera,10,11,Cáceres,ES432,10:160,nombre,L01101571,P1016000J,40.100462,-5.589043,Robledillo de la Vera
10158,7,Robledillo de Trujillo,10,11,Cáceres,ES432,10:161,nombre,L01101587,P1016100H,39.269339,-5.980556,Robledillo de Trujillo
10159,0,Robledollano,10,11,Cáceres,ES432,10:162,nombre,L01101590,P1016200F,39.609887,-5.5089,Robledollano
10160,4,Romangordo,10,11,Cáceres,ES432,10:163,nombre,L01101604,P1016300D,39.742187,-5.701089,Romangordo
10161,1,Ruanes,10,11,Cáceres,ES432,10:164,nombre,L01101611,P1016400B,39.32778,-6.013318,Ruanes
10162,6,Salorino,10,11,Cáceres,ES432,10:165,nombre,L01101626,P1016500I,39.477866,-7.010548,Salorino
10163,2,Salvatierra de Santiago,10,11,Cáceres,ES432,10:166,nombre,L01101632,P1016600G,39.302684,-6.03184,Salvatierra de Santiago
10164,7,San Martín de Trevejo,10,11,Cáceres,ES432,10:167,nombre,L01101647,P1016700E,40.212828,-6.796066,San Martín de Trevejo
10165,0,Santa Ana,10,11,Cáceres,ES432,10:168,nombre,L01101650,P1016800C,39.307914,-5.988958,Santa Ana
10166,3,Santa Cruz de la Sierra,10,11,Cáceres,ES432,10:169,nombre,L01101663,P1016900A,39.336483,-5.846237,Santa Cruz de la Sierra
10167,9,Santa Cruz de Paniagua,10,11,Cáceres,ES432,10:170,nombre,L01101679,P1017000I,40.190977,-6.341258,Santa Cruz de Paniagua
10168,5,Santa Marta de Magasca,10,11,Cáceres,ES432,10:171,nombre,L01101685,P1017100G,39.511097,-6.099798,Santa Marta de Magasca
10169,8,Santiago de Alcántara,10,11,Cáceres,ES432,10:172,nombre,L01101698,P1017200E,39.607458,-7.241063,Santiago de Alcántara
10170,2,Santiago del Campo,10,11,Cáceres,ES432,10:173,nombre,L01101702,P1017300C,39.629407,-6.364382,Santiago del Campo
10171,9,Santibáñez el Alto,10,11,Cáceres,ES432,10:174,nombre,L01101719,P1017400A,40.185454,-6.547435,Santibáñez el Alto
10172,4,Santibáñez el Bajo,10,11,Cáceres,ES432,10:175,nombre,L01101724,P1017500H,40.176248,-6.223216,Santibáñez el Bajo
10173,0,Saucedilla,10,11,Cáceres,ES432,10:176,nombre,L01101730,P1017600F,39.851521,-5.675266,Saucedilla
10174,5,Segura de Toro,10,11,Cáceres,ES432,10:177,nombre,L01101745,P1017700D,40.224542,-5.949229,Segura de Toro
10175,8,Serradilla,10,11,Cáceres,ES432,10:178,nombre,L01101758,P1017800B,39.829741,-6.139997,Serradilla
10176,1,Serrejón,10,11,Cáceres,ES432,10:179,nombre,L01101761,P1017900J,39.817099,-5.802626,Serrejón
10177,7,Sierra de Fuentes,10,11,Cáceres,ES432,10:180,nombre,L01101777,P1018000H,39.437246,-6.274804,Sierra de Fuentes
10178,3,Talaván,10,11,Cáceres,ES432,10:181,nombre,L01101783,P1018100F,39.718188,-6.281643,Talaván
10179,6,Talaveruela de la Vera,10,11,Cáceres,ES432,10:183,nombre,L01101796,P1018300B,40.121396,-5.518143,Talaveruela de la Vera
10180,0,Talayuela,10,11,Cáceres,ES432,10:184,nombre,L01101800,P1018400J,39.983601,-5.610449,Talayuela
10181,7,Tejeda de Tiétar,10,11,Cáceres,ES432,10:185,nombre,L01101817,P1018500G,40.018528,-5.869649,Tejeda de Tiétar
10182,2,Toril,10,11,Cáceres,ES432,10:186,nombre,L01101822,P1018600E,39.897445,-5.780698,Toril
10183,8,Tornavacas,10,11,Cáceres,ES432,10:187,nombre,L01101838,P1018700C,40.254306,-5.688698,Tornavacas
10184,3,"Torno, El",10,11,Cáceres,ES432,10:188,nombre,L01101843,P1018800A,40.136326,-5.944278,El Torno
10185,6,Torrecilla de los Ángeles,10,11,Cáceres,ES432,10:189,nombre,L01101856,P1018900I,40.247918,-6.418543,Torrecilla de los Ángeles
10186,9,Torrecillas de la Tiesa,10,11,Cáceres,ES432,10:190,nombre,L01101869,P1019000G,39.568851,-5.741968,Torrecillas de la Tiesa
10187,5,Torre de Don Miguel,10,11,Cáceres,ES432,10:191,nombre,L01101875,P1019100E,40.22364,-6.57733,Torre de Don Miguel
10188,1,Torre de Santa María,10,11,Cáceres,ES432,10:192,nombre,L01101881,P1019200C,39.252986,-6.117494,Torre de Santa María
10189,4,Torrejoncillo,10,11,Cáceres,ES432,10:193,nombre,L01101894,P1019300A,39.896628,-6.466051,Torrejoncillo
10190,8,Torrejón el Rubio,10,11,Cáceres,ES432,10:194,nombre,L01101908,P1019400I,39.771558,-6.013105,Torrejón el Rubio
10191,5,Torremenga,10,11,Cáceres,ES432,10:195,nombre,L01101915,P1019500F,40.047027,-5.775136,Torremenga
10192,0,Torremocha,10,11,Cáceres,ES432,10:196,nombre,L01101920,P1019600D,39.345596,-6.172641,Torremocha
10193,6,Torreorgaz,10,11,Cáceres,ES432,10:197,nombre,L01101936,P1019700B,39.382871,-6.251877,Torreorgaz
10194,1,Torrequemada,10,11,Cáceres,ES432,10:198,nombre,L01101941,P1019800J,39.366054,-6.221414,Torrequemada
10195,4,Trujillo,10,11,Cáceres,ES432,10:199,nombre,L01101954,P1019900H,39.458108,-5.882739,Trujillo
10196,7,Valdastillas,10,11,Cáceres,ES432,10:200,nombre,L01101967,P1020000D,40.133125,-5.879476,Valdastillas
10197,3,Valdecañas de Tajo,10,11,Cáceres,ES432,10:201,nombre,L01101973,P1020100B,39.759709,-5.619396,Valdecañas de Tajo
10198,9,Valdefuentes,10,11,Cáceres,ES432,10:202,nombre,L01101989,P1020200J,39.273597,-6.127151,Valdefuentes
10199,2,Valdehúncar,10,11,Cáceres,ES432,10:203,nombre,L01101992,P1020300H,39.837119,-5.523304,Valdehúncar
10200,6,Valdelacasa de Tajo,10,11,Cáceres,ES432,10:204,nombre,L01102006,P1020400F,39.727195,-5.283024,Valdelacasa de Tajo
10201,3,Valdemorales,10,11,Cáceres,ES432,10:205,nombre,L01102013,P1020500C,39.205718,-6.064931,Valdemorales
10202,8,Valdeobispo,10,11,Cáceres,ES432,10:206,nombre,L01102028,P1020600A,40.082037,-6.24847,Valdeobispo
10203,4,Valencia de Alcántara,10,11,Cáceres,ES432,10:207,nombre,L01102034,P1020700I,39.413215,-7.241965,Valencia de Alcántara
10204,9,Valverde de la Vera,10,11,Cáceres,ES432,10:208,nombre,L01102049,P1020800G,40.122596,-5.494412,Valverde de la Vera
10205,2,Valverde del Fresno,10,11,Cáceres,ES432,10:209,nombre,L01102052,P1020900E,40.225113,-6.879334,Valverde del Fresno
10206,5,Viandar de la Vera,10,11,Cáceres,ES432,10:210,nombre,L01102065,P1021000C,40.121483,-5.535447,Viandar de la Vera
10207,1,Villa del Campo,10,11,Cáceres,ES432,10:211,nombre,L01102071,P1021100A,40.141886,-6.427244,Villa del Campo
10208,7,Villa del Rey,10,11,Cáceres,ES432,10:212,nombre,L01102087,P1021200I,39.659886,-6.820734,Villa del Rey
10209,0,Villamesías,10,11,Cáceres,ES432,10:213,nombre,L01102090,P1021300G,39.245804,-5.873359,Villamesías
10210,4,Villamiel,10,11,Cáceres,ES432,10:214,nombre,L01102104,P1021400E,40.185694,-6.784215,Villamiel
10211,1,Villanueva de la Sierra,10,11,Cáceres,ES432,10:215,nombre,L01102111,P1021500B,40.20051,-6.405917,Villanueva de la Sierra
10212,6,Villanueva de la Vera,10,11,Cáceres,ES432,10:216,nombre,L01102126,P1021600J,40.128611,-5.463109,Villanueva de la Vera
10213,2,Villar del Pedroso,10,11,Cáceres,ES432,10:217,nombre,L01102132,P1021700H,39.705491,-5.196108,Villar del Pedroso
10214,7,Villar de Plasencia,10,11,Cáceres,ES432,10:218,nombre,L01102147,P1021800F,40.137744,-6.027898,Villar de Plasencia
10215,0,Villasbuenas de Gata,10,11,Cáceres,ES432,10:219,nombre,L01102150,P1021900D,40.179129,-6.625662,Villasbuenas de Gata
10216,3,Zarza de Granadilla,10,11,Cáceres,ES432,10:220,nombre,L01102163,P1022000B,40.235196,-6.048697,Zarza de Granadilla
10217,9,Zarza de Montánchez,10,11,Cáceres,ES432,10:221,nombre,L01102179,P1022100J,39.256852,-6.030648,Zarza de Montánchez
10218,5,Zarza la Mayor,10,11,Cáceres,ES432,10:222,nombre,L01102185,P1022200H,39.875868,-6.864691,Zarza la Mayor
10219,8,Zorita,10,11,Cáceres,ES432,10:223,nombre,L01102198,P1022300F,39.284264,-5.699188,Zorita
10901,6,Rosalejo,10,11,Cáceres,ES432,10:901,nombre,L01109016,P1000006E,39.994856,-5.458193,Rosalejo
10902,1,Vegaviana,10,11,Cáceres,ES432,10:225,nombre,L01109021,P6013101H,40.041397,-6.718944,Vegaviana
10903,7,Alagón del Río,10,11,Cáceres,ES432,10:224,nombre,L01109037,P6007701C,39.973843,-6.315619,Alagón del Río
10904,2,Tiétar,10,11,Cáceres,ES432,10:226,nombre,L01109042,P1000022B,40.029936,-5.483224,Tiétar
10905,5,Pueblonuevo de Miramontes,10,11,Cáceres,ES432,10:227,nombre,L01109055,P6018401G,40.060167,-5.379137,Pueblonuevo de Miramontes
11001,2,Alcalá de los Gazules,11,01,Cádiz,ES612,11:1,nombre,L01110012,P1100100E,36.46195,-5.721274,Alcalá de los Gazules
11002,7,Alcalá del Valle,11,01,Cádiz,ES612,11:2,nombre,L01110027,P1100200C,36.905064,-5.173136,Alcalá del Valle
11003,3,Algar,11,01,Cádiz,ES612,11:3,nombre,L01110033,P1100300A,36.655398,-5.657459,Algar
11004,8,Algeciras,11,01,Cádiz,ES612,11:4,nombre,L01110048,P1100400I,36.131983,-5.447642,Algeciras
11005,1,Algodonales,11,01,Cádiz,ES612,11:5,nombre,L01110051,P1100500F,36.880781,-5.404802,Algodonales
11006,4,Arcos de la Frontera,11,01,Cádiz,ES612,11:6,nombre,L01110064,P1100600D,36.748154,-5.806768,Arcos de la Frontera
11007,0,Barbate,11,01,Cádiz,ES612,11:7,nombre,L01110070,P1100700B,36.192877,-5.918877,Barbate
11008,6,"Barrios, Los",11,01,Cádiz,ES612,11:8,nombre,L01110086,P1100800J,36.185667,-5.492957,Los Barrios
11009,9,Benaocaz,11,01,Cádiz,ES612,11:9,nombre,L01110099,P1100900H,36.699467,-5.421261,Benaocaz
11010,3,Bornos,11,01,Cádiz,ES612,11:10,nombre,L01110103,P1101000F,36.814829,-5.743568,Bornos
11011,0,"Bosque, El",11,01,Cádiz,ES612,11:11,nombre,L01110110,P1101100D,36.759003,-5.505488,El Bosque
11012,5,Cádiz,11,01,Cádiz,ES612,11:900,nombre,L01110125,P1101200B,36.529594,-6.292955,Cádiz
11013,1,Castellar de la Frontera,11,01,Cádiz,ES612,11:13,nombre,L01110131,P1101300J,36.28605,-5.42003,Castellar de la Frontera
11014,6,Conil de la Frontera,11,01,Cádiz,ES612,11:14,nombre,L01110146,P1101400H,36.277001,-6.088018,Conil de la Frontera
11015,9,Chiclana de la Frontera,11,01,Cádiz,ES612,11:15,nombre,L01110159,P1101500E,36.419601,-6.149349,Chiclana de la Frontera
11016,2,Chipiona,11,01,Cádiz,ES612,11:16,nombre,L01110162,P1101600C,36.740955,-6.435945,Chipiona
11017,8,Espera,11,01,Cádiz,ES612,11:17,nombre,L01110178,P1101700A,36.873259,-5.806123,Espera
11018,4,"Gastor, El",11,01,Cádiz,ES612,11:18,nombre,L01110184,P1101800I,36.855053,-5.323634,El Gastor
11019,7,Grazalema,11,01,Cádiz,ES612,11:19,nombre,L01110197,P1101900G,36.75844,-5.366051,Grazalema
11020,1,Jerez de la Frontera,11,01,Cádiz,ES612,11:20,nombre,L01110201,P1102000E,36.682676,-6.138248,Jerez de la Frontera
11021,8,Jimena de la Frontera,11,01,Cádiz,ES612,11:21,nombre,L01110218,P1102100C,36.434011,-5.453405,Jimena de la Frontera
11022,3,"Línea de la Concepción, La",11,01,Cádiz,ES612,11:22,nombre,L01110223,P1102200A,36.15965,-5.350904,La Línea de la Concepción
11023,9,Medina Sidonia,11,01,Cádiz,ES612,11:23,nombre,L01110239,P1102300I,36.45606,-5.927589,Medina Sidonia
11024,4,Olvera,11,01,Cádiz,ES612,11:24,nombre,L01110244,P1102400G,36.935087,-5.267591,Olvera
11025,7,Paterna de Rivera,11,01,Cádiz,ES612,11:25,nombre,L01110257,P1102500D,36.52304,-5.865808,Paterna de Rivera
11026,0,Prado del Rey,11,01,Cádiz,ES612,11:26,nombre,L01110260,P1102600B,36.787525,-5.556817,Prado del Rey
11027,6,"Puerto de Santa María, El",11,01,Cádiz,ES612,11:27,nombre,L01110276,P1102700J,36.600458,-6.225395,El Puerto de Santa María
11028,2,Puerto Real,11,01,Cádiz,ES612,11:28,nombre,L01110282,P1102800H,36.528866,-6.19231,Puerto Real
11029,5,Puerto Serrano,11,01,Cádiz,ES612,11:29,nombre,L01110295,P1102900F,36.923939,-5.544178,Puerto Serrano
11030,9,Rota,11,01,Cádiz,ES612,11:30,nombre,L01110309,P1103000D,36.61695,-6.358021,Rota
11031,6,San Fernando,11,01,Cádiz,ES612,11:31,nombre,L01110316,P1103100B,36.464874,-6.198665,San Fernando
11032,1,Sanlúcar de Barrameda,11,01,Cádiz,ES612,11:32,nombre,L01110321,P1103200J,36.775731,-6.354643,Sanlúcar de Barrameda
11033,7,San Roque,11,01,Cádiz,ES612,11:33,nombre,L01110337,P1103300H,36.210275,-5.39167,San Roque
11034,2,Setenil de las Bodegas,11,01,Cádiz,ES612,11:34,nombre,L01110342,P1103400F,36.864012,-5.181456,Setenil de las Bodegas
11035,5,Tarifa,11,01,Cádiz,ES612,11:35,nombre,L01110355,P1103500C,36.011724,-5.602048,Tarifa
11036,8,Torre Alháquime,11,01,Cádiz,ES612,11:36,nombre,L01110368,P1103600A,36.915694,-5.234578,Torre Alháquime
11037,4,Trebujena,11,01,Cádiz,ES612,11:37,nombre,L01110374,P1103700I,36.869544,-6.176791,Trebujena
11038,0,Ubrique,11,01,Cádiz,ES612,11:38,nombre,L01110380,P1103800G,36.677457,-5.443138,Ubrique
11039,3,Vejer de la Frontera,11,01,Cádiz,ES612,11:39,nombre,L01110393,P1103900E,36.253354,-5.962987,Vejer de la Frontera
11040,7,Villaluenga del Rosario,11,01,Cádiz,ES612,11:40,nombre,L01110407,P1104000C,36.696238,-5.387268,Villaluenga del Rosario
11041,4,Villamartín,11,01,Cádiz,ES612,11:41,nombre,L01110414,P1104100A,36.861211,-5.641504,Villamartín
11042,9,Zahara,11,01,Cádiz,ES612,11:42,nombre,L01110429,P1104200I,36.840608,-5.390804,Zahara
11901,3,Benalup-Casas Viejas,11,01,Cádiz,ES612,11:43,nombre,L01119013,P1104300G,36.346504,-5.812115,Benalup-Casas Viejas
11902,8,San José del Valle,11,01,Cádiz,ES612,11:44,nombre,L01119028,P1100010F,36.605556,-5.798848,San José del Valle
11903,4,San Martín del Tesorillo,11,01,Cádiz,ES612,11:45,nombre,L01119034,P1100020E,36.341062,-5.322976,San Martín del Tesorillo
12001,7,Atzeneta del Maestrat,12,10,Castelló/Castellón,ES522,12:1,nombre,L01120017,P1200100D,40.216446,-0.170635,Atzeneta del Maestrat
12002,2,Aín,12,10,Castelló/Castellón,ES522,12:2,nombre,L01120022,P1200200B,39.900712,-0.340722,Aín
12003,8,Albocàsser,12,10,Castelló/Castellón,ES522,12:3,nombre,L01120038,P1200300J,40.357622,0.024311,Albocàsser
12004,3,Alcalà de Xivert,12,10,Castelló/Castellón,ES522,12:4,nombre,L01120043,P1200400H,40.303666,0.224865,Alcalà de Xivert
12005,6,"Alcora, l'",12,10,Castelló/Castellón,ES522,12:5,nombre,L01120056,P1200500E,40.074342,-0.213047,l'Alcora
12006,9,Alcudia de Veo,12,10,Castelló/Castellón,ES522,12:6,nombre,L01120069,P1200600C,39.916182,-0.355213,Alcudia de Veo
12007,5,Alfondeguilla,12,10,Castelló/Castellón,ES522,12:7,nombre,L01120075,P1200700A,39.837851,-0.268656,Alfondeguilla
12008,1,Algimia de Almonacid,12,10,Castelló/Castellón,ES522,12:8,nombre,L01120081,P1200800I,39.91407,-0.44205,Algimia de Almonacid
12009,4,Almassora,12,10,Castelló/Castellón,ES522,12:9,nombre,L01120094,P1200900G,39.945267,-0.063315,Almassora
12010,8,Almedíjar,12,10,Castelló/Castellón,ES522,12:10,nombre,L01120108,P1201000E,39.872864,-0.408309,Almedíjar
12011,5,Almenara,12,10,Castelló/Castellón,ES522,12:11,nombre,L01120115,P1201100C,39.751504,-0.223281,Almenara
12012,0,Altura,12,10,Castelló/Castellón,ES522,12:12,nombre,L01120120,P1201200A,39.851434,-0.510642,Altura
12013,6,Arañuel,12,10,Castelló/Castellón,ES522,12:13,nombre,L01120136,P1201300I,40.071579,-0.48199,Arañuel
12014,1,Ares del Maestrat,12,10,Castelló/Castellón,ES522,12:14,nombre,L01120141,P1201400G,40.456378,-0.131781,Ares del Maestrat
12015,4,Argelita,12,10,Castelló/Castellón,ES522,12:15,nombre,L01120154,P1201500D,40.054539,-0.35015,Argelita
12016,7,Artana,12,10,Castelló/Castellón,ES522,12:16,nombre,L01120167,P1201600B,39.891339,-0.257938,Artana
12017,3,Ayódar,12,10,Castelló/Castellón,ES522,12:17,nombre,L01120173,P1201700J,39.998443,-0.374959,Ayódar
12018,9,Azuébar,12,10,Castelló/Castellón,ES522,12:18,nombre,L01120189,P1201800H,39.834246,-0.369457,Azuébar
12020,6,Barracas,12,10,Castelló/Castellón,ES522,12:20,nombre,L01120206,P1202000D,40.016729,-0.697747,Barracas
12021,3,Betxí,12,10,Castelló/Castellón,ES522,12:21,nombre,L01120213,P1202100B,39.928536,-0.197435,Betxí
12022,8,Bejís,12,10,Castelló/Castellón,ES522,12:22,nombre,L01120228,P1202200J,39.909713,-0.707433,Bejís
12024,9,Benafer,12,10,Castelló/Castellón,ES522,12:24,nombre,L01120249,P1202400F,39.934427,-0.577698,Benafer
12025,2,Benafigos,12,10,Castelló/Castellón,ES522,12:25,nombre,L01120252,P1202500C,40.276588,-0.209413,Benafigos
12026,5,Benassal,12,10,Castelló/Castellón,ES522,12:26,punto,L01120265,P1202600A,40.379702,-0.141817,Benassal
12027,1,Benicarló,12,10,Castelló/Castellón,ES522,12:27,nombre,L01120271,P1202700I,40.418328,0.423135,Benicarló
12028,7,Benicàssim/Benicasim,12,10,Castelló/Castellón,ES522,12:28,nombre,L01120287,P1202800G,40.056066,0.064311,Benicàssim/Benicasim
12029,0,Benlloc,12,10,Castelló/Castellón,ES522,12:29,punto,L01120290,P1202900E,40.209586,0.02958,Benlloc
12031,1,Borriol,12,10,Castelló/Castellón,ES522,12:31,nombre,L01120311,P1203100A,40.042431,-0.071538,Borriol
12032,6,Borriana/Burriana,12,10,Castelló/Castellón,ES522,12:32,nombre,L01120326,P1203200I,39.88998,-0.083524,Borriana/Burriana
12033,2,Cabanes,12,10,Castelló/Castellón,ES522,12:33,nombre,L01120332,P1203300G,40.156104,0.045412,Cabanes
12034,7,Càlig,12,10,Castelló/Castellón,ES522,12:34,nombre,L01120347,P1203400E,40.461864,0.353,Càlig
12036,3,Canet lo Roig,12,10,Castelló/Castellón,ES522,12:36,nombre,L01120363,P1203600J,40.550857,0.242951,Canet lo Roig
12037,9,Castell de Cabres,12,10,Castelló/Castellón,ES522,12:37,nombre,L01120379,P1203700H,40.660322,0.043061,Castell de Cabres
12038,5,Castellfort,12,10,Castelló/Castellón,ES522,12:38,nombre,L01120385,P1203800F,40.502387,-0.190815,Castellfort
12039,8,Castellnovo,12,10,Castelló/Castellón,ES522,12:39,nombre,L01120398,P1203900D,39.861651,-0.4577,Castellnovo
12040,2,Castelló de la Plana/Castellón de la Plana,12,10,Castelló/Castellón,ES522,12:900,nombre,L01120402,P1204000B,39.986045,-0.037849,Castelló de la Plana
12041,9,Castillo de Villamalefa,12,10,Castelló/Castellón,ES522,12:41,nombre,L01120419,P1204100J,40.130714,-0.379833,Castillo de Villamalefa
12042,4,Catí,12,10,Castelló/Castellón,ES522,12:42,nombre,L01120424,P1204200H,40.471389,0.022837,Catí
12043,0,Caudiel,12,10,Castelló/Castellón,ES522,12:43,nombre,L01120430,P1204300F,39.946648,-0.568704,Caudiel
12044,5,Cervera del Maestre,12,10,Castelló/Castellón,ES522,12:44,nombre,L01120445,P1204400D,40.454308,0.277291,Cervera del Maestre
12045,8,Cinctorres,12,10,Castelló/Castellón,ES522,12:45,nombre,L01120458,P1204500A,40.581703,-0.216062,Cinctorres
12046,1,Cirat,12,10,Castelló/Castellón,ES522,12:46,nombre,L01120461,P1204600I,40.05515,-0.462319,Cirat
12048,3,Cortes de Arenoso,12,10,Castelló/Castellón,ES522,12:48,nombre,L01120483,P1204800E,40.186414,-0.542001,Cortes de Arenoso
12049,6,Costur,12,10,Castelló/Castellón,ES522,12:49,nombre,L01120496,P1204900C,40.120218,-0.173392,Costur
12050,9,"Coves de Vinromà, les",12,10,Castelló/Castellón,ES522,12:50,nombre,L01120509,P1205000A,40.30961,0.121875,les Coves de Vinromà
12051,6,Culla,12,10,Castelló/Castellón,ES522,12:51,nombre,L01120516,P1205100I,40.336892,-0.165496,Culla
12052,1,Xert,12,10,Castelló/Castellón,ES522,12:52,nombre,L01120521,P1205200G,40.518272,0.157724,Xert
12053,7,Chilches/Xilxes,12,10,Castelló/Castellón,ES522,12:53,nombre,L01120537,P1205300E,39.782069,-0.187408,Chilches/Xilxes
12055,5,Xodos/Chodos,12,10,Castelló/Castellón,ES522,12:55,nombre,L01120555,P1205500J,40.244696,-0.286374,Xodos/Chodos
12056,8,Chóvar,12,10,Castelló/Castellón,ES522,12:56,nombre,L01120568,P1205600H,39.851161,-0.320769,Chóvar
12057,4,Eslida,12,10,Castelló/Castellón,ES522,12:57,nombre,L01120574,P1205700F,39.879234,-0.307827,Eslida
12058,0,Espadilla,12,10,Castelló/Castellón,ES522,12:58,nombre,L01120580,P1205800D,40.026625,-0.355022,Espadilla
12059,3,Fanzara,12,10,Castelló/Castellón,ES522,12:59,nombre,L01120593,P1205900B,40.019044,-0.316006,Fanzara
12060,7,Figueroles,12,10,Castelló/Castellón,ES522,12:60,nombre,L01120607,P1206000J,40.117305,-0.237749,Figueroles
12061,4,Forcall,12,10,Castelló/Castellón,ES522,12:61,nombre,L01120614,P1206100H,40.646177,-0.19923,Forcall
12063,5,Fuente la Reina,12,10,Castelló/Castellón,ES522,12:63,nombre,L01120635,P1206300D,40.063849,-0.609016,Fuente la Reina
12064,0,Fuentes de Ayódar,12,10,Castelló/Castellón,ES522,12:64,nombre,L01120640,P1206400B,40.020632,-0.419656,Fuentes de Ayódar
12065,3,Gaibiel,12,10,Castelló/Castellón,ES522,12:65,nombre,L01120653,P1206500I,39.926309,-0.495233,Gaibiel
12067,2,Geldo,12,10,Castelló/Castellón,ES522,12:67,nombre,L01120672,P1206700E,39.836926,-0.46631,Geldo
12068,8,Herbers,12,10,Castelló/Castellón,ES522,12:68,punto,L01120688,P1206800C,40.72107,-0.004313,Herbers
12069,1,Higueras,12,10,Castelló/Castellón,ES522,12:69,nombre,L01120691,P1206900A,39.983684,-0.503197,Higueras
12070,5,"Jana, la",12,10,Castelló/Castellón,ES522,12:70,nombre,L01120705,P1207000I,40.512774,0.25259,la Jana
12071,2,Jérica,12,10,Castelló/Castellón,ES522,12:71,nombre,L01120712,P1207100G,39.912319,-0.571559,Jérica
12072,7,Llucena/Lucena del Cid,12,10,Castelló/Castellón,ES522,12:72,nombre,L01120727,P1207200E,40.137895,-0.280068,Llucena/Lucena del Cid
12073,3,Ludiente,12,10,Castelló/Castellón,ES522,12:73,nombre,L01120733,P1207300C,40.087321,-0.371389,Ludiente
12074,8,"Llosa, la",12,10,Castelló/Castellón,ES522,12:74,nombre,L01120748,P1207400A,39.768579,-0.20663,la Llosa
12075,1,"Mata de Morella, la",12,10,Castelló/Castellón,ES522,12:75,nombre,L01120751,P1207500H,40.616423,-0.280468,la Mata de Morella
12076,4,Matet,12,10,Castelló/Castellón,ES522,12:76,nombre,L01120764,P1207600F,39.937522,-0.467744,Matet
12077,0,Moncofa,12,10,Castelló/Castellón,ES522,12:77,nombre,L01120770,P1207700D,39.807629,-0.145939,Moncofa
12078,6,Montán,12,10,Castelló/Castellón,ES522,12:78,nombre,L01120786,P1207800B,40.035258,-0.554272,Montán
12079,9,Montanejos,12,10,Castelló/Castellón,ES522,12:79,nombre,L01120799,P1207900J,40.068335,-0.522946,Montanejos
12080,3,Morella,12,10,Castelló/Castellón,ES522,12:80,nombre,L01120803,P1208000H,40.619381,-0.099073,Morella
12081,0,Navajas,12,10,Castelló/Castellón,ES522,12:81,nombre,L01120810,P1208100F,39.876548,-0.506586,Navajas
12082,5,Nules,12,10,Castelló/Castellón,ES522,12:82,nombre,L01120825,P1208200D,39.85337,-0.154806,Nules
12083,1,Olocau del Rey,12,10,Castelló/Castellón,ES522,12:83,nombre,L01120831,P1208300B,40.63749,-0.339657,Olocau del Rey
12084,6,Onda,12,10,Castelló/Castellón,ES522,12:84,nombre,L01120846,P1208400J,39.962663,-0.264285,Onda
12085,9,Orpesa/Oropesa del Mar,12,10,Castelló/Castellón,ES522,12:85,nombre,L01120859,P1208500G,40.094609,0.13476,Orpesa/Oropesa del Mar
12087,8,Palanques,12,10,Castelló/Castellón,ES522,12:87,nombre,L01120878,P1208700C,40.717581,-0.179546,Palanques
12088,4,Pavías,12,10,Castelló/Castellón,ES522,12:88,nombre,L01120884,P1208800A,39.973495,-0.482267,Pavías
12089,7,Peníscola/Peñíscola,12,10,Castelló/Castellón,ES522,12:89,nombre,L01120897,P1208900I,40.358403,0.406493,Peníscola/Peñíscola
12090,1,Pina de Montalgrao,12,10,Castelló/Castellón,ES522,12:90,nombre,L01120901,P1209000G,40.020891,-0.654741,Pina de Montalgrao
12091,8,Portell de Morella,12,10,Castelló/Castellón,ES522,12:91,nombre,L01120918,P1209100E,40.531775,-0.262921,Portell de Morella
12092,3,Puebla de Arenoso,12,10,Castelló/Castellón,ES522,12:92,nombre,L01120923,P1209200C,40.104709,-0.590958,Puebla de Arenoso
12093,9,"Pobla de Benifassà, la",12,10,Castelló/Castellón,ES522,12:93,nombre,L01120939,P1209300A,40.656242,0.156963,la Pobla de Benifassà
12094,4,"Pobla Tornesa, la",12,10,Castelló/Castellón,ES522,12:94,nombre,L01120944,P1209400I,40.101376,-0.001486,la Pobla Tornesa
12095,7,Ribesalbes,12,10,Castelló/Castellón,ES522,12:95,nombre,L01120957,P1209500F,40.0225,-0.277245,Ribesalbes
12096,0,Rossell,12,10,Castelló/Castellón,ES522,12:96,nombre,L01120960,P1209600D,40.618615,0.221553,Rossell
12097,6,Sacañet,12,10,Castelló/Castellón,ES522,12:97,nombre,L01120976,P1209700B,39.851647,-0.714763,Sacañet
12098,2,"Salzadella, la",12,10,Castelló/Castellón,ES522,12:98,nombre,L01120982,P1209800J,40.418243,0.174119,la Salzadella
12099,5,Sant Jordi/San Jorge,12,10,Castelló/Castellón,ES522,12:99,nombre,L01120995,P1209900H,40.509828,0.331076,Sant Jordi/San Jorge
12100,9,Sant Mateu,12,10,Castelló/Castellón,ES522,12:100,nombre,L01121009,P1210000D,40.465864,0.180082,Sant Mateu
12101,6,San Rafael del Río,12,10,Castelló/Castellón,ES522,12:101,nombre,L01121016,P1210100B,40.60576,0.349787,San Rafael del Río
12102,1,Santa Magdalena de Pulpis,12,10,Castelló/Castellón,ES522,12:102,nombre,L01121021,P1210200J,40.356252,0.302719,Santa Magdalena de Pulpis
12103,7,"Serratella, la",12,10,Castelló/Castellón,ES522,12:103,nombre,L01121037,P1210300H,40.313091,0.030419,la Serratella
12104,2,Segorbe,12,10,Castelló/Castellón,ES522,12:104,nombre,L01121042,P1210400F,39.85138,-0.489326,Segorbe
12105,5,Sierra Engarcerán,12,10,Castelló/Castellón,ES522,12:105,nombre,L01121055,P1210500C,40.269603,-0.019981,Sierra Engarcerán
12106,8,Soneja,12,10,Castelló/Castellón,ES522,12:106,nombre,L01121068,P1210600A,39.817412,-0.428595,Soneja
12107,4,Sot de Ferrer,12,10,Castelló/Castellón,ES522,12:107,nombre,L01121074,P1210700I,39.804891,-0.411887,Sot de Ferrer
12108,0,Suera/Sueras,12,10,Castelló/Castellón,ES522,12:108,nombre,L01121080,P1210800G,39.952194,-0.332503,Suera/Sueras
12109,3,Tales,12,10,Castelló/Castellón,ES522,12:109,nombre,L01121093,P1210900E,39.948409,-0.307955,Tales
12110,7,Teresa,12,10,Castelló/Castellón,ES522,12:110,nombre,L01121107,P1211000C,39.900188,-0.657365,Teresa
12111,4,Tírig,12,10,Castelló/Castellón,ES522,12:111,nombre,L01121114,P1211100A,40.423577,0.078884,Tírig
12112,9,Todolella,12,10,Castelló/Castellón,ES522,12:112,nombre,L01121129,P1211200I,40.645807,-0.247162,Todolella
12113,5,Toga,12,10,Castelló/Castellón,ES522,12:113,nombre,L01121135,P1211300G,40.04218,-0.36706,Toga
12114,0,Torás,12,10,Castelló/Castellón,ES522,12:114,nombre,L01121140,P1211400E,39.919385,-0.686389,Torás
12115,3,"Toro, El",12,10,Castelló/Castellón,ES522,12:115,nombre,L01121153,P1211500B,39.982467,-0.748558,El Toro
12116,6,Torralba del Pinar,12,10,Castelló/Castellón,ES522,12:116,nombre,L01121166,P1211600J,39.988919,-0.438581,Torralba del Pinar
12117,2,Torreblanca,12,10,Castelló/Castellón,ES522,12:117,nombre,L01121172,P1211700H,40.220387,0.19498,Torreblanca
12118,8,Torrechiva,12,10,Castelló/Castellón,ES522,12:118,nombre,L01121188,P1211800F,40.048164,-0.396172,Torrechiva
12119,1,"Torre d'en Besora, la",12,10,Castelló/Castellón,ES522,12:119,nombre,L01121191,P1211900D,40.326309,-0.079797,la Torre d'en Besora
12120,5,"Torre d'en Doménec, la",12,10,Castelló/Castellón,ES522,12:120,punto,L01121205,P1212000B,40.263533,0.07055,la Torre d'en Doménec
12121,2,Traiguera,12,10,Castelló/Castellón,ES522,12:121,nombre,L01121212,P1212100J,40.524449,0.289836,Traiguera
12122,7,"Useres, les/Useras",12,10,Castelló/Castellón,ES522,12:122,nombre,L01121227,P1212200H,40.157244,-0.162826,les Useres/Useras
12123,3,Vallat,12,10,Castelló/Castellón,ES522,12:123,nombre,L01121233,P1212300F,40.030164,-0.337128,Vallat
12124,8,Vall d'Alba,12,10,Castelló/Castellón,ES522,12:124,nombre,L01121248,P1212400D,40.176598,-0.036268,Vall d'Alba
12125,1,Vall de Almonacid,12,10,Castelló/Castellón,ES522,12:125,nombre,L01121251,P1212500A,39.903861,-0.4566,Vall de Almonacid
12126,4,"Vall d'Uixó, la",12,10,Castelló/Castellón,ES522,12:126,nombre,L01121264,P1212600I,39.823869,-0.232403,la Vall d'Uixó
12127,0,Vallibona,12,10,Castelló/Castellón,ES522,12:127,nombre,L01121270,P1212700G,40.602355,0.047391,Vallibona
12128,6,Vilafamés,12,10,Castelló/Castellón,ES522,12:128,nombre,L01121286,P1212800E,40.114505,-0.054329,Vilafamés
12129,9,Vilafranca/Villafranca del Cid,12,10,Castelló/Castellón,ES522,12:129,nombre,L01121299,P1212900C,40.427776,-0.258162,Vilafranca/Villafranca del Cid
12130,3,Villahermosa del Río,12,10,Castelló/Castellón,ES522,12:130,nombre,L01121303,P1213000A,40.202794,-0.417847,Villahermosa del Río
12131,0,Villamalur,12,10,Castelló/Castellón,ES522,12:131,nombre,L01121310,P1213100I,39.964275,-0.394625,Villamalur
12132,5,Vilanova d'Alcolea,12,10,Castelló/Castellón,ES522,12:132,nombre,L01121325,P1213200G,40.231044,0.072823,Vilanova d'Alcolea
12133,1,Villanueva de Viver,12,10,Castelló/Castellón,ES522,12:133,nombre,L01121331,P1213300E,40.059019,-0.646566,Villanueva de Viver
12134,6,Vilar de Canes,12,10,Castelló/Castellón,ES522,12:134,nombre,L01121346,P1213400C,40.358407,-0.065748,Vilar de Canes
12135,9,Vila-real,12,10,Castelló/Castellón,ES522,12:135,nombre,L01121359,P1213500J,39.936657,-0.101304,Vila-real
12136,2,"Vilavella, la",12,10,Castelló/Castellón,ES522,12:136,nombre,L01121362,P1213600H,39.858783,-0.184464,la Vilavella
12137,8,Villores,12,10,Castelló/Castellón,ES522,12:137,nombre,L01121378,P1213700F,40.676146,-0.200598,Villores
12138,4,Vinaròs,12,10,Castelló/Castellón,ES522,12:138,nombre,L01121384,P1213800D,40.47065,0.474684,Vinaròs
12139,7,Vistabella del Maestrat,12,10,Castelló/Castellón,ES522,12:139,nombre,L01121397,P1213900B,40.293626,-0.29291,Vistabella del Maestrat
12140,1,Viver,12,10,Castelló/Castellón,ES522,12:140,nombre,L01121401,P1214000J,39.920915,-0.59579,Viver
12141,8,Zorita del Maestrazgo,12,10,Castelló/Castellón,ES522,12:141,nombre,L01121418,P1214100H,40.728731,-0.167046,Zorita del Maestrazgo
12142,3,Zucaina,12,10,Castelló/Castellón,ES522,12:142,nombre,L01121423,P1214200F,40.131804,-0.418166,Zucaina
12901,8,"Alqueries, les/Alquerías del Niño Perdido",12,10,Castelló/Castellón,ES522,12:143,nombre,L01129018,P1214300D,39.896357,-0.114818,les Alqueries/Alquerías del Niño Perdido
12902,3,Sant Joan de Moró,12,10,Castelló/Castellón,ES522,12:144,nombre,L01129023,P1214400B,40.06022,-0.139568,Sant Joan de Moró
13001,3,Abenójar,13,08,Ciudad Real,ES422,13:1,nombre,L01130013,P1300100C,38.880128,-4.355433,Abenójar
13002,8,Agudo,13,08,Ciudad Real,ES422,13:2,nombre,L01130028,P1300200A,38.983441,-4.871223,Agudo
13003,4,Alamillo,13,08,Ciudad Real,ES422,13:3,nombre,L01130034,P1300300I,38.677105,-4.790422,Alamillo
13004,9,Albaladejo,13,08,Ciudad Real,ES422,13:4,nombre,L01130049,P1300400G,38.617858,-2.806748,Albaladejo
13005,2,Alcázar de San Juan,13,08,Ciudad Real,ES422,13:5,nombre,L01130052,P1300500D,39.389068,-3.210533,Alcázar de San Juan
13006,5,Alcoba,13,08,Ciudad Real,ES422,13:6,nombre,L01130065,P1300600B,39.259951,-4.477153,Alcoba
13007,1,Alcolea de Calatrava,13,08,Ciudad Real,ES422,13:7,nombre,L01130071,P1300700J,38.987335,-4.115882,Alcolea de Calatrava
13008,7,Alcubillas,13,08,Ciudad Real,ES422,13:8,nombre,L01130087,P1300800H,38.752338,-3.134675,Alcubillas
13009,0,Aldea del Rey,13,08,Ciudad Real,ES422,13:9,nombre,L01130090,P1300900F,38.738485,-3.83942,Aldea del Rey
13010,4,Alhambra,13,08,Ciudad Real,ES422,13:10,nombre,L01130104,P1301000D,38.899609,-3.053446,Alhambra
13011,1,Almadén,13,08,Ciudad Real,ES422,13:11,nombre,L01130111,P1301100B,38.7755,-4.836425,Almadén
13012,6,Almadenejos,13,08,Ciudad Real,ES422,13:12,nombre,L01130126,P1301200J,38.738587,-4.71224,Almadenejos
13013,2,Almagro,13,08,Ciudad Real,ES422,13:13,nombre,L01130132,P1301300H,38.888766,-3.710884,Almagro
13014,7,Almedina,13,08,Ciudad Real,ES422,13:14,nombre,L01130147,P1301400F,38.624184,-2.955066,Almedina
13015,0,Almodóvar del Campo,13,08,Ciudad Real,ES422,13:15,nombre,L01130150,P1301500C,38.709273,-4.179948,Almodóvar del Campo
13016,3,Almuradiel,13,08,Ciudad Real,ES422,13:16,nombre,L01130163,P1301600A,38.513219,-3.497368,Almuradiel
13017,9,Anchuras,13,08,Ciudad Real,ES422,13:17,nombre,L01130179,P1301700I,39.479793,-4.836028,Anchuras
13018,5,Arenas de San Juan,13,08,Ciudad Real,ES422,13:18,nombre,L01130185,P1301800G,39.219802,-3.502975,Arenas de San Juan
13019,8,Argamasilla de Alba,13,08,Ciudad Real,ES422,13:19,nombre,L01130198,P1301900E,39.128615,-3.090097,Argamasilla de Alba
13020,2,Argamasilla de Calatrava,13,08,Ciudad Real,ES422,13:20,nombre,L01130202,P1302000C,38.727251,-4.078466,Argamasilla de Calatrava
13021,9,Arroba de los Montes,13,08,Ciudad Real,ES422,13:21,nombre,L01130219,P1302100A,39.153452,-4.544089,Arroba de los Montes
13022,4,Ballesteros de Calatrava,13,08,Ciudad Real,ES422,13:22,nombre,L01130224,P1302200I,38.836643,-3.944356,Ballesteros de Calatrava
13023,0,Bolaños de Calatrava,13,08,Ciudad Real,ES422,13:23,nombre,L01130230,P1302300G,38.905918,-3.666676,Bolaños de Calatrava
13024,5,Brazatortas,13,08,Ciudad Real,ES422,13:24,nombre,L01130245,P1302400E,38.658465,-4.292951,Brazatortas
13025,8,Cabezarados,13,08,Ciudad Real,ES422,13:25,nombre,L01130258,P1302500B,38.845618,-4.296934,Cabezarados
13026,1,Cabezarrubias del Puerto,13,08,Ciudad Real,ES422,13:26,nombre,L01130261,P1302600J,38.614821,-4.184011,Cabezarrubias del Puerto
13027,7,Calzada de Calatrava,13,08,Ciudad Real,ES422,13:27,nombre,L01130277,P1302700H,38.704602,-3.776864,Calzada de Calatrava
13028,3,Campo de Criptana,13,08,Ciudad Real,ES422,13:28,nombre,L01130283,P1302800F,39.405246,-3.125413,Campo de Criptana
13029,6,Cañada de Calatrava,13,08,Ciudad Real,ES422,13:29,nombre,L01130296,P1302900D,38.854531,-4.021305,Cañada de Calatrava
13030,0,Caracuel de Calatrava,13,08,Ciudad Real,ES422,13:30,nombre,L01130300,P1303000B,38.844697,-4.063115,Caracuel de Calatrava
13031,7,Carrión de Calatrava,13,08,Ciudad Real,ES422,13:31,nombre,L01130317,P1303100J,39.018908,-3.816641,Carrión de Calatrava
13032,2,Carrizosa,13,08,Ciudad Real,ES422,13:32,nombre,L01130322,P1303200H,38.84215,-2.99198,Carrizosa
13033,8,Castellar de Santiago,13,08,Ciudad Real,ES422,13:33,nombre,L01130338,P1303300F,38.540314,-3.278346,Castellar de Santiago
13034,3,Ciudad Real,13,08,Ciudad Real,ES422,13:900,nombre,L01130343,P1303400D,38.984898,-3.928485,Ciudad Real
13035,6,Corral de Calatrava,13,08,Ciudad Real,ES422,13:35,nombre,L01130356,P1303500A,38.859453,-4.081433,Corral de Calatrava
13036,9,"Cortijos, Los",13,08,Ciudad Real,ES422,13:36,nombre,L01130369,P1303600I,39.3181,-4.066118,Cortijos de Arriba
13037,5,Cózar,13,08,Ciudad Real,ES422,13:37,nombre,L01130375,P1303700G,38.660835,-3.073517,Cózar
13038,1,Chillón,13,08,Ciudad Real,ES422,13:38,nombre,L01130381,P1303800E,38.796605,-4.867088,Chillón
13039,4,Daimiel,13,08,Ciudad Real,ES422,13:39,nombre,L01130394,P1303900C,39.069358,-3.612387,Daimiel
13040,8,Fernán Caballero,13,08,Ciudad Real,ES422,13:40,nombre,L01130408,P1304000A,39.124663,-3.90219,Fernán Caballero
13041,5,Fontanarejo,13,08,Ciudad Real,ES422,13:41,nombre,L01130415,P1304100I,39.21977,-4.51851,Fontanarejo
13042,0,Fuencaliente,13,08,Ciudad Real,ES422,13:42,nombre,L01130420,P1304200G,38.406432,-4.305972,Fuencaliente
13043,6,Fuenllana,13,08,Ciudad Real,ES422,13:43,nombre,L01130436,P1304300E,38.757003,-2.959277,Fuenllana
13044,1,Fuente el Fresno,13,08,Ciudad Real,ES422,13:44,nombre,L01130441,P1304400C,39.228406,-3.774957,Fuente el Fresno
13045,4,Granátula de Calatrava,13,08,Ciudad Real,ES422,13:45,nombre,L01130454,P1304500J,38.795191,-3.742582,Granátula de Calatrava
13046,7,Guadalmez,13,08,Ciudad Real,ES422,13:46,nombre,L01130467,P1304600H,38.726441,-4.972222,Guadalmez
13047,3,Herencia,13,08,Ciudad Real,ES422,13:47,nombre,L01130473,P1304700F,39.365284,-3.355253,Herencia
13048,9,Hinojosas de Calatrava,13,08,Ciudad Real,ES422,13:48,nombre,L01130489,P1304800D,38.61483,-4.140812,Hinojosas de Calatrava
13049,2,Horcajo de los Montes,13,08,Ciudad Real,ES422,13:49,nombre,L01130492,P1304900B,39.326173,-4.650659,Horcajo de los Montes
13050,5,"Labores, Las",13,08,Ciudad Real,ES422,13:50,nombre,L01130505,P1305000J,39.274774,-3.519137,Las Labores
13051,2,Luciana,13,08,Ciudad Real,ES422,13:51,nombre,L01130512,P1305100H,38.984814,-4.293464,Luciana
13052,7,Malagón,13,08,Ciudad Real,ES422,13:52,nombre,L01130527,P1305200F,39.170803,-3.853594,Malagón
13053,3,Manzanares,13,08,Ciudad Real,ES422,13:53,nombre,L01130533,P1305300D,38.99608,-3.371842,Manzanares
13054,8,Membrilla,13,08,Ciudad Real,ES422,13:54,nombre,L01130548,P1305400B,38.972857,-3.348755,Membrilla
13055,1,Mestanza,13,08,Ciudad Real,ES422,13:55,nombre,L01130551,P1305500I,38.574928,-4.070902,Mestanza
13056,4,Miguelturra,13,08,Ciudad Real,ES422,13:56,nombre,L01130564,P1305600G,38.964669,-3.889406,Miguelturra
13057,0,Montiel,13,08,Ciudad Real,ES422,13:57,nombre,L01130570,P1305700E,38.697879,-2.864708,Montiel
13058,6,Moral de Calatrava,13,08,Ciudad Real,ES422,13:58,nombre,L01130586,P1305800C,38.830829,-3.579719,Moral de Calatrava
13059,9,Navalpino,13,08,Ciudad Real,ES422,13:59,nombre,L01130599,P1305900A,39.225308,-4.590928,Navalpino
13060,3,Navas de Estena,13,08,Ciudad Real,ES422,13:60,nombre,L01130603,P1306000I,39.495478,-4.521714,Navas de Estena
13061,0,Pedro Muñoz,13,08,Ciudad Real,ES422,13:61,nombre,L01130610,P1306100G,39.406089,-2.9474,Pedro Muñoz
13062,5,Picón,13,08,Ciudad Real,ES422,13:62,nombre,L01130625,P1306200E,39.049805,-4.060265,Picón
13063,1,Piedrabuena,13,08,Ciudad Real,ES422,13:63,nombre,L01130631,P1306300C,39.035845,-4.174066,Piedrabuena
13064,6,Poblete,13,08,Ciudad Real,ES422,13:64,nombre,L01130646,P1306400A,38.935379,-3.981267,Poblete
13065,9,Porzuna,13,08,Ciudad Real,ES422,13:65,nombre,L01130659,P1306500H,39.146693,-4.154107,Porzuna
13066,2,Pozuelo de Calatrava,13,08,Ciudad Real,ES422,13:66,nombre,L01130662,P1306600F,38.91221,-3.836707,Pozuelo de Calatrava
13067,8,"Pozuelos de Calatrava, Los",13,08,Ciudad Real,ES422,13:67,nombre,L01130678,P1306700D,38.90035,-4.169368,Los Pozuelos de Calatrava
13068,4,Puebla de Don Rodrigo,13,08,Ciudad Real,ES422,13:68,nombre,L01130684,P1306800B,39.08686,-4.620496,Puebla de Don Rodrigo
13069,7,Puebla del Príncipe,13,08,Ciudad Real,ES422,13:69,nombre,L01130697,P1306900J,38.566502,-2.925233,Puebla del Príncipe
13070,1,Puerto Lápice,13,08,Ciudad Real,ES422,13:70,nombre,L01130701,P1307000H,39.32436,-3.481052,Puerto Lápice
13071,8,Puertollano,13,08,Ciudad Real,ES422,13:71,nombre,L01130718,P1307100F,38.686607,-4.111065,Puertollano
13072,3,Retuerta del Bullaque,13,08,Ciudad Real,ES422,13:72,nombre,L01130723,P1307200D,39.461839,-4.409474,Retuerta del Bullaque
13073,9,Saceruela,13,08,Ciudad Real,ES422,13:73,nombre,L01130739,P1307300B,38.943804,-4.609675,Saceruela
13074,4,San Carlos del Valle,13,08,Ciudad Real,ES422,13:74,nombre,L01130744,P1307400J,38.843983,-3.241462,San Carlos del Valle
13075,7,San Lorenzo de Calatrava,13,08,Ciudad Real,ES422,13:75,nombre,L01130757,P1307500G,38.477114,-3.824693,San Lorenzo de Calatrava
13076,0,Santa Cruz de los Cáñamos,13,08,Ciudad Real,ES422,13:76,nombre,L01130760,P1307600E,38.63669,-2.866588,Santa Cruz de los Cáñamos
13077,6,Santa Cruz de Mudela,13,08,Ciudad Real,ES422,13:77,nombre,L01130776,P1307700C,38.643908,-3.469213,Santa Cruz de Mudela
13078,2,Socuéllamos,13,08,Ciudad Real,ES422,13:78,nombre,L01130782,P1307800A,39.286477,-2.79259,Socuéllamos
13079,5,"Solana, La",13,08,Ciudad Real,ES422,13:79,nombre,L01130795,P1307900I,38.94218,-3.238765,La Solana
13080,9,Solana del Pino,13,08,Ciudad Real,ES422,13:80,nombre,L01130809,P1308000G,38.466236,-4.074452,Solana del Pino
13081,6,Terrinches,13,08,Ciudad Real,ES422,13:81,nombre,L01130816,P1308100E,38.610052,-2.84154,Terrinches
13082,1,Tomelloso,13,08,Ciudad Real,ES422,13:82,nombre,L01130821,P1308200C,39.158777,-3.021529,Tomelloso
13083,7,Torralba de Calatrava,13,08,Ciudad Real,ES422,13:83,nombre,L01130837,P1308300A,39.016015,-3.749956,Torralba de Calatrava
13084,2,Torre de Juan Abad,13,08,Ciudad Real,ES422,13:84,nombre,L01130842,P1308400I,38.583349,-3.06163,Torre de Juan Abad
13085,5,Torrenueva,13,08,Ciudad Real,ES422,13:85,nombre,L01130855,P1308500F,38.640091,-3.365195,Torrenueva
13086,8,Valdemanco del Esteras,13,08,Ciudad Real,ES422,13:86,nombre,L01130868,P1308600D,38.938278,-4.830628,Valdemanco del Esteras
13087,4,Valdepeñas,13,08,Ciudad Real,ES422,13:87,nombre,L01130874,P1308700B,38.760191,-3.385216,Valdepeñas
13088,0,Valenzuela de Calatrava,13,08,Ciudad Real,ES422,13:88,nombre,L01130880,P1308800J,38.852005,-3.771797,Valenzuela de Calatrava
13089,3,Villahermosa,13,08,Ciudad Real,ES422,13:89,nombre,L01130893,P1308900H,38.750311,-2.871328,Villahermosa
13090,7,Villamanrique,13,08,Ciudad Real,ES422,13:90,nombre,L01130907,P1309000F,38.546621,-2.998482,Villamanrique
13091,4,Villamayor de Calatrava,13,08,Ciudad Real,ES422,13:91,nombre,L01130914,P1309100D,38.788286,-4.137489,Villamayor de Calatrava
13092,9,Villanueva de la Fuente,13,08,Ciudad Real,ES422,13:92,nombre,L01130929,P1309200B,38.691625,-2.69429,Villanueva de la Fuente
13093,5,Villanueva de los Infantes,13,08,Ciudad Real,ES422,13:93,nombre,L01130935,P1309300J,38.736736,-3.014951,Villanueva de los Infantes
13094,0,Villanueva de San Carlos,13,08,Ciudad Real,ES422,13:94,nombre,L01130940,P1309400H,38.621988,-3.910041,Villanueva de San Carlos
13095,3,Villar del Pozo,13,08,Ciudad Real,ES422,13:95,nombre,L01130953,P1309500E,38.849761,-3.963557,Villar del Pozo
13096,6,Villarrubia de los Ojos,13,08,Ciudad Real,ES422,13:96,nombre,L01130966,P1309600C,39.217955,-3.607635,Villarrubia de los Ojos
13097,2,Villarta de San Juan,13,08,Ciudad Real,ES422,13:97,nombre,L01130972,P1309700A,39.238862,-3.424763,Villarta de San Juan
13098,8,Viso del Marqués,13,08,Ciudad Real,ES422,13:98,nombre,L01130988,P1309800I,38.52128,-3.564708,Viso del Marqués
13901,4,"Robledo, El",13,08,Ciudad Real,ES422,13:99,nombre,L01139014,P1309900G,39.219313,-4.280756,El Robledo
13902,9,Ruidera,13,08,Ciudad Real,ES422,13:100,nombre,L01139029,P1310000C,38.977464,-2.883966,Ruidera
13903,5,Arenales de San Gregorio,13,08,Ciudad Real,ES422,13:101,nombre,L01139035,P1300020C,39.30852,-3.025126,Arenales de San Gregorio
13904,0,Llanos del Caudillo,13,08,Ciudad Real,ES422,13:102,nombre,L01139040,P1300006B,39.118533,-3.352053,Llanos del Caudillo
14001,8,Adamuz,14,01,Córdoba,ES613,14:1,nombre,L01140018,P1400100B,38.027393,-4.524984,Adamuz
14002,3,Aguilar de la Frontera,14,01,Córdoba,ES613,14:2,nombre,L01140023,P1400200J,37.514866,-4.656246,Aguilar de la Frontera
14003,9,Alcaracejos,14,01,Córdoba,ES613,14:3,nombre,L01140039,P1400300H,38.388227,-4.967604,Alcaracejos
14004,4,Almedinilla,14,01,Córdoba,ES613,14:4,nombre,L01140044,P1400400F,37.438897,-4.090895,Almedinilla
14005,7,Almodóvar del Río,14,01,Córdoba,ES613,14:5,nombre,L01140057,P1400500C,37.809775,-5.019702,Almodóvar del Río
14006,0,Añora,14,01,Córdoba,ES613,14:6,nombre,L01140060,P1400600A,38.412219,-4.897853,Añora
14007,6,Baena,14,01,Córdoba,ES613,14:7,nombre,L01140076,P1400700I,37.614427,-4.326333,Baena
14008,2,Belalcázar,14,01,Córdoba,ES613,14:8,nombre,L01140082,P1400800G,38.578373,-5.167113,Belalcázar
14009,5,Belmez,14,01,Córdoba,ES613,14:9,nombre,L01140095,P1400900E,38.272417,-5.208668,Belmez
14010,9,Benamejí,14,01,Córdoba,ES613,14:10,nombre,L01140109,P1401000C,37.267529,-4.540485,Benamejí
14011,6,"Blázquez, Los",14,01,Córdoba,ES613,14:11,nombre,L01140116,P1401100A,38.406691,-5.438395,Los Blázquez
14012,1,Bujalance,14,01,Córdoba,ES613,14:12,nombre,L01140121,P1401200I,37.89693,-4.382675,Bujalance
14013,7,Cabra,14,01,Córdoba,ES613,14:13,nombre,L01140137,P1401300G,37.473349,-4.44244,Cabra
14014,2,Cañete de las Torres,14,01,Córdoba,ES613,14:14,nombre,L01140142,P1401400E,37.86754,-4.31886,Cañete de las Torres
14015,5,Carcabuey,14,01,Córdoba,ES613,14:15,nombre,L01140155,P1401500B,37.443598,-4.273622,Carcabuey
14016,8,Cardeña,14,01,Córdoba,ES613,14:16,nombre,L01140168,P1401600J,38.270273,-4.323837,Cardeña
14017,4,"Carlota, La",14,01,Córdoba,ES613,14:17,nombre,L01140174,P1401700H,37.673631,-4.932693,La Carlota
14018,0,"Carpio, El",14,01,Córdoba,ES613,14:18,nombre,L01140180,P1401800F,37.940722,-4.498562,El Carpio
14019,3,Castro del Río,14,01,Córdoba,ES613,14:19,nombre,L01140193,P1401900D,37.688752,-4.481526,Castro del Río
14020,7,Conquista,14,01,Córdoba,ES613,14:20,nombre,L01140207,P1402000B,38.408426,-4.50093,Conquista
14021,4,Córdoba,14,01,Córdoba,ES613,14:900,nombre,L01140214,P1402100J,37.8852,-4.776242,Córdoba
14022,9,Doña Mencía,14,01,Córdoba,ES613,14:22,nombre,L01140229,P1402200H,37.554496,-4.357655,Doña Mencía
14023,5,Dos Torres,14,01,Córdoba,ES613,14:23,nombre,L01140235,P1402300F,38.44511,-4.894821,Dos Torres
14024,0,Encinas Reales,14,01,Córdoba,ES613,14:24,nombre,L01140240,P1402400D,37.275081,-4.490052,Encinas Reales
14025,3,Espejo,14,01,Córdoba,ES613,14:25,nombre,L01140253,P1402500A,37.682404,-4.552266,Espejo
14026,6,Espiel,14,01,Córdoba,ES613,14:26,nombre,L01140266,P1402600I,38.188533,-5.018345,Espiel
14027,2,Fernán-Núñez,14,01,Córdoba,ES613,14:27,nombre,L01140272,P1402700G,37.672188,-4.723994,Fernán-Núñez
14028,8,Fuente la Lancha,14,01,Córdoba,ES613,14:28,nombre,L01140288,P1402800E,38.422353,-5.049059,Fuente la Lancha
14029,1,Fuente Obejuna,14,01,Córdoba,ES613,14:29,nombre,L01140291,P1402900C,38.267049,-5.419813,Fuente Obejuna
14030,5,Fuente Palmera,14,01,Córdoba,ES613,14:30,nombre,L01140305,P1403000A,37.703391,-5.104144,Fuente Palmera
14031,2,Fuente-Tójar,14,01,Córdoba,ES613,14:31,nombre,L01140312,P1403100I,37.509376,-4.145165,Fuente-Tójar
14032,7,"Granjuela, La",14,01,Córdoba,ES613,14:32,nombre,L01140327,P1403200G,38.37107,-5.351331,La Granjuela
14033,3,Guadalcázar,14,01,Córdoba,ES613,14:33,nombre,L01140333,P1403300E,37.757618,-4.944719,Guadalcázar
14034,8,"Guijo, El",14,01,Córdoba,ES613,14:34,nombre,L01140348,P1403400C,38.495965,-4.782906,El Guijo
14035,1,Hinojosa del Duque,14,01,Córdoba,ES613,14:35,nombre,L01140351,P1403500J,38.500203,-5.147767,Hinojosa del Duque
14036,4,Hornachuelos,14,01,Córdoba,ES613,14:36,nombre,L01140364,P1403600H,37.83096,-5.242948,Hornachuelos
14037,0,Iznájar,14,01,Córdoba,ES613,14:37,nombre,L01140370,P1403700F,37.257296,-4.308217,Iznájar
14038,6,Lucena,14,01,Córdoba,ES613,14:38,nombre,L01140386,P1403800D,37.408807,-4.485678,Lucena
14039,9,Luque,14,01,Córdoba,ES613,14:39,nombre,L01140399,P1403900B,37.559371,-4.27653,Luque
14040,3,Montalbán de Córdoba,14,01,Córdoba,ES613,14:40,nombre,L01140403,P1404000J,37.582968,-4.74972,Montalbán de Córdoba
14041,0,Montemayor,14,01,Córdoba,ES613,14:41,nombre,L01140410,P1404100H,37.648709,-4.69907,Montemayor
14042,5,Montilla,14,01,Córdoba,ES613,14:42,nombre,L01140425,P1404200F,37.586298,-4.640012,Montilla
14043,1,Montoro,14,01,Córdoba,ES613,14:43,nombre,L01140431,P1404300D,38.026191,-4.381737,Montoro
14044,6,Monturque,14,01,Córdoba,ES613,14:44,nombre,L01140446,P1404400B,37.473373,-4.581733,Monturque
14045,9,Moriles,14,01,Córdoba,ES613,14:45,nombre,L01140459,P1404500I,37.435267,-4.608758,Moriles
14046,2,Nueva Carteya,14,01,Córdoba,ES613,14:46,nombre,L01140462,P1404600G,37.585785,-4.467196,Nueva Carteya
14047,8,Obejo,14,01,Córdoba,ES613,14:47,nombre,L01140478,P1404700E,38.133869,-4.800763,Obejo
14048,4,Palenciana,14,01,Córdoba,ES613,14:48,nombre,L01140484,P1404800C,37.249295,-4.583917,Palenciana
14049,7,Palma del Río,14,01,Córdoba,ES613,14:49,nombre,L01140497,P1404900A,37.701683,-5.283661,Palma del Río
14050,0,Pedro Abad,14,01,Córdoba,ES613,14:50,nombre,L01140500,P1405000I,37.967212,-4.457185,Pedro Abad
14051,7,Pedroche,14,01,Córdoba,ES613,14:51,nombre,L01140517,P1405100G,38.428781,-4.763201,Pedroche
14052,2,Peñarroya-Pueblonuevo,14,01,Córdoba,ES613,14:52,nombre,L01140522,P1405200E,38.299749,-5.268573,Peñarroya-Pueblonuevo
14053,8,Posadas,14,01,Córdoba,ES613,14:53,nombre,L01140538,P1405300C,37.800536,-5.107076,Posadas
14054,3,Pozoblanco,14,01,Córdoba,ES613,14:54,nombre,L01140543,P1405400A,38.377211,-4.848193,Pozoblanco
14055,6,Priego de Córdoba,14,01,Córdoba,ES613,14:55,nombre,L01140556,P1405500H,37.438948,-4.194987,Priego de Córdoba
14056,9,Puente Genil,14,01,Córdoba,ES613,14:56,nombre,L01140569,P1405600F,37.387653,-4.778623,Puente Genil
14057,5,"Rambla, La",14,01,Córdoba,ES613,14:57,nombre,L01140575,P1405700D,37.608091,-4.74195,La Rambla
14058,1,Rute,14,01,Córdoba,ES613,14:58,nombre,L01140581,P1405800B,37.325632,-4.371164,Rute
14059,4,San Sebastián de los Ballesteros,14,01,Córdoba,ES613,14:59,nombre,L01140594,P1405900J,37.654697,-4.824883,San Sebastián de los Ballesteros
14060,8,Santaella,14,01,Córdoba,ES613,14:60,nombre,L01140608,P1406000H,37.566428,-4.845415,Santaella
14061,5,Santa Eufemia,14,01,Córdoba,ES613,14:61,nombre,L01140615,P1406100F,38.595384,-4.902732,Santa Eufemia
14062,0,Torrecampo,14,01,Córdoba,ES613,14:62,nombre,L01140620,P1406200D,38.475115,-4.679316,Torrecampo
14063,6,Valenzuela,14,01,Córdoba,ES613,14:63,nombre,L01140636,P1406300B,37.775244,-4.219862,Valenzuela
14064,1,Valsequillo,14,01,Córdoba,ES613,14:64,nombre,L01140641,P1406400J,38.404931,-5.351335,Valsequillo
14065,4,"Victoria, La",14,01,Córdoba,ES613,14:65,nombre,L01140654,P1406500G,37.681035,-4.852638,La Victoria
14066,7,Villa del Río,14,01,Córdoba,ES613,14:66,nombre,L01140667,P1406600E,37.98238,-4.290765,Villa del Río
14067,3,Villafranca de Córdoba,14,01,Córdoba,ES613,14:67,nombre,L01140673,P1406700C,37.962032,-4.545727,Villafranca de Córdoba
14068,9,Villaharta,14,01,Córdoba,ES613,14:68,nombre,L01140689,P1406800A,38.139621,-4.901533,Villaharta
14069,2,Villanueva de Córdoba,14,01,Córdoba,ES613,14:69,nombre,L01140692,P1406900I,38.322919,-4.628397,Villanueva de Córdoba
14070,6,Villanueva del Duque,14,01,Córdoba,ES613,14:70,nombre,L01140706,P1407000G,38.392927,-5.000185,Villanueva del Duque
14071,3,Villanueva del Rey,14,01,Córdoba,ES613,14:71,nombre,L01140713,P1407100E,38.199612,-5.151411,Villanueva del Rey
14072,8,Villaralto,14,01,Córdoba,ES613,14:72,nombre,L01140728,P1407200C,38.455684,-4.984378,Villaralto
14073,4,Villaviciosa de Córdoba,14,01,Córdoba,ES613,14:73,nombre,L01140734,P1407300A,38.07624,-5.01427,Villaviciosa de Córdoba
14074,9,"Viso, El",14,01,Córdoba,ES613,14:74,nombre,L01140749,P1407400I,38.48267,-4.955424,El Viso
14075,2,Zuheros,14,01,Córdoba,ES613,14:75,nombre,L01140752,P1407500F,37.54308,-4.316356,Zuheros
14901,9,Fuente Carreteros,14,01,Córdoba,ES613,14:76,nombre,L01149019,P1400007I,37.66912,-5.155498,Aldea de Fuente Carreteros
14902,4,"Guijarrosa, La",14,01,Córdoba,ES613,14:77,nombre,L01149024,P1400041H,37.636596,-4.864922,La Guijarrosa
15001,1,Abegondo,15,12,"Coruña, A",ES111,15:1,nombre,L01150011,P1500100A,43.227281,-8.288772,San Marco
15002,6,Ames,15,12,"Coruña, A",ES111,15:2,nombre,L01150026,P1500200I,42.859455,-8.650329,Bertamiráns
15003,2,Aranga,15,12,"Coruña, A",ES111,15:3,nombre,L01150032,P1500300G,43.23404,-8.016029,Ponte Aranga
15004,7,Ares,15,12,"Coruña, A",ES111,15:4,nombre,L01150047,P1500400E,43.426559,-8.24366,Ares
15005,0,Arteixo,15,12,"Coruña, A",ES111,15:5,nombre,L01150050,P1500500B,43.304745,-8.50507,A Baiuca
15006,3,Arzúa,15,12,"Coruña, A",ES111,15:6,nombre,L01150063,P1500600J,42.926926,-8.164047,Arzúa
15007,9,"Baña, A",15,12,"Coruña, A",ES111,15:7,nombre,L01150079,P1500700H,42.961898,-8.758003,San Vicenzo
15008,5,Bergondo,15,12,"Coruña, A",ES111,15:8,nombre,L01150085,P1500800F,43.312564,-8.231979,Carrio
15009,8,Betanzos,15,12,"Coruña, A",ES111,15:9,nombre,L01150098,P1500900D,43.281156,-8.211516,Betanzos
15010,2,Boimorto,15,12,"Coruña, A",ES111,15:10,nombre,L01150102,P1501000B,43.001558,-8.133046,A Gándara
15011,9,Boiro,15,12,"Coruña, A",ES111,15:11,nombre,L01150119,P1501100J,42.647057,-8.882718,Boiro de Arriba
15012,4,Boqueixón,15,12,"Coruña, A",ES111,15:12,nombre,L01150124,P1501200H,42.827131,-8.417213,O Forte
15013,0,Brión,15,12,"Coruña, A",ES111,15:13,nombre,L01150130,P1501300F,42.866191,-8.678697,Pedrouzos
15014,5,Cabana de Bergantiños,15,12,"Coruña, A",ES111,15:14,nombre,L01150145,P1501400D,43.219223,-8.929646,A Carballa
15015,8,Cabanas,15,12,"Coruña, A",ES111,15:15,nombre,L01150158,P1501500A,43.417619,-8.159554,Cabanas
15016,1,Camariñas,15,12,"Coruña, A",ES111,15:16,nombre,L01150161,P1501600I,43.130206,-9.180683,Camariñas
15017,7,Cambre,15,12,"Coruña, A",ES111,15:17,nombre,L01150177,P1501700G,43.292629,-8.344704,Cambre
15018,3,"Capela, A",15,12,"Coruña, A",ES111,15:18,nombre,L01150183,P1501800E,43.435524,-8.07239,As Neves
15019,6,Carballo,15,12,"Coruña, A",ES111,15:19,nombre,L01150196,P1501900C,43.213384,-8.689273,Carballo
15020,0,Carnota,15,12,"Coruña, A",ES111,15:20,nombre,L01150200,P1502000A,42.820927,-9.0871,Carnota
15021,7,Carral,15,12,"Coruña, A",ES111,15:21,nombre,L01150217,P1502100I,43.228946,-8.357073,Carral
15022,2,Cedeira,15,12,"Coruña, A",ES111,15:22,nombre,L01150222,P1502200G,43.660627,-8.056528,Cedeira
15023,8,Cee,15,12,"Coruña, A",ES111,15:23,nombre,L01150238,P1502300E,42.955428,-9.19013,Cee
15024,3,Cerceda,15,12,"Coruña, A",ES111,15:24,nombre,L01150243,P1502400C,43.188891,-8.470885,O Campo da Feira
15025,6,Cerdido,15,12,"Coruña, A",ES111,15:25,nombre,L01150256,P1502500J,43.621157,-7.998493,A Vila da Igrexa
15027,5,Coirós,15,12,"Coruña, A",ES111,15:27,nombre,L01150275,P1502700F,43.250337,-8.166265,Coirós de Arriba
15028,1,Corcubión,15,12,"Coruña, A",ES111,15:28,nombre,L01150281,P1502800D,42.944392,-9.19432,Corcubión
15029,4,Coristanco,15,12,"Coruña, A",ES111,15:29,nombre,L01150294,P1502900B,43.187408,-8.737104,San Roque
15030,8,"Coruña, A",15,12,"Coruña, A",ES111,15:900,nombre,L01150308,P1503000J,43.371495,-8.395826,A Coruña
15031,5,Culleredo,15,12,"Coruña, A",ES111,15:31,nombre,L01150315,P1503100H,43.289658,-8.39608,Tarrío
15032,0,Curtis,15,12,"Coruña, A",ES111,15:32,nombre,L01150320,P1503200F,43.139132,-8.035272,Teixeiro
15033,6,Dodro,15,12,"Coruña, A",ES111,15:33,nombre,L01150336,P1503300D,42.715718,-8.704139,Tallós
15034,1,Dumbría,15,12,"Coruña, A",ES111,15:34,nombre,L01150341,P1503400B,42.911018,-9.13083,O Ézaro
15035,4,Fene,15,12,"Coruña, A",ES111,15:36,nombre,L01150354,P1503600G,43.474327,-8.162228,Fene
15036,7,Ferrol,15,12,"Coruña, A",ES111,15:37,nombre,L01150367,P1503700E,43.484709,-8.233105,Ferrol
15037,3,Fisterra,15,12,"Coruña, A",ES111,15:38,nombre,L01150373,P1503800C,42.909082,-9.262372,Fisterra
15038,9,Frades,15,12,"Coruña, A",ES111,15:39,nombre,L01150389,P1503900A,43.035324,-8.29292,Cimadevila
15039,2,Irixoa,15,12,"Coruña, A",ES111,15:40,nombre,L01150392,P1504000I,43.284163,-8.064807,O Pazo de Irixoa
15040,6,Laxe,15,12,"Coruña, A",ES111,15:41,nombre,L01150406,P1504100G,43.217299,-9.004162,Laxe
15041,3,"Laracha, A",15,12,"Coruña, A",ES111,15:42,nombre,L01150413,P1504200E,43.248539,-8.582146,A Laracha
15042,8,Lousame,15,12,"Coruña, A",ES111,15:43,nombre,L01150428,P1504300C,42.785363,-8.865243,Portobravo
15043,4,Malpica de Bergantiños,15,12,"Coruña, A",ES111,15:44,nombre,L01150434,P1504400A,43.322876,-8.811051,Malpica
15044,9,Mañón,15,12,"Coruña, A",ES111,15:45,nombre,L01150449,P1504500H,43.640888,-7.738219,Caión
15045,2,Mazaricos,15,12,"Coruña, A",ES111,15:46,nombre,L01150452,P1504600F,42.936443,-8.990612,A Picota
15046,5,Melide,15,12,"Coruña, A",ES111,15:47,nombre,L01150465,P1504700D,42.915146,-8.016573,Melide
15047,1,Mesía,15,12,"Coruña, A",ES111,15:48,nombre,L01150471,P1504800B,43.13458,-8.304335,A Igrexa
15048,7,Miño,15,12,"Coruña, A",ES111,15:49,nombre,L01150487,P1504900J,43.3473,-8.204915,A Carreira
15049,0,Moeche,15,12,"Coruña, A",ES111,15:50,nombre,L01150490,P1505000H,43.56183,-8.01544,San Ramón
15050,3,Monfero,15,12,"Coruña, A",ES111,15:51,nombre,L01150503,P1505100F,43.334371,-8.055871,Rebordelo
15051,0,Mugardos,15,12,"Coruña, A",ES111,15:52,nombre,L01150510,P1505200D,43.460445,-8.254981,Mugardos
15052,5,Muxía,15,12,"Coruña, A",ES111,15:53,nombre,L01150525,P1505300B,43.104417,-9.216836,Muxía
15053,1,Muros,15,12,"Coruña, A",ES111,15:54,nombre,L01150531,P1505400J,42.774324,-9.057649,Muros
15054,6,Narón,15,12,"Coruña, A",ES111,15:55,nombre,L01150546,P1505500G,43.501143,-8.192447,Narón
15055,9,Neda,15,12,"Coruña, A",ES111,15:56,nombre,L01150559,P1505600E,43.501147,-8.156859,Neda
15056,2,Negreira,15,12,"Coruña, A",ES111,15:57,nombre,L01150562,P1505700C,42.909781,-8.736008,Negreira
15057,8,Noia,15,12,"Coruña, A",ES111,15:58,nombre,L01150578,P1505800A,42.785198,-8.887825,Noia
15058,4,Oleiros,15,12,"Coruña, A",ES111,15:59,nombre,L01150584,P1505900I,43.333217,-8.317163,O Real
15059,7,Ordes,15,12,"Coruña, A",ES111,15:60,nombre,L01150597,P1506000G,43.076624,-8.407693,Ordes
15060,1,Oroso,15,12,"Coruña, A",ES111,15:61,nombre,L01150601,P1506100E,42.968771,-8.441862,Sigüeiro
15061,8,Ortigueira,15,12,"Coruña, A",ES111,15:62,nombre,L01150618,P1506200C,43.684903,-7.854588,Ortigueira
15062,3,Outes,15,12,"Coruña, A",ES111,15:63,nombre,L01150623,P1506300A,42.842869,-8.908353,A Serra de Outes
15064,4,Paderne,15,12,"Coruña, A",ES111,15:65,nombre,L01150644,P1506500F,43.285559,-8.173537,O Consistorio
15065,7,Padrón,15,12,"Coruña, A",ES111,15:66,nombre,L01150657,P1506600D,42.738373,-8.660479,Padrón
15066,0,"Pino, O",15,12,"Coruña, A",ES111,15:67,nombre,L01150660,P1506700B,42.904897,-8.362484,O Pedrouzo
15067,6,"Pobra do Caramiñal, A",15,12,"Coruña, A",ES111,15:68,nombre,L01150676,P1506800J,42.603235,-8.939011,A Pobra do Caramiñal
15068,2,Ponteceso,15,12,"Coruña, A",ES111,15:69,nombre,L01150682,P1506900H,43.243253,-8.900697,Ponteceso
15069,5,Pontedeume,15,12,"Coruña, A",ES111,15:70,nombre,L01150695,P1507000F,43.40653,-8.170553,Pontedeume
15070,9,"Pontes de García Rodríguez, As",15,12,"Coruña, A",ES111,15:71,nombre,L01150709,P1507100D,43.444613,-7.844121,As Pontes de García Rodríguez
15071,6,Porto do Son,15,12,"Coruña, A",ES111,15:72,nombre,L01150716,P1507200B,42.724619,-9.006364,Porto do Son
15072,1,Rianxo,15,12,"Coruña, A",ES111,15:73,nombre,L01150721,P1507300J,42.651981,-8.818353,Rianxo
15073,7,Ribeira,15,12,"Coruña, A",ES111,15:74,nombre,L01150737,P1507400H,42.554917,-8.993337,Santa Uxía de Ribeira
15074,2,Rois,15,12,"Coruña, A",ES111,15:75,nombre,L01150742,P1507500E,42.760754,-8.690323,Os Dices
15075,5,Sada,15,12,"Coruña, A",ES111,15:76,nombre,L01150755,P1507600C,43.351531,-8.25359,Sada
15076,8,San Sadurniño,15,12,"Coruña, A",ES111,15:77,nombre,L01150768,P1507700A,43.527165,-8.079597,Cornide
15077,4,Santa Comba,15,12,"Coruña, A",ES111,15:78,nombre,L01150774,P1507800I,43.036538,-8.82012,Santa Cataliña de Armada
15078,0,Santiago de Compostela,15,12,"Coruña, A",ES111,15:79,nombre,L01150780,P1507900G,42.880137,-8.54628,Santiago de Compostela
15079,3,Santiso,15,12,"Coruña, A",ES111,15:80,nombre,L01150793,P1508000E,42.858165,-8.013191,Barazón Grande
15080,7,Sobrado,15,12,"Coruña, A",ES111,15:81,nombre,L01150807,P1508100C,43.040319,-8.022188,Sobrado
15081,4,"Somozas, As",15,12,"Coruña, A",ES111,15:82,nombre,L01150814,P1508200A,43.534783,-7.943973,A Igrexa
15082,9,Teo,15,12,"Coruña, A",ES111,15:83,nombre,L01150829,P1508300I,42.795055,-8.549003,A Ramallosa
15083,5,Toques,15,12,"Coruña, A",ES111,15:84,nombre,L01150835,P1508400G,42.967378,-7.972861,Souto
15084,0,Tordoia,15,12,"Coruña, A",ES111,15:85,nombre,L01150840,P1508500D,43.088392,-8.552054,A Pontepedra
15085,3,Touro,15,12,"Coruña, A",ES111,15:86,nombre,L01150853,P1508600B,42.867139,-8.303804,Fonte Díaz
15086,6,Trazo,15,12,"Coruña, A",ES111,15:87,nombre,L01150866,P1508700J,43.02663,-8.517338,Viaño Pequeno
15087,2,Valdoviño,15,12,"Coruña, A",ES111,15:88,nombre,L01150872,P1508800H,43.587879,-8.136815,Aviño
15088,8,Val do Dubra,15,12,"Coruña, A",ES111,15:89,nombre,L01150888,P1508900F,43.0266,-8.656218,Bembibre
15089,1,Vedra,15,12,"Coruña, A",ES111,15:90,nombre,L01150891,P1509000D,42.774453,-8.481093,Avenida do Mestre Manuel Gómez Lorenzo
15090,5,Vilasantar,15,12,"Coruña, A",ES111,15:91,nombre,L01150905,P1509100B,43.072831,-8.121643,Ru
15091,2,Vilarmaior,15,12,"Coruña, A",ES111,15:92,nombre,L01150912,P1509200J,43.354912,-8.129639,A Armada
15092,7,Vimianzo,15,12,"Coruña, A",ES111,15:93,nombre,L01150927,P1509300H,43.110254,-9.034414,Vimianzo
15093,3,Zas,15,12,"Coruña, A",ES111,15:94,nombre,L01150933,P1509400F,43.09972,-8.916118,Zas
15901,2,Cariño,15,12,"Coruña, A",ES111,15:95,nombre,L01159012,P1509500C,43.740351,-7.868425,Cariño
15902,7,Oza-Cesuras,15,12,"Coruña, A",ES111,15:64,punto,L01159027,P1500029B,43.215018,-8.18637,Oza
16001,4,Abia de la Obispalía,16,08,Cuenca,ES423,16:1,nombre,L01160014,P1600100J,40.018773,-2.394329,Abia de la Obispalía
16002,9,"Acebrón, El",16,08,Cuenca,ES423,16:2,nombre,L01160029,P1600200H,39.908785,-2.983617,El Acebrón
16003,5,Alarcón,16,08,Cuenca,ES423,16:3,nombre,L01160035,P1600300F,39.546638,-2.088145,Alarcón
16004,0,Albaladejo del Cuende,16,08,Cuenca,ES423,16:4,nombre,L01160040,P1600400D,39.808186,-2.228601,Albaladejo del Cuende
16005,3,Albalate de las Nogueras,16,08,Cuenca,ES423,16:5,nombre,L01160053,P1600500A,40.366922,-2.276566,Albalate de las Nogueras
16006,6,Albendea,16,08,Cuenca,ES423,16:6,nombre,L01160066,P1600600I,40.487836,-2.417367,Albendea
16007,2,"Alberca de Záncara, La",16,08,Cuenca,ES423,16:7,nombre,L01160072,P1600700G,39.513213,-2.490192,La Alberca de Záncara
16008,8,Alcalá de la Vega,16,08,Cuenca,ES423,16:8,nombre,L01160088,P1600800E,40.027464,-1.524845,Alcalá de la Vega
16009,1,Alcantud,16,08,Cuenca,ES423,16:9,nombre,L01160091,P1600900C,40.548618,-2.332311,Alcantud
16010,5,Alcázar del Rey,16,08,Cuenca,ES423,16:10,nombre,L01160105,P1601000A,40.063613,-2.808255,Alcázar del Rey
16011,2,Alcohujate,16,08,Cuenca,ES423,16:11,nombre,L01160112,P1601100I,40.417362,-2.615392,Alcohujate
16012,7,Alconchel de la Estrella,16,08,Cuenca,ES423,16:12,nombre,L01160127,P1601200G,39.718675,-2.573714,Alconchel de la Estrella
16013,3,Algarra,16,08,Cuenca,ES423,16:13,nombre,L01160133,P1601300E,40.001482,-1.436545,Algarra
16014,8,Aliaguilla,16,08,Cuenca,ES423,16:14,nombre,L01160148,P1601400C,39.740642,-1.325588,Aliaguilla
16015,1,"Almarcha, La",16,08,Cuenca,ES423,16:15,nombre,L01160151,P1601500J,39.686515,-2.381744,La Almarcha
16016,4,Almendros,16,08,Cuenca,ES423,16:16,nombre,L01160164,P1601600H,39.920754,-2.884555,Almendros
16017,0,Almodóvar del Pinar,16,08,Cuenca,ES423,16:17,nombre,L01160170,P1601700F,39.725757,-1.902063,Almodóvar del Pinar
16018,6,Almonacid del Marquesado,16,08,Cuenca,ES423,16:18,nombre,L01160186,P1601800D,39.822739,-2.767845,Almonacid del Marquesado
16019,9,Altarejos,16,08,Cuenca,ES423,16:19,nombre,L01160199,P1601900B,39.913144,-2.355345,Altarejos
16020,3,Arandilla del Arroyo,16,08,Cuenca,ES423,16:20,nombre,L01160203,P1602000J,40.511152,-2.384712,Arandilla del Arroyo
16022,5,Arcos de la Sierra,16,08,Cuenca,ES423,16:23,nombre,L01160225,P1602300D,40.347016,-2.112964,Arcos de la Sierra
16023,1,Chillarón de Cuenca,16,08,Cuenca,ES423,16:22,nombre,L01160231,P1602200F,40.104305,-2.221012,Chillarón de Cuenca
16024,6,Arguisuelas,16,08,Cuenca,ES423,16:24,nombre,L01160246,P1602400B,39.831939,-1.820393,Arguisuelas
16025,9,Arrancacepas,16,08,Cuenca,ES423,16:25,nombre,L01160259,P1602500I,40.303376,-2.358885,Arrancacepas
16026,2,Atalaya del Cañavate,16,08,Cuenca,ES423,16:26,nombre,L01160262,P1602600G,39.518055,-2.252615,Atalaya del Cañavate
16027,8,Barajas de Melo,16,08,Cuenca,ES423,16:27,nombre,L01160278,P1602700E,40.122968,-2.916934,Barajas de Melo
16029,7,Barchín del Hoyo,16,08,Cuenca,ES423,16:29,nombre,L01160297,P1602900A,39.663539,-2.068813,Barchín del Hoyo
16030,1,Bascuñana de San Pedro,16,08,Cuenca,ES423,16:30,nombre,L01160301,P1603000I,40.213982,-2.227273,Bascuñana de San Pedro
16031,8,Beamud,16,08,Cuenca,ES423,16:31,nombre,L01160318,P1603100G,40.186397,-1.82946,Beamud
16032,3,Belinchón,16,08,Cuenca,ES423,16:32,nombre,L01160323,P1603200E,40.048631,-3.057855,Belinchón
16033,9,Belmonte,16,08,Cuenca,ES423,16:33,nombre,L01160339,P1603300C,39.559011,-2.703997,Belmonte
16034,4,Belmontejo,16,08,Cuenca,ES423,16:34,nombre,L01160344,P1603400A,39.820845,-2.345404,Belmontejo
16035,7,Beteta,16,08,Cuenca,ES423,16:35,nombre,L01160357,P1603500H,40.572217,-2.076387,Beteta
16036,0,Boniches,16,08,Cuenca,ES423,16:37,nombre,L01160360,P1603700D,39.985191,-1.624053,Boniches
16038,2,Buciegas,16,08,Cuenca,ES423,16:39,nombre,L01160382,P1603900J,40.335887,-2.461539,Buciegas
16039,5,Buenache de Alarcón,16,08,Cuenca,ES423,16:40,nombre,L01160395,P1604000H,39.657948,-2.15918,Buenache de Alarcón
16040,9,Buenache de la Sierra,16,08,Cuenca,ES423,16:41,nombre,L01160409,P1604100F,40.13474,-2.000621,Buenache de la Sierra
16041,6,Buendía,16,08,Cuenca,ES423,16:42,nombre,L01160416,P1604200D,40.36659,-2.757568,Buendía
16042,1,Campillo de Altobuey,16,08,Cuenca,ES423,16:43,nombre,L01160421,P1604300B,39.610844,-1.796476,Campillo de Altobuey
16043,7,Campillos-Paravientos,16,08,Cuenca,ES423,16:44,nombre,L01160437,P1604400J,39.97369,-1.547975,Campillos-Paravientos
16044,2,Campillos-Sierra,16,08,Cuenca,ES423,16:45,nombre,L01160442,P1604500G,40.10075,-1.69712,Campillos-Sierra
16045,5,Canalejas del Arroyo,16,08,Cuenca,ES423,16:46,nombre,L01160455,P1604600E,40.369258,-2.494483,Canalejas del Arroyo
16046,8,Cañada del Hoyo,16,08,Cuenca,ES423,16:47,nombre,L01160468,P1604700C,39.970783,-1.89952,Cañada del Hoyo
16047,4,Cañada Juncosa,16,08,Cuenca,ES423,16:48,nombre,L01160474,P1604800A,39.549172,-2.252114,Cañada Juncosa
16048,0,Cañamares,16,08,Cuenca,ES423,16:49,nombre,L01160480,P1604900I,40.452288,-2.239491,Cañamares
16049,3,"Cañavate, El",16,08,Cuenca,ES423,16:50,nombre,L01160493,P1605000G,39.543721,-2.302736,El Cañavate
16050,6,Cañaveras,16,08,Cuenca,ES423,16:51,nombre,L01160506,P1605100E,40.360023,-2.396262,Cañaveras
16051,3,Cañaveruelas,16,08,Cuenca,ES423,16:52,nombre,L01160513,P1605200C,40.401168,-2.637551,Cañaveruelas
16052,8,Cañete,16,08,Cuenca,ES423,16:53,nombre,L01160528,P1605300A,40.041534,-1.649295,Cañete
16053,4,Cañizares,16,08,Cuenca,ES423,16:54,nombre,L01160534,P1605400I,40.519851,-2.191577,Cañizares
16055,2,Carboneras de Guadazaón,16,08,Cuenca,ES423,16:56,nombre,L01160552,P1605600D,39.899833,-1.81263,Carboneras de Guadazaón
16056,5,Cardenete,16,08,Cuenca,ES423,16:57,nombre,L01160565,P1605700B,39.767463,-1.687343,Cardenete
16057,1,Carrascosa,16,08,Cuenca,ES423,16:58,nombre,L01160571,P1605800J,40.59085,-2.162961,Carrascosa
16058,7,Carrascosa de Haro,16,08,Cuenca,ES423,16:59,nombre,L01160587,P1605900H,39.597421,-2.541153,Carrascosa de Haro
16060,4,Casas de Benítez,16,08,Cuenca,ES423,16:61,nombre,L01160604,P1606100D,39.360741,-2.127873,Casas de Benítez
16061,1,Casas de Fernando Alonso,16,08,Cuenca,ES423,16:62,nombre,L01160611,P1606200B,39.352244,-2.325837,Casas de Fernando Alonso
16062,6,Casas de Garcimolina,16,08,Cuenca,ES423,16:63,nombre,L01160626,P1606300J,39.996897,-1.417854,Casas de Garcimolina
16063,2,Casas de Guijarro,16,08,Cuenca,ES423,16:64,nombre,L01160632,P1606400H,39.345375,-2.163886,Casas de Guijarro
16064,7,Casas de Haro,16,08,Cuenca,ES423,16:65,nombre,L01160647,P1606500E,39.333465,-2.272548,Casas de Haro
16065,0,Casas de los Pinos,16,08,Cuenca,ES423,16:66,nombre,L01160650,P1606600C,39.332675,-2.370674,Casas de los Pinos
16066,3,Casasimarro,16,08,Cuenca,ES423,16:67,nombre,L01160663,P1606700A,39.392107,-2.039676,Casasimarro
16067,9,Castejón,16,08,Cuenca,ES423,16:68,nombre,L01160679,P1606800I,40.381067,-2.519529,Castejón
16068,5,Castillejo de Iniesta,16,08,Cuenca,ES423,16:69,nombre,L01160685,P1606900G,39.525166,-1.761342,Castillejo de Iniesta
16070,2,Castillejo-Sierra,16,08,Cuenca,ES423,16:71,nombre,L01160702,P1607100C,40.375331,-2.140415,Castillejo-Sierra
16071,9,Castillo-Albaráñez,16,08,Cuenca,ES423,16:72,nombre,L01160719,P1607200A,40.298778,-2.392644,Castillo-Albaráñez
16072,4,Castillo de Garcimuñoz,16,08,Cuenca,ES423,16:73,nombre,L01160724,P1607300I,39.6592,-2.381197,Castillo de Garcimuñoz
16073,0,Cervera del Llano,16,08,Cuenca,ES423,16:74,nombre,L01160730,P1607400G,39.783657,-2.422017,Cervera del Llano
16074,5,"Cierva, La",16,08,Cuenca,ES423,16:75,nombre,L01160745,P1607500D,40.056158,-1.851561,La Cierva
16078,3,Cuenca,16,08,Cuenca,ES423,16:900,nombre,L01160783,P1607900F,40.077851,-2.130079,Cuenca
16079,6,Cueva del Hierro,16,08,Cuenca,ES423,16:80,nombre,L01160796,P1608000D,40.582726,-2.035946,Cueva del Hierro
16081,7,Chumillas,16,08,Cuenca,ES423,16:84,nombre,L01160817,P1608400F,39.77092,-2.032259,Chumillas
16082,2,Enguídanos,16,08,Cuenca,ES423,16:85,nombre,L01160822,P1608500C,39.673839,-1.605974,Enguídanos
16083,8,Fresneda de Altarejos,16,08,Cuenca,ES423,16:86,nombre,L01160838,P1608600A,39.925483,-2.315064,Fresneda de Altarejos
16084,3,Fresneda de la Sierra,16,08,Cuenca,ES423,16:87,nombre,L01160843,P1608700I,40.390658,-2.142018,Fresneda de la Sierra
16085,6,"Frontera, La",16,08,Cuenca,ES423,16:88,nombre,L01160856,P1608800G,40.401259,-2.217029,La Frontera
16086,9,Fuente de Pedro Naharro,16,08,Cuenca,ES423,16:89,nombre,L01160869,P1608900E,39.924155,-3.01052,Fuente de Pedro Naharro
16087,5,Fuentelespino de Haro,16,08,Cuenca,ES423,16:90,nombre,L01160875,P1609000C,39.689806,-2.669774,Fuentelespino de Haro
16088,1,Fuentelespino de Moya,16,08,Cuenca,ES423,16:91,nombre,L01160881,P1609100A,39.919785,-1.470915,Fuentelespino de Moya
16089,4,Fuentes,16,08,Cuenca,ES423,16:92,nombre,L01160894,P1609200I,39.949654,-2.020417,Fuentes
16091,5,Fuertescusa,16,08,Cuenca,ES423,16:95,nombre,L01160915,P1609500B,40.476008,-2.176016,Fuertescusa
16092,0,Gabaldón,16,08,Cuenca,ES423,16:96,nombre,L01160920,P1609600J,39.626212,-1.944795,Gabaldón
16093,6,Garaballa,16,08,Cuenca,ES423,16:97,nombre,L01160936,P1609700H,39.814415,-1.376552,Garaballa
16094,1,Gascueña,16,08,Cuenca,ES423,16:99,nombre,L01160941,P1609900D,40.299879,-2.518639,Gascueña
16095,4,Graja de Campalbo,16,08,Cuenca,ES423,16:100,nombre,L01160954,P1610000J,39.898817,-1.271676,Graja de Campalbo
16096,7,Graja de Iniesta,16,08,Cuenca,ES423,16:101,nombre,L01160967,P1610100H,39.516995,-1.670282,Graja de Iniesta
16097,3,Henarejos,16,08,Cuenca,ES423,16:102,nombre,L01160973,P1610200F,39.863984,-1.485441,Henarejos
16098,9,"Herrumblar, El",16,08,Cuenca,ES423,16:103,nombre,L01160989,P1610300D,39.402864,-1.622949,El Herrumblar
16099,2,"Hinojosa, La",16,08,Cuenca,ES423,16:104,nombre,L01160992,P1610400B,39.727251,-2.416189,La Hinojosa
16100,6,"Hinojosos, Los",16,08,Cuenca,ES423,16:105,nombre,L01161006,P1610500I,39.604182,-2.826339,Los Hinojosos
16101,3,"Hito, El",16,08,Cuenca,ES423,16:106,nombre,L01161013,P1610600G,39.859126,-2.714533,El Hito
16102,8,Honrubia,16,08,Cuenca,ES423,16:107,nombre,L01161028,P1610700E,39.613694,-2.28071,Honrubia
16103,4,Hontanaya,16,08,Cuenca,ES423,16:108,nombre,L01161034,P1610800C,39.715632,-2.834961,Hontanaya
16104,9,Hontecillas,16,08,Cuenca,ES423,16:109,nombre,L01161049,P1610900A,39.693027,-2.187359,Hontecillas
16106,5,Horcajo de Santiago,16,08,Cuenca,ES423,16:111,nombre,L01161065,P1611100G,39.841758,-2.998381,Horcajo de Santiago
16107,1,Huélamo,16,08,Cuenca,ES423,16:112,nombre,L01161071,P1611200E,40.276092,-1.809672,Huélamo
16108,7,Huelves,16,08,Cuenca,ES423,16:113,nombre,L01161087,P1611300C,40.042949,-2.883819,Huelves
16109,0,Huérguina,16,08,Cuenca,ES423,16:114,nombre,L01161090,P1611400A,40.040511,-1.608664,Huérguina
16110,4,Huerta de la Obispalía,16,08,Cuenca,ES423,16:115,nombre,L01161104,P1611500H,39.98902,-2.47983,Huerta de la Obispalía
16111,1,Huerta del Marquesado,16,08,Cuenca,ES423,16:116,nombre,L01161111,P1611600F,40.145452,-1.685773,Huerta del Marquesado
16112,6,Huete,16,08,Cuenca,ES423,16:117,nombre,L01161126,P1611700D,40.145354,-2.688256,Huete
16113,2,Iniesta,16,08,Cuenca,ES423,16:118,nombre,L01161132,P1611800B,39.443861,-1.751033,Iniesta
16115,0,Laguna del Marquesado,16,08,Cuenca,ES423,16:121,nombre,L01161150,P1612100F,40.177737,-1.670932,Laguna del Marquesado
16116,3,Lagunaseca,16,08,Cuenca,ES423,16:122,nombre,L01161163,P1612200D,40.530723,-2.019597,Lagunaseca
16117,9,Landete,16,08,Cuenca,ES423,16:123,nombre,L01161179,P1612300B,39.907525,-1.366665,Landete
16118,5,Ledaña,16,08,Cuenca,ES423,16:124,nombre,L01161185,P1612400J,39.356703,-1.716058,Ledaña
16119,8,Leganiel,16,08,Cuenca,ES423,16:125,nombre,L01161198,P1612500G,40.164827,-2.950643,Leganiel
16121,9,"Majadas, Las",16,08,Cuenca,ES423,16:127,nombre,L01161219,P1612700C,40.297929,-2.022619,Las Majadas
16122,4,Mariana,16,08,Cuenca,ES423,16:128,nombre,L01161224,P1612800A,40.167498,-2.145991,Mariana
16123,0,Masegosa,16,08,Cuenca,ES423,16:129,nombre,L01161230,P1612900I,40.546478,-2.025741,Masegosa
16124,5,"Mesas, Las",16,08,Cuenca,ES423,16:132,nombre,L01161245,P1613200C,39.389333,-2.765158,Las Mesas
16125,8,Minglanilla,16,08,Cuenca,ES423,16:133,nombre,L01161258,P1613300A,39.535103,-1.595493,Minglanilla
16126,1,Mira,16,08,Cuenca,ES423,16:134,nombre,L01161261,P1613400I,39.721061,-1.439539,Mira
16128,3,Monreal del Llano,16,08,Cuenca,ES423,16:137,nombre,L01161283,P1613700B,39.568977,-2.761352,Monreal del Llano
16129,6,Montalbanejo,16,08,Cuenca,ES423,16:138,nombre,L01161296,P1613800J,39.733749,-2.498777,Montalbanejo
16130,0,Montalbo,16,08,Cuenca,ES423,16:139,nombre,L01161300,P1613900H,39.878423,-2.671933,Montalbo
16131,7,Monteagudo de las Salinas,16,08,Cuenca,ES423,16:140,nombre,L01161317,P1614000F,39.804364,-1.899932,Monteagudo de las Salinas
16132,2,Mota de Altarejos,16,08,Cuenca,ES423,16:141,nombre,L01161322,P1614100D,39.881445,-2.310064,Mota de Altarejos
16133,8,Mota del Cuervo,16,08,Cuenca,ES423,16:142,nombre,L01161338,P1614200B,39.500422,-2.86898,Mota del Cuervo
16134,3,Motilla del Palancar,16,08,Cuenca,ES423,16:143,nombre,L01161343,P1614300J,39.560324,-1.910489,Motilla del Palancar
16135,6,Moya,16,08,Cuenca,ES423,16:144,nombre,L01161356,P1614400H,39.964764,-1.36907,Santo Domingo de Moya
16137,5,Narboneta,16,08,Cuenca,ES423,16:146,nombre,L01161375,P1614600C,39.751825,-1.476049,Narboneta
16139,4,Olivares de Júcar,16,08,Cuenca,ES423,16:148,nombre,L01161394,P1614800I,39.760158,-2.354227,Olivares de Júcar
16140,8,Olmeda de la Cuesta,16,08,Cuenca,ES423,16:149,nombre,L01161408,P1614900G,40.311019,-2.476296,Olmeda de la Cuesta
16141,5,Olmeda del Rey,16,08,Cuenca,ES423,16:150,nombre,L01161415,P1615000E,39.808236,-2.082752,Olmeda del Rey
16142,0,Olmedilla de Alarcón,16,08,Cuenca,ES423,16:151,nombre,L01161420,P1615100C,39.614791,-2.105058,Olmedilla de Alarcón
16143,6,Olmedilla de Eliz,16,08,Cuenca,ES423,16:152,nombre,L01161436,P1615200A,40.302372,-2.419285,Olmedilla de Eliz
16145,4,Osa de la Vega,16,08,Cuenca,ES423,16:154,nombre,L01161454,P1615400G,39.661255,-2.760634,Osa de la Vega
16146,7,Pajarón,16,08,Cuenca,ES423,16:155,nombre,L01161467,P1615500D,39.957284,-1.782199,Pajarón
16147,3,Pajaroncillo,16,08,Cuenca,ES423,16:156,nombre,L01161473,P1615600B,39.946481,-1.734606,Pajaroncillo
16148,9,Palomares del Campo,16,08,Cuenca,ES423,16:157,nombre,L01161489,P1615700J,39.94645,-2.598779,Palomares del Campo
16149,2,Palomera,16,08,Cuenca,ES423,16:158,nombre,L01161492,P1615800H,40.067123,-2.048093,Palomera
16150,5,Paracuellos,16,08,Cuenca,ES423,16:159,nombre,L01161505,P1615900F,39.718136,-1.787711,Paracuellos
16151,2,Paredes,16,08,Cuenca,ES423,16:160,nombre,L01161512,P1616000D,40.066035,-2.853894,Paredes
16152,7,"Parra de las Vegas, La",16,08,Cuenca,ES423,16:161,nombre,L01161527,P1616100B,39.868114,-2.204732,La Parra de las Vegas
16153,3,"Pedernoso, El",16,08,Cuenca,ES423,16:162,nombre,L01161533,P1616200J,39.485717,-2.746353,El Pedernoso
16154,8,"Pedroñeras, Las",16,08,Cuenca,ES423,16:163,nombre,L01161548,P1616300H,39.451407,-2.675712,Las Pedroñeras
16155,1,"Peral, El",16,08,Cuenca,ES423,16:164,nombre,L01161551,P1616400F,39.499011,-1.896908,El Peral
16156,4,"Peraleja, La",16,08,Cuenca,ES423,16:165,nombre,L01161564,P1616500C,40.235904,-2.555311,La Peraleja
16157,0,"Pesquera, La",16,08,Cuenca,ES423,16:166,nombre,L01161570,P1616600A,39.572065,-1.585194,La Pesquera
16158,6,"Picazo, El",16,08,Cuenca,ES423,16:167,nombre,L01161586,P1616700I,39.448479,-2.088585,El Picazo
16159,9,Pinarejo,16,08,Cuenca,ES423,16:168,nombre,L01161599,P1616800G,39.615923,-2.425678,Pinarejo
16160,3,Pineda de Gigüela,16,08,Cuenca,ES423,16:169,nombre,L01161603,P1616900E,40.085723,-2.54409,Pineda de Gigüela
16161,0,Piqueras del Castillo,16,08,Cuenca,ES423,16:170,nombre,L01161610,P1617000C,39.720687,-2.082379,Piqueras del Castillo
16162,5,Portalrubio de Guadamejud,16,08,Cuenca,ES423,16:171,nombre,L01161625,P1617100A,40.272254,-2.604151,Portalrubio de Guadamejud
16163,1,Portilla,16,08,Cuenca,ES423,16:172,nombre,L01161631,P1617200I,40.289506,-2.082066,Portilla
16165,9,Poyatos,16,08,Cuenca,ES423,16:174,nombre,L01161659,P1617400E,40.42267,-2.049594,Poyatos
16166,2,Pozoamargo,16,08,Cuenca,ES423,16:175,nombre,L01161662,P1617500B,39.366805,-2.196609,Pozoamargo
16167,8,Pozorrubio de Santiago,16,08,Cuenca,ES423,16:176,nombre,L01161678,P1617600J,39.816335,-2.949713,Pozorrubio de Santiago
16169,7,"Pozuelo, El",16,08,Cuenca,ES423,16:178,nombre,L01161697,P1617800F,40.619992,-2.277456,El Pozuelo
16170,1,Priego,16,08,Cuenca,ES423,16:179,nombre,L01161701,P1617900D,40.449223,-2.316008,Priego
16171,8,"Provencio, El",16,08,Cuenca,ES423,16:180,nombre,L01161718,P1618000B,39.376076,-2.572533,El Provencio
16172,3,Puebla de Almenara,16,08,Cuenca,ES423,16:181,nombre,L01161723,P1618100J,39.784196,-2.816383,Puebla de Almenara
16173,9,"Valle de Altomira, El",16,08,Cuenca,ES423,16:98,nombre,L01161739,P1609800F,40.225314,-2.759884,Garcinarro
16174,4,Puebla del Salvador,16,08,Cuenca,ES423,16:182,nombre,L01161744,P1618200H,39.56508,-1.675196,Puebla del Salvador
16175,7,Quintanar del Rey,16,08,Cuenca,ES423,16:183,nombre,L01161757,P1618300F,39.342631,-1.928191,Quintanar del Rey
16176,0,Rada de Haro,16,08,Cuenca,ES423,16:184,nombre,L01161760,P1618400D,39.568877,-2.620677,Rada de Haro
16177,6,Reíllo,16,08,Cuenca,ES423,16:185,nombre,L01161776,P1618500A,39.905297,-1.872626,Reíllo
16181,6,Rozalén del Monte,16,08,Cuenca,ES423,16:189,nombre,L01161816,P1618900C,39.990527,-2.805488,Rozalén del Monte
16185,5,Saceda-Trasierra,16,08,Cuenca,ES423,16:193,nombre,L01161855,P1619300E,40.156063,-2.85305,Saceda-Trasierra
16186,8,Saelices,16,08,Cuenca,ES423,16:195,nombre,L01161868,P1619500J,39.921004,-2.805636,Saelices
16187,4,Salinas del Manzano,16,08,Cuenca,ES423,16:196,nombre,L01161874,P1619600H,40.088743,-1.55387,Salinas del Manzano
16188,0,Salmeroncillos,16,08,Cuenca,ES423,16:197,nombre,L01161880,P1619700F,40.504562,-2.521624,Salmeroncillos de Abajo
16189,3,Salvacañete,16,08,Cuenca,ES423,16:198,nombre,L01161893,P1619800D,40.098332,-1.502499,Salvacañete
16190,7,San Clemente,16,08,Cuenca,ES423,16:199,nombre,L01161907,P1619900B,39.403874,-2.429516,San Clemente
16191,4,San Lorenzo de la Parrilla,16,08,Cuenca,ES423,16:200,nombre,L01161914,P1620000H,39.851039,-2.360898,San Lorenzo de la Parrilla
16192,9,San Martín de Boniches,16,08,Cuenca,ES423,16:201,nombre,L01161929,P1620100F,39.885905,-1.573764,San Martín de Boniches
16193,5,San Pedro Palmiches,16,08,Cuenca,ES423,16:202,nombre,L01161935,P1620200D,40.429401,-2.405667,San Pedro Palmiches
16194,0,Santa Cruz de Moya,16,08,Cuenca,ES423,16:203,nombre,L01161940,P1620300B,39.956561,-1.256308,Santa Cruz de Moya
16195,3,Santa María del Campo Rus,16,08,Cuenca,ES423,16:204,nombre,L01161953,P1620400J,39.559495,-2.42381,Santa María del Campo Rus
16196,6,Santa María de los Llanos,16,08,Cuenca,ES423,16:205,nombre,L01161966,P1620500G,39.488771,-2.810845,Santa María de los Llanos
16197,2,Santa María del Val,16,08,Cuenca,ES423,16:206,nombre,L01161972,P1620600E,40.503743,-2.041993,Santa María del Val
16198,8,Sisante,16,08,Cuenca,ES423,16:207,nombre,L01161988,P1620700C,39.406801,-2.201086,Sisante
16199,1,Solera de Gabaldón,16,08,Cuenca,ES423,16:208,nombre,L01161991,P1620800A,39.749281,-1.977573,Solera de Gabaldón
16202,7,Talayuelas,16,08,Cuenca,ES423,16:211,nombre,L01162027,P1621100E,39.848036,-1.283072,Talayuelas
16203,3,Tarancón,16,08,Cuenca,ES423,16:212,nombre,L01162033,P1621200C,40.013018,-3.004141,Tarancón
16204,8,Tébar,16,08,Cuenca,ES423,16:213,nombre,L01162048,P1621300A,39.498901,-2.165461,Tébar
16205,1,Tejadillos,16,08,Cuenca,ES423,16:214,nombre,L01162051,P1621400I,40.140819,-1.634468,Tejadillos
16206,4,Tinajas,16,08,Cuenca,ES423,16:215,nombre,L01162064,P1621500F,40.325881,-2.581668,Tinajas
16209,9,Torralba,16,08,Cuenca,ES423,16:218,nombre,L01162099,P1621800J,40.302215,-2.285256,Torralba
16211,0,Torrejoncillo del Rey,16,08,Cuenca,ES423,16:220,nombre,L01162110,P1622000F,40.008552,-2.573509,Torrejoncillo del Rey
16212,5,Torrubia del Campo,16,08,Cuenca,ES423,16:221,nombre,L01162125,P1622100D,39.896027,-2.961485,Torrubia del Campo
16213,1,Torrubia del Castillo,16,08,Cuenca,ES423,16:222,nombre,L01162131,P1622200B,39.658395,-2.311535,Torrubia del Castillo
16215,9,Tragacete,16,08,Cuenca,ES423,16:224,nombre,L01162159,P1622400H,40.350398,-1.850886,Tragacete
16216,2,Tresjuncos,16,08,Cuenca,ES423,16:225,nombre,L01162162,P1622500E,39.700122,-2.755462,Tresjuncos
16217,8,Tribaldos,16,08,Cuenca,ES423,16:226,nombre,L01162178,P1622600C,39.971891,-2.898453,Tribaldos
16218,4,Uclés,16,08,Cuenca,ES423,16:227,nombre,L01162184,P1622700A,39.980925,-2.861484,Uclés
16219,7,Uña,16,08,Cuenca,ES423,16:228,nombre,L01162197,P1622800I,40.222903,-1.976972,Uña
16224,4,Valdemeca,16,08,Cuenca,ES423,16:233,nombre,L01162244,P1623300I,40.22414,-1.743191,Valdemeca
16225,7,Valdemorillo de la Sierra,16,08,Cuenca,ES423,16:234,nombre,L01162257,P1623400G,40.039557,-1.780889,Valdemorillo de la Sierra
16227,6,Valdemoro-Sierra,16,08,Cuenca,ES423,16:236,nombre,L01162276,P1623600B,40.101756,-1.767573,Valdemoro-Sierra
16228,2,Valdeolivas,16,08,Cuenca,ES423,16:237,nombre,L01162282,P1623700J,40.505694,-2.445849,Valdeolivas
16231,6,Valhermoso de la Fuente,16,08,Cuenca,ES423,16:240,nombre,L01162316,P1624000D,39.552734,-2.016311,Valhermoso de la Fuente
16234,2,Valsalobre,16,08,Cuenca,ES423,16:243,nombre,L01162342,P1624300H,40.617515,-2.09299,Valsalobre
16236,8,Valverde de Júcar,16,08,Cuenca,ES423,16:245,nombre,L01162368,P1624500C,39.718607,-2.219084,Valverde de Júcar
16237,4,Valverdejo,16,08,Cuenca,ES423,16:246,nombre,L01162374,P1624600A,39.615927,-2.023414,Valverdejo
16238,0,Vara de Rey,16,08,Cuenca,ES423,16:247,nombre,L01162380,P1624700I,39.424931,-2.292486,Vara de Rey
16239,3,Vega del Codorno,16,08,Cuenca,ES423,16:248,nombre,L01162393,P1624800G,40.433374,-1.929212,Vega del Codorno
16240,7,Vellisca,16,08,Cuenca,ES423,16:249,nombre,L01162407,P1624900E,40.129718,-2.81385,Vellisca
16242,9,Villaconejos de Trabaque,16,08,Cuenca,ES423,16:252,nombre,L01162429,P1625200I,40.399819,-2.318554,Villaconejos de Trabaque
16243,5,Villaescusa de Haro,16,08,Cuenca,ES423,16:253,nombre,L01162435,P1625300G,39.596919,-2.674089,Villaescusa de Haro
16244,0,Villagarcía del Llano,16,08,Cuenca,ES423,16:254,nombre,L01162440,P1625400E,39.326335,-1.846597,Villagarcía del Llano
16245,3,Villalba de la Sierra,16,08,Cuenca,ES423,16:255,nombre,L01162453,P1625500B,40.235272,-2.088427,Villalba de la Sierra
16246,6,Villalba del Rey,16,08,Cuenca,ES423,16:256,nombre,L01162466,P1625600J,40.344921,-2.639271,Villalba del Rey
16247,2,Villalgordo del Marquesado,16,08,Cuenca,ES423,16:257,nombre,L01162472,P1625700H,39.682336,-2.508038,Villalgordo del Marquesado
16248,8,Villalpardo,16,08,Cuenca,ES423,16:258,nombre,L01162488,P1625800F,39.472422,-1.62501,Villalpardo
16249,1,Villamayor de Santiago,16,08,Cuenca,ES423,16:259,nombre,L01162491,P1625900D,39.728905,-2.92682,Villamayor de Santiago
16250,4,Villanueva de Guadamejud,16,08,Cuenca,ES423,16:260,nombre,L01162504,P1626000B,40.224468,-2.505453,Villanueva de Guadamejud
16251,1,Villanueva de la Jara,16,08,Cuenca,ES423,16:261,nombre,L01162511,P1626100J,39.439921,-1.951574,Villanueva de la Jara
16253,2,Villar de Cañas,16,08,Cuenca,ES423,16:263,nombre,L01162532,P1626300F,39.777462,-2.563951,Villar de Cañas
16254,7,Villar de Domingo García,16,08,Cuenca,ES423,16:264,nombre,L01162547,P1626400D,40.238065,-2.292943,Villar de Domingo García
16255,0,Villar de la Encina,16,08,Cuenca,ES423,16:265,nombre,L01162550,P1626500A,39.63762,-2.52144,Villar de la Encina
16258,5,Villar del Humo,16,08,Cuenca,ES423,16:268,nombre,L01162585,P1626800E,39.870432,-1.627569,Villar del Humo
16259,8,Villar del Infantado,16,08,Cuenca,ES423,16:269,nombre,L01162598,P1626900C,40.455676,-2.479224,Villar del Infantado
16263,0,Villar de Olalla,16,08,Cuenca,ES423,16:273,nombre,L01162630,P1627300E,40.015573,-2.193928,Villar de Olalla
16264,5,Villarejo de Fuentes,16,08,Cuenca,ES423,16:274,nombre,L01162645,P1627400C,39.78888,-2.695224,Villarejo de Fuentes
16265,8,Villarejo de la Peñuela,16,08,Cuenca,ES423,16:275,nombre,L01162658,P1627500J,40.087904,-2.410064,Villarejo de la Peñuela
16266,1,Villarejo-Periesteban,16,08,Cuenca,ES423,16:277,nombre,L01162661,P1627700F,39.871077,-2.440712,Villarejo-Periesteban
16269,6,Villares del Saz,16,08,Cuenca,ES423,16:280,nombre,L01162696,P1628000J,39.840693,-2.505524,Villares del Saz
16270,0,Villarrubio,16,08,Cuenca,ES423,16:281,nombre,L01162700,P1628100H,39.944801,-2.892775,Villarrubio
16271,7,Villarta,16,08,Cuenca,ES423,16:282,nombre,L01162717,P1628200F,39.439885,-1.653033,Villarta
16272,2,Villas de la Ventosa,16,08,Cuenca,ES423,16:276,nombre,L01162722,P1627600H,40.205275,-2.432992,La Ventosa
16273,8,Villaverde y Pasaconsol,16,08,Cuenca,ES423,16:283,nombre,L01162738,P1628300D,39.770425,-2.265707,Villaverde y Pasaconsol
16274,3,Víllora,16,08,Cuenca,ES423,16:284,nombre,L01162743,P1628400B,39.753261,-1.587887,Víllora
16275,6,Vindel,16,08,Cuenca,ES423,16:285,nombre,L01162756,P1628500I,40.586817,-2.380723,Vindel
16276,9,Yémeda,16,08,Cuenca,ES423,16:286,nombre,L01162769,P1628600G,39.762866,-1.722302,Yémeda
16277,5,Zafra de Záncara,16,08,Cuenca,ES423,16:287,nombre,L01162775,P1628700E,39.89193,-2.558412,Zafra de Záncara
16278,1,Zafrilla,16,08,Cuenca,ES423,16:288,nombre,L01162781,P1628800C,40.194326,-1.618426,Zafrilla
16279,4,Zarza de Tajo,16,08,Cuenca,ES423,16:289,nombre,L01162794,P1628900A,40.018636,-3.131161,Zarza de Tajo
16280,8,Zarzuela,16,08,Cuenca,ES423,16:290,nombre,L01162808,P1629000I,40.255868,-2.129206,Zarzuela
16901,5,Campos del Paraíso,16,08,Cuenca,ES423,16:60,nombre,L01169015,P1606000F,40.037758,-2.738334,Carrascosa del Campo
16902,0,Valdetórtola,16,08,Cuenca,ES423,16:232,nombre,L01169020,P1623200A,39.920596,-2.186216,Valdeganga de Cuenca
16903,6,"Valeras, Las",16,08,Cuenca,ES423,16:238,nombre,L01169036,P1623800H,39.770139,-2.157902,Valera de Abajo
16904,1,Fuentenava de Jábaga,16,08,Cuenca,ES423,16:119,nombre,L01169041,P1611900J,40.086649,-2.262885,Jábaga
16905,4,Arcas,16,08,Cuenca,ES423,16:21,nombre,L01169054,P1602100H,39.988643,-2.114444,Arcas
16906,7,"Valdecolmenas, Los",16,08,Cuenca,ES423,16:230,nombre,L01169067,P1623000E,40.119319,-2.497255,Valdecolmenas de Abajo
16908,9,Pozorrubielos de la Mancha,16,08,Cuenca,ES423,16:177,nombre,L01169089,P1617700H,39.446422,-2.038839,Rubielos Bajos
16909,2,Sotorribas,16,08,Cuenca,ES423,16:210,nombre,L01169092,P1621000G,40.195345,-2.162509,Sotos
16910,6,Villar y Velasco,16,08,Cuenca,ES423,16:270,nombre,L01169106,P1627000A,40.149338,-2.417501,Cuevas de Velasco
17001,0,Agullana,17,09,Girona,ES512,17:1,nombre,L01170010,P1700100I,42.393644,2.847,Agullana
17002,5,Aiguaviva,17,09,Girona,ES512,17:2,nombre,L01170025,P1700200G,41.938412,2.76194,Aiguaviva
17003,1,Albanyà,17,09,Girona,ES512,17:3,nombre,L01170031,P1700300E,42.305856,2.721528,Albanyà
17004,6,Albons,17,09,Girona,ES512,17:4,nombre,L01170046,P1700400C,42.104229,3.085323,Albons
17005,9,"Far d'Empordà, El",17,09,Girona,ES512,17:5,nombre,L01170059,P1700500J,42.25154,2.996462,El Far d'Empordà
17006,2,Alp,17,09,Girona,ES512,17:6,nombre,L01170062,P1700600H,42.373692,1.88752,Alp
17007,8,Amer,17,09,Girona,ES512,17:7,nombre,L01170078,P1700700F,42.009099,2.603318,Amer
17008,4,Anglès,17,09,Girona,ES512,17:8,nombre,L01170084,P1700800D,41.95661,2.639828,Anglès
17009,7,Arbúcies,17,09,Girona,ES512,17:9,nombre,L01170097,P1700900B,41.816949,2.514022,Arbúcies
17010,1,Argelaguer,17,09,Girona,ES512,17:10,nombre,L01170101,P1701000J,42.215706,2.637794,Argelaguer
17011,8,"Armentera, L'",17,09,Girona,ES512,17:11,nombre,L01170118,P1701100H,42.170858,3.07257,L'Armentera
17012,3,Avinyonet de Puigventós,17,09,Girona,ES512,17:12,nombre,L01170123,P1701200F,42.24987,2.911223,Avinyonet de Puigventós
17013,9,Begur,17,09,Girona,ES512,17:14,nombre,L01170139,P1701400B,41.954388,3.206798,Begur
17014,4,"Vajol, La",17,09,Girona,ES512,17:15,nombre,L01170144,P1701500I,42.403824,2.799057,La Vajol
17015,7,Banyoles,17,09,Girona,ES512,17:16,nombre,L01170157,P1701600G,42.116408,2.763804,Banyoles
17016,0,Bàscara,17,09,Girona,ES512,17:18,nombre,L01170160,P1701800C,42.159649,2.910608,Bàscara
17018,2,Bellcaire d'Empordà,17,09,Girona,ES512,17:21,nombre,L01170182,P1702100G,42.080987,3.094489,Bellcaire d'Empordà
17019,5,Besalú,17,09,Girona,ES512,17:22,nombre,L01170195,P1702200E,42.198899,2.699313,Besalú
17020,9,Bescanó,17,09,Girona,ES512,17:23,nombre,L01170209,P1702300C,41.965395,2.743346,Bescanó
17021,6,Beuda,17,09,Girona,ES512,17:24,nombre,L01170216,P1702400A,42.23686,2.709478,Beuda
17022,1,"Bisbal d'Empordà, La",17,09,Girona,ES512,17:25,nombre,L01170221,P1702500H,41.959016,3.037757,La Bisbal d'Empordà
17023,7,Blanes,17,09,Girona,ES512,17:26,nombre,L01170237,P1702600F,41.674111,2.791997,Blanes
17024,2,Bolvir,17,09,Girona,ES512,17:27,nombre,L01170242,P1702700D,42.418997,1.879964,Bolvir
17025,5,Bordils,17,09,Girona,ES512,17:28,nombre,L01170255,P1702800B,42.040508,2.91367,Bordils
17026,8,Borrassà,17,09,Girona,ES512,17:29,nombre,L01170268,P1702900J,42.222941,2.925937,Borrassà
17027,4,Breda,17,09,Girona,ES512,17:30,nombre,L01170274,P1703000H,41.748699,2.557569,Breda
17028,0,Brunyola i Sant Martí Sapresa,17,09,Girona,ES512,17:31,punto,L01170280,P1703100F,41.9046,2.684676,Brunyola
17029,3,Boadella i les Escaules,17,09,Girona,ES512,17:32,nombre,L01170293,P1703200D,42.331588,2.856422,Boadella d'Empordà
17030,7,Cabanes,17,09,Girona,ES512,17:33,nombre,L01170307,P1703300B,42.307504,2.977957,Cabanes
17031,4,Cabanelles,17,09,Girona,ES512,17:34,nombre,L01170314,P1703400J,42.230668,2.819676,Cabanelles
17032,9,Cadaqués,17,09,Girona,ES512,17:35,nombre,L01170329,P1703500G,42.287499,3.277149,Cadaqués
17033,5,Caldes de Malavella,17,09,Girona,ES512,17:37,nombre,L01170335,P1703700C,41.838832,2.809789,Caldes de Malavella
17034,0,Calonge i Sant Antoni,17,09,Girona,ES512,17:38,punto,L01170340,P1703800A,41.862288,3.073145,Calonge
17035,3,Camós,17,09,Girona,ES512,17:39,nombre,L01170353,P1703900I,42.093976,2.767546,Camós
17036,6,Campdevànol,17,09,Girona,ES512,17:40,nombre,L01170366,P1704000G,42.22341,2.168989,Campdevànol
17037,2,Campelles,17,09,Girona,ES512,17:41,nombre,L01170372,P1704100E,42.294388,2.140094,Campelles
17038,8,Campllong,17,09,Girona,ES512,17:42,nombre,L01170388,P1704200C,41.892698,2.831316,Campllong
17039,1,Camprodon,17,09,Girona,ES512,17:43,nombre,L01170391,P1704300A,42.311726,2.36476,Camprodon
17040,5,Canet d'Adri,17,09,Girona,ES512,17:44,nombre,L01170405,P1704400I,42.033351,2.737134,Canet d'Adri
17041,2,Cantallops,17,09,Girona,ES512,17:45,nombre,L01170412,P1704500F,42.422683,2.926578,Cantallops
17042,7,Capmany,17,09,Girona,ES512,17:46,nombre,L01170427,P1704600D,42.372497,2.920812,Capmany
17043,3,Queralbs,17,09,Girona,ES512,17:47,nombre,L01170433,P1704700B,42.348469,2.162686,Queralbs
17044,8,Cassà de la Selva,17,09,Girona,ES512,17:49,nombre,L01170448,P1704900H,41.884863,2.874308,Cassà de la Selva
17046,4,Castellfollit de la Roca,17,09,Girona,ES512,17:51,nombre,L01170464,P1705100D,42.219035,2.549925,Castellfollit de la Roca
17047,0,Castelló d'Empúries,17,09,Girona,ES512,17:52,nombre,L01170470,P1705200B,42.258064,3.073808,Castelló d'Empúries
17048,6,"Castell d'Aro, Platja d'Aro i s'Agaró",17,09,Girona,ES512,17:53,punto,L01170486,P1705300J,41.817582,3.067324,Platja d'Aro
17049,9,Celrà,17,09,Girona,ES512,17:54,nombre,L01170499,P1705400H,42.026552,2.874405,Celrà
17050,2,Cervià de Ter,17,09,Girona,ES512,17:55,nombre,L01170502,P1705500E,42.067625,2.912423,Cervià de Ter
17051,9,Cistella,17,09,Girona,ES512,17:56,nombre,L01170519,P1705600C,42.268442,2.84744,Cistella
17052,4,Siurana,17,09,Girona,ES512,17:57,nombre,L01170524,P1705700A,42.20963,2.993778,Siurana
17054,5,Colera,17,09,Girona,ES512,17:59,nombre,L01170545,P1705900G,42.404019,3.150471,Colera
17055,8,Colomers,17,09,Girona,ES512,17:60,nombre,L01170558,P1706000E,42.084012,2.98749,Colomers
17056,1,Cornellà del Terri,17,09,Girona,ES512,17:61,nombre,L01170561,P1706100C,42.089312,2.81565,Cornellà del Terri
17057,7,Corçà,17,09,Girona,ES512,17:62,nombre,L01170577,P1706200A,41.989358,3.017712,Corçà
17058,3,Crespià,17,09,Girona,ES512,17:63,nombre,L01170583,P1706300I,42.1877,2.797896,Crespià
17060,0,Darnius,17,09,Girona,ES512,17:65,nombre,L01170600,P1706500D,42.368257,2.832166,Darnius
17061,7,Das,17,09,Girona,ES512,17:66,nombre,L01170617,P1706600B,42.362689,1.871936,Das
17062,2,"Escala, L'",17,09,Girona,ES512,17:68,nombre,L01170622,P1706800H,42.12484,3.132256,L'Escala
17063,8,Espinelves,17,09,Girona,ES512,17:69,nombre,L01170638,P1706900F,41.868742,2.417773,Espinelves
17064,3,Espolla,17,09,Girona,ES512,17:70,nombre,L01170643,P1707000D,42.391335,3.001918,Espolla
17065,6,Esponellà,17,09,Girona,ES512,17:71,nombre,L01170656,P1707100B,42.177375,2.795475,Esponellà
17066,9,Figueres,17,09,Girona,ES512,17:72,nombre,L01170669,P1707200J,42.267261,2.960356,Figueres
17067,5,Flaçà,17,09,Girona,ES512,17:73,nombre,L01170675,P1707300H,42.046877,2.95806,Flaçà
17068,1,Foixà,17,09,Girona,ES512,17:74,nombre,L01170681,P1707400F,42.045204,2.99694,els Masos
17069,4,Fontanals de Cerdanya,17,09,Girona,ES512,17:36,nombre,L01170694,P1703600E,42.384643,1.902794,El Vilar d'Urtx
17070,8,Fontanilles,17,09,Girona,ES512,17:75,nombre,L01170708,P1707500C,42.010131,3.107526,Fontanilles
17071,5,Fontcoberta,17,09,Girona,ES512,17:76,nombre,L01170715,P1707600A,42.142857,2.789394,Fontcoberta
17073,6,Fornells de la Selva,17,09,Girona,ES512,17:78,nombre,L01170736,P1707800G,41.934677,2.810369,Fornells de la Selva
17074,1,Fortià,17,09,Girona,ES512,17:79,nombre,L01170741,P1707900E,42.242449,3.040427,Fortià
17075,4,Garrigàs,17,09,Girona,ES512,17:81,nombre,L01170754,P1708100A,42.193516,2.954158,Garrigàs
17076,7,Garrigoles,17,09,Girona,ES512,17:82,nombre,L01170767,P1708200I,42.107146,3.030828,Garrigoles
17077,3,Garriguella,17,09,Girona,ES512,17:83,nombre,L01170773,P1708300G,42.344646,3.064633,Garriguella
17078,9,Ger,17,09,Girona,ES512,17:84,nombre,L01170789,P1708400E,42.410637,1.845436,Ger
17079,2,Girona,17,09,Girona,ES512,17:85,nombre,L01170792,P1708500B,41.983072,2.824786,Girona
17080,6,Gombrèn,17,09,Girona,ES512,17:86,nombre,L01170806,P1708600J,42.248914,2.08981,Gombrèn
17081,3,Gualta,17,09,Girona,ES512,17:87,nombre,L01170813,P1708700H,42.02837,3.103477,Gualta
17082,8,Guils de Cerdanya,17,09,Girona,ES512,17:88,nombre,L01170828,P1708800F,42.448723,1.880074,Guils de Cerdanya
17083,4,Hostalric,17,09,Girona,ES512,17:89,nombre,L01170834,P1708900D,41.745798,2.641366,Hostalric
17084,9,Isòvol,17,09,Girona,ES512,17:90,nombre,L01170849,P1709000B,42.39772,1.837299,All
17085,2,Jafre,17,09,Girona,ES512,17:91,nombre,L01170852,P1709100J,42.071996,3.010748,Jafre
17086,5,"Jonquera, La",17,09,Girona,ES512,17:93,nombre,L01170865,P1709300F,42.416915,2.873172,La Jonquera
17087,1,Juià,17,09,Girona,ES512,17:94,nombre,L01170871,P1709400D,42.018932,2.906172,Juià
17088,7,Lladó,17,09,Girona,ES512,17:95,nombre,L01170887,P1709500A,42.248047,2.813519,Lladó
17089,0,Llagostera,17,09,Girona,ES512,17:96,nombre,L01170890,P1709600I,41.828815,2.891817,Llagostera
17090,4,Llambilles,17,09,Girona,ES512,17:97,nombre,L01170904,P1709700G,41.921184,2.859276,Llambilles
17091,1,Llanars,17,09,Girona,ES512,17:98,nombre,L01170911,P1709800E,42.320594,2.343975,Llanars
17092,6,Llançà,17,09,Girona,ES512,17:99,nombre,L01170926,P1709900C,42.362811,3.151757,Llançà
17093,2,Llers,17,09,Girona,ES512,17:100,nombre,L01170932,P1710000I,42.295692,2.909347,Llers
17094,7,Llívia,17,09,Girona,ES512,17:101,nombre,L01170947,P1710100G,42.464784,1.982022,Llívia
17095,0,Lloret de Mar,17,09,Girona,ES512,17:102,nombre,L01170950,P1710200E,41.698609,2.847594,Lloret de Mar
17096,3,"Llosses, Les",17,09,Girona,ES512,17:103,nombre,L01170963,P1710300C,42.130549,2.20719,la Farga de Bebié
17097,9,Madremanya,17,09,Girona,ES512,17:104,nombre,L01170979,P1710400A,41.990156,2.957219,Madremanya
17098,5,Maià de Montcal,17,09,Girona,ES512,17:110,nombre,L01170985,P1711000H,42.222801,2.743707,Maià de Montcal
17099,8,Meranges,17,09,Girona,ES512,17:105,nombre,L01170998,P1710500H,42.446939,1.784847,Meranges
17100,2,Masarac i Vilarnadal,17,09,Girona,ES512,17:106,punto,L01171002,P1710600F,42.35083,2.972713,Masarac
17101,9,Massanes,17,09,Girona,ES512,17:107,nombre,L01171019,P1710700D,41.766403,2.651783,Massanes
17102,4,Maçanet de Cabrenys,17,09,Girona,ES512,17:108,nombre,L01171024,P1710800B,42.386035,2.75028,Maçanet de Cabrenys
17103,0,Maçanet de la Selva,17,09,Girona,ES512,17:109,nombre,L01171030,P1710900J,41.776274,2.731426,Maçanet de la Selva
17105,8,Mieres,17,09,Girona,ES512,17:112,nombre,L01171058,P1711200D,42.123296,2.640292,Mieres
17106,1,Mollet de Peralada,17,09,Girona,ES512,17:113,nombre,L01171061,P1711300B,42.358565,3.000461,Mollet de Peralada
17107,7,Molló,17,09,Girona,ES512,17:114,nombre,L01171077,P1711400J,42.346553,2.404631,Molló
17109,6,Montagut i Oix,17,09,Girona,ES512,17:116,nombre,L01171096,P1711600E,42.231456,2.59616,Montagut
17110,0,Mont-ras,17,09,Girona,ES512,17:117,nombre,L01171100,P1711700C,41.908106,3.144687,Mont-ras
17111,7,Navata,17,09,Girona,ES512,17:118,nombre,L01171117,P1711800A,42.223739,2.860523,Navata
17112,2,Ogassa,17,09,Girona,ES512,17:119,nombre,L01171122,P1711900I,42.265876,2.277067,Ogassa
17114,3,Olot,17,09,Girona,ES512,17:121,nombre,L01171143,P1712100E,42.18321,2.484604,Olot
17115,6,Ordis,17,09,Girona,ES512,17:122,nombre,L01171156,P1712200C,42.2187,2.906714,Ordis
17116,9,Osor,17,09,Girona,ES512,17:123,nombre,L01171169,P1712300A,41.945458,2.557683,Osor
17117,5,Palafrugell,17,09,Girona,ES512,17:124,nombre,L01171175,P1712400I,41.914971,3.16405,Palafrugell
17118,1,Palamós,17,09,Girona,ES512,17:125,nombre,L01171181,P1712500F,41.846359,3.129077,Palamós
17119,4,Palau de Santa Eulàlia,17,09,Girona,ES512,17:126,nombre,L01171194,P1712600D,42.173872,2.964153,Santa Eulàlia
17120,8,Palau-saverdera,17,09,Girona,ES512,17:127,nombre,L01171208,P1712700B,42.307723,3.146588,Palau-saverdera
17121,5,Palau-sator,17,09,Girona,ES512,17:129,nombre,L01171215,P1712900H,41.98972,3.111142,Palau-sator
17123,6,Palol de Revardit,17,09,Girona,ES512,17:131,nombre,L01171236,P1713100D,42.069373,2.795819,Palol de Revardit
17124,1,Pals,17,09,Girona,ES512,17:132,nombre,L01171241,P1713200B,41.97113,3.145108,Pals
17125,4,Pardines,17,09,Girona,ES512,17:133,nombre,L01171254,P1713300J,42.312342,2.212962,Pardines
17126,7,Parlavà,17,09,Girona,ES512,17:134,nombre,L01171267,P1713400H,42.023895,3.0318,Parlavà
17128,9,Pau,17,09,Girona,ES512,17:136,nombre,L01171289,P1713600C,42.315986,3.116953,Pau
17129,2,Pedret i Marzà,17,09,Girona,ES512,17:137,nombre,L01171292,P1713700A,42.310208,3.068707,Marzà
17130,6,"Pera, La",17,09,Girona,ES512,17:138,nombre,L01171306,P1713800I,42.020528,2.973398,La Pera
17132,8,Peralada,17,09,Girona,ES512,17:140,nombre,L01171328,P1714000E,42.307901,3.007587,Peralada
17133,4,"Planes d'Hostoles, Les",17,09,Girona,ES512,17:142,nombre,L01171334,P1714200A,42.055754,2.537213,Les Planes d'Hostoles
17134,9,Planoles,17,09,Girona,ES512,17:143,nombre,L01171349,P1714300I,42.316296,2.104012,Planoles
17135,2,Pont de Molins,17,09,Girona,ES512,17:144,nombre,L01171352,P1714400G,42.3146,2.925545,Pont de Molins
17136,5,Pontós,17,09,Girona,ES512,17:145,nombre,L01171365,P1714500D,42.186714,2.916688,Pontós
17137,1,Porqueres,17,09,Girona,ES512,17:146,nombre,L01171371,P1714600B,42.102748,2.789851,Mata
17138,7,Portbou,17,09,Girona,ES512,17:147,nombre,L01171387,P1714700J,42.426315,3.162455,Portbou
17139,0,"Preses, Les",17,09,Girona,ES512,17:148,nombre,L01171390,P1714800H,42.141751,2.461038,Les Preses
17140,4,"Port de la Selva, El",17,09,Girona,ES512,17:149,nombre,L01171404,P1714900F,42.339289,3.204387,El Port de la Selva
17141,1,Puigcerdà,17,09,Girona,ES512,17:150,nombre,L01171411,P1715000D,42.431057,1.927256,Puigcerdà
17142,6,Quart,17,09,Girona,ES512,17:151,nombre,L01171426,P1715100B,41.939948,2.839824,Quart
17143,2,Rabós,17,09,Girona,ES512,17:152,nombre,L01171432,P1715200J,42.379049,3.028177,Rabós
17144,7,Regencós,17,09,Girona,ES512,17:153,nombre,L01171447,P1715300H,41.952898,3.171216,Regencós
17145,0,Ribes de Freser,17,09,Girona,ES512,17:154,nombre,L01171450,P1715400F,42.306297,2.167593,Ribes de Freser
17146,3,Riells i Viabrea,17,09,Girona,ES512,17:155,nombre,L01171463,P1715500C,41.724957,2.558193,Can Salvà
17147,9,Ripoll,17,09,Girona,ES512,17:156,nombre,L01171479,P1715600A,42.201054,2.190778,Ripoll
17148,5,Riudarenes,17,09,Girona,ES512,17:157,nombre,L01171485,P1715700I,41.822463,2.717171,Riudarenes
17149,8,Riudaura,17,09,Girona,ES512,17:158,nombre,L01171498,P1715800G,42.188663,2.406882,Riudaura
17150,1,Riudellots de la Selva,17,09,Girona,ES512,17:159,nombre,L01171501,P1715900E,41.893615,2.801527,Riudellots de la Selva
17151,8,Riumors,17,09,Girona,ES512,17:160,nombre,L01171518,P1716000C,42.226885,3.043183,Riumors
17152,3,Roses,17,09,Girona,ES512,17:161,nombre,L01171523,P1716100A,42.263281,3.175052,Roses
17153,9,Rupià,17,09,Girona,ES512,17:162,nombre,L01171539,P1716200I,42.020469,3.0108,Rupià
17154,4,Sales de Llierca,17,09,Girona,ES512,17:163,nombre,L01171544,P1716300G,,,
17155,7,Salt,17,09,Girona,ES512,17:164,nombre,L01171557,P1716400E,41.974815,2.792694,Salt
17157,6,Sant Andreu Salou,17,09,Girona,ES512,17:166,nombre,L01171576,P1716600J,41.873524,2.825699,Sant Andreu Salou
17158,2,Sant Climent Sescebes,17,09,Girona,ES512,17:167,nombre,L01171582,P1716700H,42.369325,2.980594,Sant Climent Sescebes
17159,5,Sant Feliu de Buixalleu,17,09,Girona,ES512,17:169,nombre,L01171595,P1716900D,41.791261,2.586177,Sant Feliu de Buixalleu
17160,9,Sant Feliu de Guíxols,17,09,Girona,ES512,17:170,nombre,L01171609,P1717000B,41.780236,3.029032,Sant Feliu de Guíxols
17161,6,Sant Feliu de Pallerols,17,09,Girona,ES512,17:171,nombre,L01171616,P1717100J,42.075312,2.50669,Sant Feliu de Pallerols
17162,1,Sant Ferriol,17,09,Girona,ES512,17:172,nombre,L01171621,P1717200H,42.160475,2.645363,el Torn
17163,7,Sant Gregori,17,09,Girona,ES512,17:173,nombre,L01171637,P1717300F,41.990462,2.760181,Sant Gregori
17164,2,Sant Hilari Sacalm,17,09,Girona,ES512,17:174,nombre,L01171642,P1717400D,41.878374,2.507992,Sant Hilari Sacalm
17165,5,Sant Jaume de Llierca,17,09,Girona,ES512,17:175,nombre,L01171655,P1717500A,42.212575,2.606986,Sant Jaume de Llierca
17166,8,Sant Jordi Desvalls,17,09,Girona,ES512,17:176,nombre,L01171668,P1717600I,42.071522,2.953492,Sant Jordi Desvalls
17167,4,Sant Joan de les Abadesses,17,09,Girona,ES512,17:177,nombre,L01171674,P1717700G,42.232668,2.285017,Sant Joan de les Abadesses
17168,0,Sant Joan de Mollet,17,09,Girona,ES512,17:178,nombre,L01171680,P1717800E,42.046613,2.942153,Sant Joan de Mollet
17169,3,Sant Julià de Ramis,17,09,Girona,ES512,17:179,nombre,L01171693,P1717900C,42.034646,2.839406,Sant Julià de Ramis
17170,7,Vallfogona de Ripollès,17,09,Girona,ES512,17:222,nombre,L01171707,P1722200A,42.197323,2.304265,Vallfogona de Ripollès
17171,4,Sant Llorenç de la Muga,17,09,Girona,ES512,17:180,nombre,L01171714,P1718000A,42.320353,2.790276,Sant Llorenç de la Muga
17172,9,Sant Martí de Llémena,17,09,Girona,ES512,17:181,nombre,L01171729,P1718100I,42.036504,2.647484,Sant Martí de Llémena
17173,5,Sant Martí Vell,17,09,Girona,ES512,17:182,nombre,L01171735,P1718200G,42.019628,2.930526,Sant Martí Vell
17174,0,Sant Miquel de Campmajor,17,09,Girona,ES512,17:183,nombre,L01171740,P1718300E,,,
17175,3,Sant Miquel de Fluvià,17,09,Girona,ES512,17:184,nombre,L01171753,P1718400C,42.171533,2.991542,Sant Miquel de Fluvià
17176,6,Sant Mori,17,09,Girona,ES512,17:185,nombre,L01171766,P1718500J,42.152892,2.991568,Sant Mori
17177,2,Sant Pau de Segúries,17,09,Girona,ES512,17:186,nombre,L01171772,P1718600H,42.261453,2.364861,Sant Pau de Segúries
17178,8,Sant Pere Pescador,17,09,Girona,ES512,17:187,nombre,L01171788,P1718700F,42.18804,3.081939,Sant Pere Pescador
17180,5,Santa Coloma de Farners,17,09,Girona,ES512,17:191,nombre,L01171805,P1719100H,41.86134,2.66298,Santa Coloma de Farners
17181,2,Santa Cristina d'Aro,17,09,Girona,ES512,17:192,nombre,L01171812,P1719200F,41.812048,2.996873,Santa Cristina d'Aro
17182,7,Santa Llogaia d'Àlguema,17,09,Girona,ES512,17:194,nombre,L01171827,P1719400B,42.233991,2.953139,Santa Llogaia d'Àlguema
17183,3,Sant Aniol de Finestres,17,09,Girona,ES512,17:195,nombre,L01171833,P1719500I,42.063309,2.614591,Sant Esteve de Llémena
17184,8,Santa Pau,17,09,Girona,ES512,17:196,nombre,L01171848,P1719600G,42.14499,2.569962,Santa Pau
17185,1,Sant Joan les Fonts,17,09,Girona,ES512,17:197,nombre,L01171851,P1719700E,42.212703,2.511099,Sant Joan les Fonts
17186,4,Sarrià de Ter,17,09,Girona,ES512,17:198,nombre,L01171864,P1719800C,42.017055,2.824893,Sarrià de Ter
17187,0,"Saus, Camallera i Llampaies",17,09,Girona,ES512,17:199,nombre,L01171870,P1719900A,42.123172,2.963883,Camallera
17188,6,"Selva de Mar, La",17,09,Girona,ES512,17:200,nombre,L01171886,P1720000G,42.324531,3.187119,La Selva de Mar
17189,9,"Cellera de Ter, La",17,09,Girona,ES512,17:201,nombre,L01171899,P1720100E,41.967325,2.621884,La Cellera de Ter
17190,3,Serinyà,17,09,Girona,ES512,17:202,nombre,L01171903,P1720200C,42.169687,2.745565,Serinyà
17191,0,Serra de Daró,17,09,Girona,ES512,17:203,nombre,L01171910,P1720300A,42.027954,3.072861,Serra de Daró
17192,5,Setcases,17,09,Girona,ES512,17:204,nombre,L01171925,P1720400I,42.374806,2.30144,Setcases
17193,1,Sils,17,09,Girona,ES512,17:205,nombre,L01171931,P1720500F,41.809512,2.743568,Sils
17194,6,Susqueda,17,09,Girona,ES512,17:206,nombre,L01171946,P1720600D,42.014399,2.547187,Sant Martí Sacalm
17195,9,"Tallada d'Empordà, La",17,09,Girona,ES512,17:207,nombre,L01171959,P1720700B,42.079159,3.056079,La Tallada d'Empordà
17196,2,Terrades,17,09,Girona,ES512,17:209,nombre,L01171962,P1720900H,42.310237,2.83897,Terrades
17197,8,Torrent,17,09,Girona,ES512,17:210,nombre,L01171978,P1721000F,41.951843,3.128197,Torrent
17198,4,Torroella de Fluvià,17,09,Girona,ES512,17:211,nombre,L01171984,P1721100D,42.174906,3.041242,Torroella de Fluvià
17199,7,Torroella de Montgrí,17,09,Girona,ES512,17:212,nombre,L01171997,P1721200B,42.041075,3.126354,Torroella de Montgrí
17200,1,Tortellà,17,09,Girona,ES512,17:213,nombre,L01172001,P1721300J,42.232829,2.629616,Tortellà
17201,8,Toses,17,09,Girona,ES512,17:214,nombre,L01172018,P1721400H,42.32161,2.01773,Toses
17202,3,Tossa de Mar,17,09,Girona,ES512,17:215,nombre,L01172023,P1721500E,41.717746,2.930926,Tossa de Mar
17203,9,Ultramort,17,09,Girona,ES512,17:216,nombre,L01172039,P1721600C,42.036998,3.034783,Ultramort
17204,4,Ullà,17,09,Girona,ES512,17:217,nombre,L01172044,P1721700A,42.050561,3.107615,Ullà
17205,7,Ullastret,17,09,Girona,ES512,17:218,nombre,L01172057,P1721800I,41.999989,3.068357,Ullastret
17206,0,Urús,17,09,Girona,ES512,17:220,nombre,L01172060,P1722000E,42.350487,1.851989,Urús
17207,6,"Vall d'en Bas, La",17,09,Girona,ES512,17:17,nombre,L01172076,P1701700E,42.117634,2.459449,Sant Esteve d'en Bas
17208,2,"Vall de Bianya, La",17,09,Girona,ES512,17:221,nombre,L01172082,P1722100C,42.210957,2.455822,L'Hostalnou de Bianya
17209,5,Vall-llobrega,17,09,Girona,ES512,17:223,nombre,L01172095,P1722300I,41.889286,3.123856,Urbanització Vall-Llobrega
17210,9,Ventalló,17,09,Girona,ES512,17:224,nombre,L01172109,P1722400G,42.148982,3.026845,Ventalló
17211,6,Verges,17,09,Girona,ES512,17:225,nombre,L01172116,P1722500D,42.060494,3.046679,Verges
17212,1,Vidrà,17,09,Girona,ES512,17:226,nombre,L01172121,P1722600B,42.12232,2.310327,Vidrà
17213,7,Vidreres,17,09,Girona,ES512,17:227,nombre,L01172137,P1722700J,41.789677,2.780321,Vidreres
17214,2,Vilabertran,17,09,Girona,ES512,17:228,nombre,L01172142,P1722800H,42.283556,2.979703,Vilabertran
17215,5,Vilablareix,17,09,Girona,ES512,17:229,nombre,L01172155,P1722900F,41.953219,2.796281,el Perelló
17216,8,Viladasens,17,09,Girona,ES512,17:230,nombre,L01172168,P1723000D,42.095786,2.930254,Viladasens
17217,4,Viladamat,17,09,Girona,ES512,17:231,nombre,L01172174,P1723100B,42.132771,3.073774,Viladamat
17218,0,Vilademuls,17,09,Girona,ES512,17:232,nombre,L01172180,P1723200J,42.138757,2.888102,Vilademuls
17220,7,Viladrau,17,09,Girona,ES512,17:234,nombre,L01172207,P1723400F,41.848394,2.39062,Viladrau
17221,4,Vilafant,17,09,Girona,ES512,17:235,nombre,L01172214,P1723500C,42.25005,2.941045,Vilafant
17222,9,Vilaür,17,09,Girona,ES512,17:236,nombre,L01172229,P1723600A,42.143462,2.954974,Vilaür
17223,5,Vilajuïga,17,09,Girona,ES512,17:237,nombre,L01172235,P1723700I,42.327529,3.094155,Vilajuïga
17224,0,Vilallonga de Ter,17,09,Girona,ES512,17:238,nombre,L01172240,P1723800G,42.331729,2.312447,Vilallonga de Ter
17225,3,Vilamacolum,17,09,Girona,ES512,17:240,nombre,L01172253,P1724000C,42.196314,3.057038,Vilamacolum
17226,6,Vilamalla,17,09,Girona,ES512,17:241,nombre,L01172266,P1724100A,42.217105,2.971445,Vilamalla
17227,2,Vilamaniscle,17,09,Girona,ES512,17:242,nombre,L01172272,P1724200I,42.374952,3.067329,Vilamaniscle
17228,8,Vilanant,17,09,Girona,ES512,17:243,nombre,L01172288,P1724300G,42.254456,2.890272,Vilanant
17230,5,Vila-sacra,17,09,Girona,ES512,17:245,nombre,L01172305,P1724500B,42.266041,3.018003,Vila-sacra
17232,7,Vilopriu,17,09,Girona,ES512,17:247,nombre,L01172327,P1724700H,42.104403,2.992025,Vilopriu
17233,3,Vilobí d'Onyar,17,09,Girona,ES512,17:248,nombre,L01172333,P1724800F,41.88833,2.742901,Vilobí d'Onyar
17234,8,Biure,17,09,Girona,ES512,17:249,nombre,L01172348,P1724900D,42.337712,2.895607,Biure
17901,1,"Cruïlles, Monells i Sant Sadurní de l'Heura",17,09,Girona,ES512,17:64,nombre,L01179011,P1706400G,41.95614,2.990549,Sant Sadurní de l'Heura
17902,6,Forallac,17,09,Girona,ES512,17:77,nombre,L01179026,P1725000B,41.959223,3.055407,Vulpellac
17903,2,Sant Julià del Llor i Bonmatí,17,09,Girona,ES512,17:251,nombre,L01179032,P1725100J,41.968011,2.670327,Bonmatí
18001,6,Agrón,18,01,Granada,ES614,18:2,nombre,L01180016,P1800200F,37.030639,-3.830049,Agrón
18002,1,Alamedilla,18,01,Granada,ES614,18:3,nombre,L01180021,P1800300D,37.581561,-3.24449,Alamedilla
18003,7,Albolote,18,01,Granada,ES614,18:4,nombre,L01180037,P1800400B,37.230582,-3.657286,Albolote
18004,2,Albondón,18,01,Granada,ES614,18:5,nombre,L01180042,P1800500I,36.828169,-3.210797,Albondón
18005,5,Albuñán,18,01,Granada,ES614,18:6,nombre,L01180055,P1800600G,37.227093,-3.13343,Albuñán
18006,8,Albuñol,18,01,Granada,ES614,18:7,nombre,L01180068,P1800700E,36.791274,-3.203267,Albuñol
18007,4,Albuñuelas,18,01,Granada,ES614,18:8,nombre,L01180074,P1800800C,36.928576,-3.623139,Albuñuelas
18010,7,Aldeire,18,01,Granada,ES614,18:11,nombre,L01180107,P1801100G,37.163587,-3.072018,Aldeire
18011,4,Alfacar,18,01,Granada,ES614,18:12,nombre,L01180114,P1801200E,37.2367,-3.570686,Alfacar
18012,9,Algarinejo,18,01,Granada,ES614,18:13,nombre,L01180129,P1801300C,37.324841,-4.1588,Algarinejo
18013,5,Alhama de Granada,18,01,Granada,ES614,18:14,nombre,L01180135,P1801400A,37.002562,-3.987887,Alhama de Granada
18014,0,Alhendín,18,01,Granada,ES614,18:15,nombre,L01180140,P1801500H,37.107925,-3.645936,Alhendín
18015,3,Alicún de Ortega,18,01,Granada,ES614,18:16,nombre,L01180153,P1801600F,37.60804,-3.137389,Alicún de Ortega
18016,6,Almegíjar,18,01,Granada,ES614,18:17,nombre,L01180166,P1801700D,36.902519,-3.299647,Almegíjar
18017,2,Almuñécar,18,01,Granada,ES614,18:18,nombre,L01180172,P1801800B,36.733836,-3.691157,Almuñécar
18018,8,Alquife,18,01,Granada,ES614,18:19,nombre,L01180188,P1801900J,37.178867,-3.115094,Alquife
18020,5,Arenas del Rey,18,01,Granada,ES614,18:21,nombre,L01180205,P1802100F,36.957848,-3.894095,Arenas del Rey
18021,2,Armilla,18,01,Granada,ES614,18:22,nombre,L01180212,P1802200D,37.142822,-3.627817,Armilla
18022,7,Atarfe,18,01,Granada,ES614,18:23,nombre,L01180227,P1802300B,37.222705,-3.686501,Atarfe
18023,3,Baza,18,01,Granada,ES614,18:24,nombre,L01180233,P1802400J,37.490617,-2.774311,Baza
18024,8,Beas de Granada,18,01,Granada,ES614,18:25,nombre,L01180248,P1802500G,37.218673,-3.481164,Beas de Granada
18025,1,Beas de Guadix,18,01,Granada,ES614,18:26,nombre,L01180251,P1802600E,37.279707,-3.204974,Beas de Guadix
18027,0,Benalúa,18,01,Granada,ES614,18:28,nombre,L01180270,P1802800A,37.350125,-3.16907,Benalúa
18028,6,Benalúa de las Villas,18,01,Granada,ES614,18:29,nombre,L01180286,P1802900I,37.431682,-3.682622,Benalúa de las Villas
18029,9,Benamaurel,18,01,Granada,ES614,18:30,nombre,L01180299,P1803000G,37.608914,-2.698784,Benamaurel
18030,3,Bérchules,18,01,Granada,ES614,18:31,nombre,L01180303,P1803100E,36.974202,-3.190255,Bérchules
18032,5,Bubión,18,01,Granada,ES614,18:33,nombre,L01180325,P1803300A,36.948846,-3.356773,Bubión
18033,1,Busquístar,18,01,Granada,ES614,18:34,nombre,L01180331,P1803400I,36.937851,-3.29448,Busquístar
18034,6,Cacín,18,01,Granada,ES614,18:35,nombre,L01180346,P1803500F,37.059886,-3.917035,Cacín
18035,9,Cádiar,18,01,Granada,ES614,18:36,nombre,L01180359,P1803600D,36.946436,-3.180408,Cádiar
18036,2,Cájar,18,01,Granada,ES614,18:37,nombre,L01180362,P1803700B,37.13419,-3.570969,Cájar
18037,8,Calicasas,18,01,Granada,ES614,18:38,nombre,L01180378,P1803800J,37.273241,-3.618525,Calicasas
18038,4,Campotéjar,18,01,Granada,ES614,18:39,nombre,L01180384,P1803900H,37.481463,-3.616588,Campotéjar
18039,7,Caniles,18,01,Granada,ES614,18:40,nombre,L01180397,P1804000F,37.436114,-2.722284,Caniles
18040,1,Cáñar,18,01,Granada,ES614,18:41,nombre,L01180401,P1804100D,36.926125,-3.427683,Cáñar
18042,3,Capileira,18,01,Granada,ES614,18:43,nombre,L01180423,P1804300J,36.961452,-3.358509,Capileira
18043,9,Carataunas,18,01,Granada,ES614,18:44,nombre,L01180439,P1804400H,36.922876,-3.408253,Carataunas
18044,4,Cástaras,18,01,Granada,ES614,18:45,nombre,L01180444,P1804500E,36.931402,-3.253695,Cástaras
18045,7,Castilléjar,18,01,Granada,ES614,18:46,nombre,L01180457,P1804600C,37.714643,-2.642987,Castilléjar
18046,0,Castril,18,01,Granada,ES614,18:47,nombre,L01180460,P1804700A,37.79572,-2.779157,Castril
18047,6,Cenes de la Vega,18,01,Granada,ES614,18:48,nombre,L01180476,P1804800I,37.15953,-3.538561,Cenes de la Vega
18048,2,Cijuela,18,01,Granada,ES614,18:49,nombre,L01180482,P1804900G,37.199932,-3.810621,Cijuela
18049,5,Cogollos de Guadix,18,01,Granada,ES614,18:50,nombre,L01180495,P1805000E,37.224159,-3.160924,Cogollos de Guadix
18050,8,Cogollos de la Vega,18,01,Granada,ES614,18:51,punto,L01180508,P1805100C,37.275468,-3.573453,Cogollos de la Vega
18051,5,Colomera,18,01,Granada,ES614,18:52,nombre,L01180515,P1805200A,37.369012,-3.712632,Colomera
18053,6,Cortes de Baza,18,01,Granada,ES614,18:54,nombre,L01180536,P1805400G,37.654081,-2.769721,Cortes de Baza
18054,1,Cortes y Graena,18,01,Granada,ES614,18:55,nombre,L01180541,P1805500D,37.303715,-3.218861,Graena
18056,7,Cúllar,18,01,Granada,ES614,18:57,nombre,L01180567,P1805700J,37.583705,-2.576427,Cúllar
18057,3,Cúllar Vega,18,01,Granada,ES614,18:58,nombre,L01180573,P1805800H,37.153266,-3.670519,Cúllar Vega
18059,2,Chauchina,18,01,Granada,ES614,18:60,nombre,L01180592,P1806000D,37.201327,-3.772423,Chauchina
18061,3,Chimeneas,18,01,Granada,ES614,18:62,nombre,L01180613,P1806200J,37.131136,-3.82329,Chimeneas
18062,8,Churriana de la Vega,18,01,Granada,ES614,18:64,nombre,L01180628,P1806400F,37.147688,-3.646026,Churriana de la Vega
18063,4,Darro,18,01,Granada,ES614,18:65,nombre,L01180634,P1806500C,37.34919,-3.292527,Darro
18064,9,Dehesas de Guadix,18,01,Granada,ES614,18:66,nombre,L01180649,P1806600A,37.589967,-3.102603,Dehesas de Guadix
18065,2,Dehesas Viejas,18,01,Granada,ES614,18:202,nombre,L01180652,P1800044H,37.472611,-3.551868,Dehesas Viejas
18066,5,Deifontes,18,01,Granada,ES614,18:68,nombre,L01180665,P1806800G,37.326542,-3.594344,Deifontes
18067,1,Diezma,18,01,Granada,ES614,18:69,nombre,L01180671,P1806900E,37.319579,-3.332495,Diezma
18068,7,Dílar,18,01,Granada,ES614,18:70,nombre,L01180687,P1807000C,37.07528,-3.602086,Dílar
18069,0,Dólar,18,01,Granada,ES614,18:71,nombre,L01180690,P1807100A,37.178403,-2.9915,Dólar
18070,4,Dúdar,18,01,Granada,ES614,18:72,nombre,L01180704,P1807200I,37.185965,-3.483623,Dúdar
18071,1,Dúrcal,18,01,Granada,ES614,18:73,nombre,L01180711,P1807300G,36.987922,-3.566013,Dúrcal
18072,6,Escúzar,18,01,Granada,ES614,18:74,nombre,L01180726,P1807400E,37.061795,-3.76131,Escúzar
18074,7,Ferreira,18,01,Granada,ES614,18:76,nombre,L01180747,P1807600J,37.172394,-3.035934,Ferreira
18076,3,Fonelas,18,01,Granada,ES614,18:78,nombre,L01180763,P1807800F,37.41354,-3.173351,Fonelas
18077,9,Fornes,18,01,Granada,ES614,18:79,nombre,L01180779,P1800016F,36.954443,-3.855493,Fornes
18078,5,Freila,18,01,Granada,ES614,18:80,nombre,L01180785,P1808000B,37.529005,-2.906899,Freila
18079,8,Fuente Vaqueros,18,01,Granada,ES614,18:81,nombre,L01180798,P1808100J,37.219511,-3.78299,Fuente Vaqueros
18082,4,Galera,18,01,Granada,ES614,18:84,nombre,L01180824,P1808400D,37.742822,-2.551187,Galera
18083,0,Gobernador,18,01,Granada,ES614,18:85,nombre,L01180830,P1808500A,37.477439,-3.319995,Gobernador
18084,5,Gójar,18,01,Granada,ES614,18:86,nombre,L01180845,P1808600I,37.104438,-3.606069,Gójar
18085,8,Gor,18,01,Granada,ES614,18:87,nombre,L01180858,P1808700G,37.369603,-2.969456,Gor
18086,1,Gorafe,18,01,Granada,ES614,18:88,nombre,L01180861,P1808800E,37.479508,-3.042921,Gorafe
18087,7,Granada,18,01,Granada,ES614,18:900,nombre,L01180877,P1808900C,37.174289,-3.598691,Granada
18088,3,Guadahortuna,18,01,Granada,ES614,18:90,nombre,L01180883,P1809000A,37.556576,-3.400814,Guadahortuna
18089,6,Guadix,18,01,Granada,ES614,18:91,nombre,L01180896,P1809100I,37.3006,-3.135343,Guadix
18093,8,Gualchos,18,01,Granada,ES614,18:95,nombre,L01180938,P1809500J,36.722505,-3.359242,Castell de Ferro
18094,3,Güéjar Sierra,18,01,Granada,ES614,18:96,nombre,L01180943,P1809600H,37.159937,-3.438543,Güéjar Sierra
18095,6,Güevéjar,18,01,Granada,ES614,18:97,nombre,L01180956,P1809700F,37.256794,-3.597724,Güevéjar
18096,9,Huélago,18,01,Granada,ES614,18:98,nombre,L01180969,P1809800D,37.420751,-3.26214,Huélago
18097,5,Huéneja,18,01,Granada,ES614,18:99,nombre,L01180975,P1809900B,37.177058,-2.948394,Huéneja
18098,1,Huéscar,18,01,Granada,ES614,18:100,nombre,L01180981,P1810000H,37.809453,-2.539591,Huéscar
18099,4,Huétor de Santillán,18,01,Granada,ES614,18:101,punto,L01180994,P1810100F,37.218333,-3.517222,Huétor de Santillán
18100,8,Huétor Tájar,18,01,Granada,ES614,18:102,nombre,L01181008,P1810200D,37.19406,-4.04692,Huétor Tájar
18101,5,Huétor Vega,18,01,Granada,ES614,18:103,nombre,L01181015,P1810300B,37.145641,-3.569617,Huétor Vega
18102,0,Íllora,18,01,Granada,ES614,18:104,nombre,L01181020,P1810400J,37.288531,-3.879673,Íllora
18103,6,Ítrabo,18,01,Granada,ES614,18:106,nombre,L01181036,P1810600E,36.799628,-3.638682,Ítrabo
18105,4,Iznalloz,18,01,Granada,ES614,18:107,nombre,L01181054,P1810700C,37.392972,-3.527713,Iznalloz
18106,7,Játar,18,01,Granada,ES614,18:108,nombre,L01181067,P1810800A,36.934164,-3.909398,Játar
18107,3,Jayena,18,01,Granada,ES614,18:109,nombre,L01181073,P1810900I,36.948905,-3.822815,Jayena
18108,9,Jérez del Marquesado,18,01,Granada,ES614,18:110,nombre,L01181089,P1811000G,37.183936,-3.15987,Jérez del Marquesado
18109,2,Jete,18,01,Granada,ES614,18:111,nombre,L01181092,P1811100E,36.79734,-3.667929,Jete
18111,3,Jun,18,01,Granada,ES614,18:113,nombre,L01181113,P1811300A,37.222014,-3.594375,Jun
18112,8,Juviles,18,01,Granada,ES614,18:114,nombre,L01181128,P1811400I,36.948095,-3.225547,Juviles
18114,9,"Calahorra, La",18,01,Granada,ES614,18:116,nombre,L01181149,P1811600D,37.181383,-3.064233,La Calahorra
18115,2,Láchar,18,01,Granada,ES614,18:117,nombre,L01181152,P1811700B,37.195096,-3.833973,Láchar
18116,5,Lanjarón,18,01,Granada,ES614,18:118,nombre,L01181165,P1811800J,36.918053,-3.480493,Lanjarón
18117,1,Lanteira,18,01,Granada,ES614,18:119,nombre,L01181171,P1811900H,37.168866,-3.138438,Lanteira
18119,0,Lecrín,18,01,Granada,ES614,18:63,nombre,L01181190,P1806300H,36.948033,-3.55062,Talará
18120,4,Lentegí,18,01,Granada,ES614,18:121,nombre,L01181204,P1812100D,36.834389,-3.674569,Lentegí
18121,1,Lobras,18,01,Granada,ES614,18:122,nombre,L01181211,P1812200B,36.92947,-3.212915,Lobras
18122,6,Loja,18,01,Granada,ES614,18:123,nombre,L01181226,P1812300J,37.166389,-4.149957,Loja
18123,2,Lugros,18,01,Granada,ES614,18:124,nombre,L01181232,P1812400H,37.229359,-3.241333,Lugros
18124,7,Lújar,18,01,Granada,ES614,18:125,nombre,L01181247,P1812500E,36.786652,-3.404541,Lújar
18126,3,"Malahá, La",18,01,Granada,ES614,18:127,nombre,L01181263,P1812700A,37.101474,-3.723095,La Malahá
18127,9,Maracena,18,01,Granada,ES614,18:128,nombre,L01181279,P1812800I,37.207527,-3.63295,Maracena
18128,5,Marchal,18,01,Granada,ES614,18:129,nombre,L01181285,P1812900G,37.296322,-3.202362,Marchal
18132,4,Moclín,18,01,Granada,ES614,18:133,nombre,L01181324,P1813300I,37.340087,-3.785773,Moclín
18133,0,Molvízar,18,01,Granada,ES614,18:134,nombre,L01181330,P1813400G,36.786895,-3.607494,Molvízar
18134,5,Monachil,18,01,Granada,ES614,18:135,nombre,L01181345,P1813500D,37.13228,-3.539746,Monachil
18135,8,Montefrío,18,01,Granada,ES614,18:137,nombre,L01181358,P1813700J,37.32085,-4.011258,Montefrío
18136,1,Montejícar,18,01,Granada,ES614,18:138,nombre,L01181361,P1813800H,37.571864,-3.50445,Montejícar
18137,7,Montillana,18,01,Granada,ES614,18:139,nombre,L01181377,P1813900F,37.499915,-3.672212,Montillana
18138,3,Moraleda de Zafayona,18,01,Granada,ES614,18:140,nombre,L01181383,P1814000D,37.169842,-3.965014,Moraleda de Zafayona
18140,0,Motril,18,01,Granada,ES614,18:142,nombre,L01181400,P1814200J,36.745353,-3.520456,Motril
18141,7,Murtas,18,01,Granada,ES614,18:144,nombre,L01181417,P1814400F,36.887318,-3.108271,Murtas
18143,8,Nigüelas,18,01,Granada,ES614,18:146,nombre,L01181438,P1814600A,36.977923,-3.53885,Nigüelas
18144,3,Nívar,18,01,Granada,ES614,18:147,nombre,L01181443,P1814700I,37.25791,-3.577968,Nívar
18145,6,Ogíjares,18,01,Granada,ES614,18:148,nombre,L01181456,P1814800G,37.120056,-3.606914,Ogíjares
18146,9,Orce,18,01,Granada,ES614,18:149,nombre,L01181469,P1814900E,37.72131,-2.479277,Orce
18147,5,Órgiva,18,01,Granada,ES614,18:150,nombre,L01181475,P1815000C,36.902167,-3.423962,Órgiva
18148,1,Otívar,18,01,Granada,ES614,18:151,nombre,L01181481,P1815100A,36.813159,-3.679232,Otívar
18149,4,Villa de Otura,18,01,Granada,ES614,18:152,nombre,L01181494,P1815200I,37.094344,-3.634783,Villa de Otura
18150,7,Padul,18,01,Granada,ES614,18:153,nombre,L01181507,P1815300G,37.022295,-3.627301,Padul
18151,4,Pampaneira,18,01,Granada,ES614,18:154,nombre,L01181514,P1815400E,36.940045,-3.361415,Pampaneira
18152,9,Pedro Martínez,18,01,Granada,ES614,18:155,nombre,L01181529,P1815500B,37.501618,-3.230535,Pedro Martínez
18153,5,Peligros,18,01,Granada,ES614,18:156,nombre,L01181535,P1815600J,37.230822,-3.628634,Peligros
18154,0,"Peza, La",18,01,Granada,ES614,18:157,nombre,L01181540,P1815700H,37.275658,-3.284831,La Peza
18157,2,Pinos Genil,18,01,Granada,ES614,18:160,nombre,L01181572,P1816000B,37.163731,-3.50212,Pinos Genil
18158,8,Pinos Puente,18,01,Granada,ES614,18:161,nombre,L01181588,P1816100J,37.251653,-3.749397,Pinos Puente
18159,1,Píñar,18,01,Granada,ES614,18:162,nombre,L01181591,P1816200H,37.442795,-3.440583,Píñar
18161,2,Polícar,18,01,Granada,ES614,18:164,nombre,L01181612,P1816400D,37.257447,-3.233121,Polícar
18162,7,Polopos,18,01,Granada,ES614,18:165,nombre,L01181627,P1816500A,36.747922,-3.275684,La Mamola
18163,3,Pórtugos,18,01,Granada,ES614,18:166,nombre,L01181633,P1816600I,36.942443,-3.310317,Pórtugos
18164,8,Puebla de Don Fadrique,18,01,Granada,ES614,18:167,nombre,L01181648,P1816700G,37.957974,-2.434827,Puebla de Don Fadrique
18165,1,Pulianas,18,01,Granada,ES614,18:168,nombre,L01181651,P1816800E,37.223149,-3.606881,Pulianas
18167,0,Purullena,18,01,Granada,ES614,18:170,nombre,L01181670,P1817000A,37.314795,-3.189389,Purullena
18168,6,Quéntar,18,01,Granada,ES614,18:171,nombre,L01181686,P1817100I,37.192029,-3.4665,Quéntar
18170,3,Rubite,18,01,Granada,ES614,18:173,nombre,L01181703,P1817300E,36.809104,-3.347943,Rubite
18171,0,Salar,18,01,Granada,ES614,18:174,nombre,L01181710,P1817400C,37.152308,-4.066942,Salar
18173,1,Salobreña,18,01,Granada,ES614,18:176,nombre,L01181731,P1817600H,36.746723,-3.587235,Salobreña
18174,6,Santa Cruz del Comercio,18,01,Granada,ES614,18:177,nombre,L01181746,P1817700F,37.060534,-3.976305,Santa Cruz del Comercio
18175,9,Santa Fe,18,01,Granada,ES614,18:178,nombre,L01181759,P1817800D,37.189567,-3.718145,Santa Fe
18176,2,Soportújar,18,01,Granada,ES614,18:179,nombre,L01181762,P1817900B,36.928463,-3.405054,Soportújar
18177,8,Sorvilán,18,01,Granada,ES614,18:180,nombre,L01181778,P1818000J,36.794663,-3.265333,Sorvilán
18178,4,Torre-Cardela,18,01,Granada,ES614,18:181,nombre,L01181784,P1818100H,37.504752,-3.355841,Torre-Cardela
18179,7,Torvizcón,18,01,Granada,ES614,18:182,nombre,L01181797,P1818200F,36.878572,-3.298662,Torvizcón
18180,1,Trevélez,18,01,Granada,ES614,18:183,nombre,L01181801,P1818300D,37.002419,-3.266639,Trevélez
18181,8,Turón,18,01,Granada,ES614,18:185,nombre,L01181818,P1818500I,36.863593,-3.057723,Turón
18182,3,Ugíjar,18,01,Granada,ES614,18:186,nombre,L01181823,P1818600G,36.961082,-3.05455,Ugíjar
18183,9,Válor,18,01,Granada,ES614,18:187,nombre,L01181839,P1818700E,36.996319,-3.080806,Válor
18184,4,Vélez de Benaudalla,18,01,Granada,ES614,18:188,nombre,L01181844,P1818800C,36.832189,-3.515883,Vélez de Benaudalla
18185,7,Ventas de Huelma,18,01,Granada,ES614,18:189,nombre,L01181857,P1818900A,37.066811,-3.821124,Ventas de Huelma
18187,6,Villanueva de las Torres,18,01,Granada,ES614,18:191,nombre,L01181876,P1819100G,37.556652,-3.089626,Villanueva de las Torres
18188,2,Villanueva Mesía,18,01,Granada,ES614,18:192,nombre,L01181882,P1819200E,37.214816,-4.012705,Villanueva Mesía
18189,5,Víznar,18,01,Granada,ES614,18:193,nombre,L01181895,P1819300C,37.231247,-3.553819,Víznar
18192,1,Zafarraya,18,01,Granada,ES614,18:196,nombre,L01181921,P1819600F,36.973692,-4.141681,Zafarraya
18193,7,"Zubia, La",18,01,Granada,ES614,18:197,nombre,L01181937,P1819700D,37.120619,-3.584985,La Zubia
18194,2,Zújar,18,01,Granada,ES614,18:198,nombre,L01181942,P1819800B,37.541362,-2.841763,Zújar
18901,7,"Taha, La",18,01,Granada,ES614,18:163,nombre,L01189017,P1816300F,36.936075,-3.325537,Pitres
18902,2,"Valle, El",18,01,Granada,ES614,18:132,nombre,L01189022,P1813200A,36.929066,-3.582856,Restábal
18903,8,Nevada,18,01,Granada,ES614,18:120,nombre,L01189038,P1812000F,37.008347,-3.014605,Laroles
18904,3,Alpujarra de la Sierra,18,01,Granada,ES614,18:130,nombre,L01189043,P1813000E,36.980902,-3.155533,Mecina-Bombarón
18905,6,"Gabias, Las",18,01,Granada,ES614,18:83,nombre,L01189056,P1808300F,37.136469,-3.669263,Gabia la Grande
18906,9,"Guájares, Los",18,01,Granada,ES614,18:92,nombre,L01189069,P1809200G,36.841568,-3.584207,Guájar-Faragüit
18907,5,Valle del Zalabí,18,01,Granada,ES614,18:59,nombre,L01189075,P1805900F,37.262553,-3.100094,Alcudia de Guadix
18908,1,Villamena,18,01,Granada,ES614,18:53,nombre,L01189081,P1805300I,36.991062,-3.58918,Cozvíjar
18909,4,Morelábor,18,01,Granada,ES614,18:141,nombre,L01189094,P1814100B,37.439887,-3.332216,Moreda
18910,8,"Pinar, El",18,01,Granada,ES614,18:105,nombre,L01189108,P1810500G,36.894722,-3.52658,Izbor
18911,5,Vegas del Genil,18,01,Granada,ES614,18:20,nombre,L01189115,P1802000H,37.171651,-3.667452,Purchil
18912,0,Cuevas del Campo,18,01,Granada,ES614,18:199,nombre,L01189120,P1800005I,37.608573,-2.930709,Cuevas del Campo
18913,6,Zagra,18,01,Granada,ES614,18:200,nombre,L01189136,P1820000F,37.253597,-4.168061,Zagra
18914,1,Valderrubio,18,01,Granada,ES614,18:201,nombre,L01189141,P1800037B,37.234444,-3.823801,Valderrubio
18915,4,Domingo Pérez de Granada,18,01,Granada,ES614,18:204,nombre,L01189154,P1800043J,37.497294,-3.508428,Domingo Pérez de Granada
18916,7,Torrenueva Costa,18,01,Granada,ES614,18:205,nombre,L01189167,P1800009A,36.701936,-3.485892,Torrenueva Costa
19001,9,Abánades,19,08,Guadalajara,ES424,19:1,nombre,L01190019,P1900100G,40.892662,-2.485373,Abánades
19002,4,Ablanque,19,08,Guadalajara,ES424,19:2,nombre,L01190024,P1900200E,40.898076,-2.229019,Ablanque
19003,0,Adobes,19,08,Guadalajara,ES424,19:3,nombre,L01190030,P1900300C,40.676239,-1.678703,Adobes
19004,5,Alaminos,19,08,Guadalajara,ES424,19:5,nombre,L01190045,P1900500H,40.863423,-2.726299,Alaminos
19005,8,Alarilla,19,08,Guadalajara,ES424,19:6,nombre,L01190058,P1900600F,40.849697,-3.105602,Alarilla
19006,1,Albalate de Zorita,19,08,Guadalajara,ES424,19:7,nombre,L01190061,P1900700D,40.308399,-2.844106,Albalate de Zorita
19007,7,Albares,19,08,Guadalajara,ES424,19:8,nombre,L01190077,P1900800B,40.307489,-3.012445,Albares
19008,3,Albendiego,19,08,Guadalajara,ES424,19:9,nombre,L01190083,P1900900J,41.226863,-3.051857,Albendiego
19009,6,Alcocer,19,08,Guadalajara,ES424,19:11,nombre,L01190096,P1901100F,40.470154,-2.609799,Alcocer
19010,0,Alcolea de las Peñas,19,08,Guadalajara,ES424,19:12,nombre,L01190100,P1901200D,41.209689,-2.785053,Alcolea de las Peñas
19011,7,Alcolea del Pinar,19,08,Guadalajara,ES424,19:13,nombre,L01190117,P1901300B,41.035986,-2.466885,Alcolea del Pinar
19013,8,Alcoroches,19,08,Guadalajara,ES424,19:15,nombre,L01190138,P1901500G,40.626327,-1.746689,Alcoroches
19015,6,Aldeanueva de Guadalajara,19,08,Guadalajara,ES424,19:18,nombre,L01190156,P1901800A,40.682073,-3.047269,Aldeanueva de Guadalajara
19016,9,Algar de Mesa,19,08,Guadalajara,ES424,19:20,nombre,L01190169,P1902000G,41.134245,-1.95879,Algar de Mesa
19017,5,Algora,19,08,Guadalajara,ES424,19:21,nombre,L01190175,P1902100E,40.964108,-2.66666,Algora
19018,1,Alhóndiga,19,08,Guadalajara,ES424,19:22,nombre,L01190181,P1902200C,40.525176,-2.824864,Alhóndiga
19019,4,Alique,19,08,Guadalajara,ES424,19:23,nombre,L01190194,P1902300A,40.586332,-2.643975,Alique
19020,8,Almadrones,19,08,Guadalajara,ES424,19:24,nombre,L01190208,P1902400I,40.901765,-2.774445,Almadrones
19021,5,Almoguera,19,08,Guadalajara,ES424,19:26,nombre,L01190215,P1902600D,40.297663,-2.98187,Almoguera
19022,0,Almonacid de Zorita,19,08,Guadalajara,ES424,19:27,nombre,L01190220,P1902700B,40.329,-2.851939,Almonacid de Zorita
19023,6,Alocén,19,08,Guadalajara,ES424,19:28,nombre,L01190236,P1902800J,40.574443,-2.750422,Alocén
19024,1,Alovera,19,08,Guadalajara,ES424,19:29,nombre,L01190241,P1902900H,40.595036,-3.248201,Alovera
19027,3,Alustante,19,08,Guadalajara,ES424,19:32,nombre,L01190273,P1903200B,40.616083,-1.658532,Alustante
19031,3,Angón,19,08,Guadalajara,ES424,19:36,nombre,L01190313,P1903600C,41.066755,-2.853995,Angón
19032,8,Anguita,19,08,Guadalajara,ES424,19:37,nombre,L01190328,P1903700A,41.02563,-2.36927,Anguita
19033,4,Anquela del Ducado,19,08,Guadalajara,ES424,19:38,nombre,L01190334,P1903800I,40.969713,-2.129318,Anquela del Ducado
19034,9,Anquela del Pedregal,19,08,Guadalajara,ES424,19:39,nombre,L01190349,P1903900G,40.743461,-1.736846,Anquela del Pedregal
19036,5,Aranzueque,19,08,Guadalajara,ES424,19:41,nombre,L01190365,P1904100C,40.492535,-3.076986,Aranzueque
19037,1,Arbancón,19,08,Guadalajara,ES424,19:42,nombre,L01190371,P1904200A,40.964098,-3.115544,Arbancón
19038,7,Arbeteta,19,08,Guadalajara,ES424,19:43,nombre,L01190387,P1904300I,40.669595,-2.403202,Arbeteta
19039,0,Argecilla,19,08,Guadalajara,ES424,19:45,nombre,L01190390,P1904500D,40.88303,-2.818119,Argecilla
19040,4,Armallones,19,08,Guadalajara,ES424,19:46,nombre,L01190404,P1904600B,40.73678,-2.30349,Armallones
19041,1,Armuña de Tajuña,19,08,Guadalajara,ES424,19:47,nombre,L01190411,P1904700J,40.531091,-3.031346,Armuña de Tajuña
19042,6,Arroyo de las Fraguas,19,08,Guadalajara,ES424,19:48,nombre,L01190426,P1904800H,41.103041,-3.131401,Arroyo de las Fraguas
19043,2,Atanzón,19,08,Guadalajara,ES424,19:50,nombre,L01190432,P1905000D,40.666226,-2.997864,Atanzón
19044,7,Atienza,19,08,Guadalajara,ES424,19:51,nombre,L01190447,P1905100B,41.199975,-2.871013,Atienza
19045,0,Auñón,19,08,Guadalajara,ES424,19:52,nombre,L01190450,P1905200J,40.516784,-2.79105,Auñón
19046,3,Azuqueca de Henares,19,08,Guadalajara,ES424,19:54,nombre,L01190463,P1905400F,40.565382,-3.268326,Azuqueca de Henares
19047,9,Baides,19,08,Guadalajara,ES424,19:55,nombre,L01190479,P1905500C,41.006819,-2.775769,Baides
19048,5,Baños de Tajo,19,08,Guadalajara,ES424,19:58,nombre,L01190485,P1905800G,40.718409,-1.97125,Baños de Tajo
19049,8,Bañuelos,19,08,Guadalajara,ES424,19:59,nombre,L01190498,P1905900E,41.286025,-2.914636,Bañuelos
19050,1,Barriopedro,19,08,Guadalajara,ES424,19:60,nombre,L01190501,P1906000C,40.789469,-2.752832,Barriopedro
19051,8,Berninches,19,08,Guadalajara,ES424,19:62,nombre,L01190518,P1906200I,40.57152,-2.801181,Berninches
19052,3,"Bodera, La",19,08,Guadalajara,ES424,19:64,nombre,L01190523,P1906400E,41.135059,-2.887319,La Bodera
19053,9,Brihuega,19,08,Guadalajara,ES424,19:65,nombre,L01190539,P1906500B,40.758904,-2.870169,Brihuega
19054,4,Budia,19,08,Guadalajara,ES424,19:66,nombre,L01190544,P1906600J,40.628192,-2.756082,Budia
19055,7,Bujalaro,19,08,Guadalajara,ES424,19:67,nombre,L01190557,P1906700H,40.936649,-2.883551,Bujalaro
19057,6,Bustares,19,08,Guadalajara,ES424,19:69,nombre,L01190576,P1906900D,41.135911,-3.072352,Bustares
19058,2,Cabanillas del Campo,19,08,Guadalajara,ES424,19:70,nombre,L01190582,P1907000B,40.636468,-3.233502,Cabanillas del Campo
19059,5,Campillo de Dueñas,19,08,Guadalajara,ES424,19:72,nombre,L01190595,P1907200H,40.883839,-1.684594,Campillo de Dueñas
19060,9,Campillo de Ranas,19,08,Guadalajara,ES424,19:73,nombre,L01190609,P1907300F,41.084922,-3.313894,Campillo de Ranas
19061,6,Campisábalos,19,08,Guadalajara,ES424,19:74,nombre,L01190616,P1907400D,41.2673,-3.145448,Campisábalos
19064,2,Canredondo,19,08,Guadalajara,ES424,19:77,nombre,L01190642,P1907700G,40.81297,-2.493302,Canredondo
19065,5,Cantalojas,19,08,Guadalajara,ES424,19:78,nombre,L01190655,P1907800E,41.234662,-3.2465,Cantalojas
19066,8,Cañizar,19,08,Guadalajara,ES424,19:79,nombre,L01190668,P1907900C,40.768319,-3.066283,Cañizar
19067,4,"Cardoso de la Sierra, El",19,08,Guadalajara,ES424,19:81,nombre,L01190674,P1908100I,41.096744,-3.464662,El Cardoso de la Sierra
19070,7,Casa de Uceda,19,08,Guadalajara,ES424,19:84,nombre,L01190707,P1908400C,40.843096,-3.371323,Casa de Uceda
19071,4,"Casar, El",19,08,Guadalajara,ES424,19:85,nombre,L01190714,P1908500J,40.702456,-3.427871,El Casar
19073,5,Casas de San Galindo,19,08,Guadalajara,ES424,19:87,nombre,L01190735,P1908700F,40.871909,-2.95794,Casas de San Galindo
19074,0,Caspueñas,19,08,Guadalajara,ES424,19:88,nombre,L01190740,P1908800D,40.693323,-2.979059,Caspueñas
19075,3,Castejón de Henares,19,08,Guadalajara,ES424,19:89,nombre,L01190753,P1908900B,40.937425,-2.786439,Castejón de Henares
19076,6,Castellar de la Muela,19,08,Guadalajara,ES424,19:90,nombre,L01190766,P1909000J,40.818691,-1.759604,Castellar de la Muela
19078,8,Castilforte,19,08,Guadalajara,ES424,19:92,nombre,L01190788,P1909200F,40.557145,-2.431983,Castilforte
19079,1,Castilnuevo,19,08,Guadalajara,ES424,19:94,nombre,L01190791,P1909400B,40.813997,-1.857939,Castilnuevo
19080,5,Cendejas de Enmedio,19,08,Guadalajara,ES424,19:95,nombre,L01190805,P1909500I,40.981574,-2.872471,Cendejas de Enmedio
19081,2,Cendejas de la Torre,19,08,Guadalajara,ES424,19:96,nombre,L01190812,P1909600G,40.979213,-2.850659,Cendejas de la Torre
19082,7,Centenera,19,08,Guadalajara,ES424,19:97,nombre,L01190827,P1909700E,40.652883,-3.054897,Centenera
19086,4,Cifuentes,19,08,Guadalajara,ES424,19:101,nombre,L01190864,P1910100E,40.786603,-2.620872,Cifuentes
19087,0,Cincovillas,19,08,Guadalajara,ES424,19:103,nombre,L01190870,P1910300A,41.204825,-2.818591,Cincovillas
19088,6,Ciruelas,19,08,Guadalajara,ES424,19:104,nombre,L01190886,P1910400I,40.750084,-3.088939,Ciruelas
19089,9,Ciruelos del Pinar,19,08,Guadalajara,ES424,19:105,nombre,L01190899,P1910500F,41.008248,-2.220538,Ciruelos del Pinar
19090,3,Cobeta,19,08,Guadalajara,ES424,19:107,nombre,L01190903,P1910700B,40.865502,-2.141813,Cobeta
19091,0,Cogollor,19,08,Guadalajara,ES424,19:109,nombre,L01190910,P1910900H,40.848088,-2.744368,Cogollor
19092,5,Cogolludo,19,08,Guadalajara,ES424,19:110,nombre,L01190925,P1911000F,40.947374,-3.088744,Cogolludo
19095,9,Condemios de Abajo,19,08,Guadalajara,ES424,19:113,nombre,L01190959,P1911300J,41.21908,-3.10753,Condemios de Abajo
19096,2,Condemios de Arriba,19,08,Guadalajara,ES424,19:114,nombre,L01190962,P1911400H,41.216069,-3.125444,Condemios de Arriba
19097,8,Congostrina,19,08,Guadalajara,ES424,19:115,nombre,L01190978,P1911500E,41.037564,-2.985973,Congostrina
19098,4,Copernal,19,08,Guadalajara,ES424,19:116,nombre,L01190984,P1911600C,40.867002,-3.057062,Copernal
19099,7,Corduente,19,08,Guadalajara,ES424,19:118,nombre,L01190997,P1911800I,40.842569,-1.978586,Corduente
19102,3,"Cubillo de Uceda, El",19,08,Guadalajara,ES424,19:122,nombre,L01191023,P1912200A,40.823573,-3.406174,El Cubillo de Uceda
19103,9,Checa,19,08,Guadalajara,ES424,19:124,nombre,L01191039,P1912400G,40.58623,-1.790819,Checa
19104,4,Chequilla,19,08,Guadalajara,ES424,19:125,nombre,L01191044,P1912500D,40.605669,-1.828618,Chequilla
19105,7,Chiloeches,19,08,Guadalajara,ES424,19:126,nombre,L01191057,P1912600B,40.573,-3.161646,Chiloeches
19106,0,Chillarón del Rey,19,08,Guadalajara,ES424,19:127,nombre,L01191060,P1912700J,40.596802,-2.692923,Chillarón del Rey
19107,6,Driebes,19,08,Guadalajara,ES424,19:128,nombre,L01191076,P1912800H,40.245235,-3.042599,Driebes
19108,2,Durón,19,08,Guadalajara,ES424,19:129,nombre,L01191082,P1912900F,40.625808,-2.725555,Durón
19109,5,Embid,19,08,Guadalajara,ES424,19:130,nombre,L01191095,P1913000D,40.972188,-1.712201,Embid
19110,9,Escamilla,19,08,Guadalajara,ES424,19:131,nombre,L01191109,P1913100B,40.549285,-2.562697,Escamilla
19111,6,Escariche,19,08,Guadalajara,ES424,19:132,nombre,L01191116,P1913200J,40.408291,-3.055861,Escariche
19112,1,Escopete,19,08,Guadalajara,ES424,19:133,nombre,L01191121,P1913300H,40.415452,-3.007838,Escopete
19113,7,Espinosa de Henares,19,08,Guadalajara,ES424,19:134,nombre,L01191137,P1913400F,40.904681,-3.071956,Espinosa de Henares
19114,2,Esplegares,19,08,Guadalajara,ES424,19:135,nombre,L01191142,P1913500C,40.856499,-2.370371,Esplegares
19115,5,Establés,19,08,Guadalajara,ES424,19:136,nombre,L01191155,P1913600A,41.008178,-2.024009,Establés
19116,8,Estriégana,19,08,Guadalajara,ES424,19:137,nombre,L01191168,P1913700I,41.057466,-2.523998,Estriégana
19117,4,Fontanar,19,08,Guadalajara,ES424,19:138,nombre,L01191174,P1913800G,40.726084,-3.175921,Fontanar
19118,0,Fuembellida,19,08,Guadalajara,ES424,19:139,nombre,L01191180,P1913900E,40.755638,-1.998893,Fuembellida
19119,3,Fuencemillán,19,08,Guadalajara,ES424,19:140,nombre,L01191193,P1914000C,40.923494,-3.100318,Fuencemillán
19120,7,Fuentelahiguera de Albatages,19,08,Guadalajara,ES424,19:142,nombre,L01191207,P1914200I,40.785266,-3.307703,Fuentelahiguera de Albatages
19121,4,Fuentelencina,19,08,Guadalajara,ES424,19:143,nombre,L01191214,P1914300G,40.517392,-2.882151,Fuentelencina
19122,9,Fuentelsaz,19,08,Guadalajara,ES424,19:144,nombre,L01191229,P1914400E,41.073412,-1.832031,Fuentelsaz
19123,5,Fuentelviejo,19,08,Guadalajara,ES424,19:145,nombre,L01191235,P1914500B,40.526129,-2.985085,Fuentelviejo
19124,0,Fuentenovilla,19,08,Guadalajara,ES424,19:146,nombre,L01191240,P1914600J,40.365435,-3.094158,Fuentenovilla
19125,3,Gajanejos,19,08,Guadalajara,ES424,19:148,nombre,L01191253,P1914800F,40.842443,-2.89268,Gajanejos
19126,6,Galápagos,19,08,Guadalajara,ES424,19:149,nombre,L01191266,P1914900D,40.694809,-3.337288,Galápagos
19127,2,Galve de Sorbe,19,08,Guadalajara,ES424,19:150,nombre,L01191272,P1915000B,41.223839,-3.18329,Galve de Sorbe
19129,1,Gascueña de Bornova,19,08,Guadalajara,ES424,19:154,nombre,L01191291,P1915400D,41.142081,-3.019773,Gascueña de Bornova
19130,5,Guadalajara,19,08,Guadalajara,ES424,19:900,nombre,L01191305,P1915500A,40.633609,-3.167414,Guadalajara
19132,7,Henche,19,08,Guadalajara,ES424,19:158,nombre,L01191327,P1915800E,40.714529,-2.707601,Henche
19133,3,Heras de Ayuso,19,08,Guadalajara,ES424,19:159,nombre,L01191333,P1915900C,40.790704,-3.099503,Heras de Ayuso
19134,8,Herrería,19,08,Guadalajara,ES424,19:160,nombre,L01191348,P1916000A,40.88752,-1.961062,Herrería
19135,1,Hiendelaencina,19,08,Guadalajara,ES424,19:161,nombre,L01191351,P1916100I,41.082663,-3.004663,Hiendelaencina
19136,4,Hijes,19,08,Guadalajara,ES424,19:162,nombre,L01191364,P1916200G,41.2518,-2.999626,Hijes
19138,6,Hita,19,08,Guadalajara,ES424,19:164,nombre,L01191386,P1916400C,40.825145,-3.049964,Hita
19139,9,Hombrados,19,08,Guadalajara,ES424,19:165,nombre,L01191399,P1916500J,40.801379,-1.685544,Hombrados
19142,5,Hontoba,19,08,Guadalajara,ES424,19:168,nombre,L01191425,P1916800D,40.455516,-3.042155,Hontoba
19143,1,Horche,19,08,Guadalajara,ES424,19:169,nombre,L01191431,P1916900B,40.565544,-3.063967,Horche
19145,9,Hortezuela de Océn,19,08,Guadalajara,ES424,19:171,nombre,L01191459,P1917100H,40.952217,-2.415639,Hortezuela de Océn
19146,2,"Huerce, La",19,08,Guadalajara,ES424,19:172,nombre,L01191462,P1917200F,41.152503,-3.170005,La Huerce
19147,8,Huérmeces del Cerro,19,08,Guadalajara,ES424,19:173,nombre,L01191478,P1917300D,41.052777,-2.796336,Huérmeces del Cerro
19148,4,Huertahernando,19,08,Guadalajara,ES424,19:174,nombre,L01191484,P1917400B,40.823542,-2.286841,Huertahernando
19150,0,Hueva,19,08,Guadalajara,ES424,19:177,nombre,L01191500,P1917700E,40.462599,-2.960656,Hueva
19151,7,Humanes,19,08,Guadalajara,ES424,19:178,punto,L01191517,P1917800C,40.827354,-3.15416,Humanes
19152,2,Illana,19,08,Guadalajara,ES424,19:179,nombre,L01191522,P1917900A,40.183975,-2.908451,Illana
19153,8,Iniéstola,19,08,Guadalajara,ES424,19:181,nombre,L01191538,P1918100G,40.994044,-2.371074,Iniéstola
19154,3,"Inviernas, Las",19,08,Guadalajara,ES424,19:182,nombre,L01191543,P1918200E,40.872311,-2.670448,Las Inviernas
19155,6,Irueste,19,08,Guadalajara,ES424,19:184,nombre,L01191556,P1918400A,40.611146,-2.88998,Irueste
19156,9,Jadraque,19,08,Guadalajara,ES424,19:185,nombre,L01191569,P1918500H,40.925443,-2.923218,Jadraque
19157,5,Jirueque,19,08,Guadalajara,ES424,19:186,nombre,L01191575,P1918600F,40.964036,-2.902699,Jirueque
19159,4,Ledanca,19,08,Guadalajara,ES424,19:190,nombre,L01191594,P1919000H,40.868199,-2.844109,Ledanca
19160,8,Loranca de Tajuña,19,08,Guadalajara,ES424,19:191,nombre,L01191608,P1919100F,40.447812,-3.116273,Loranca de Tajuña
19161,5,Lupiana,19,08,Guadalajara,ES424,19:192,nombre,L01191615,P1919200D,40.610501,-3.053216,Lupiana
19162,0,Luzaga,19,08,Guadalajara,ES424,19:193,nombre,L01191620,P1919300B,40.973138,-2.445911,Luzaga
19163,6,Luzón,19,08,Guadalajara,ES424,19:194,nombre,L01191636,P1919400J,41.026765,-2.277112,Luzón
19165,4,Majaelrayo,19,08,Guadalajara,ES424,19:196,nombre,L01191654,P1919600E,41.112228,-3.302068,Majaelrayo
19166,7,Málaga del Fresno,19,08,Guadalajara,ES424,19:197,nombre,L01191667,P1919700C,40.789672,-3.248083,Málaga del Fresno
19167,3,Malaguilla,19,08,Guadalajara,ES424,19:198,nombre,L01191673,P1919800A,40.821903,-3.25732,Malaguilla
19168,9,Mandayona,19,08,Guadalajara,ES424,19:199,nombre,L01191689,P1919900I,40.956319,-2.74942,Mandayona
19169,2,Mantiel,19,08,Guadalajara,ES424,19:200,nombre,L01191692,P1920000E,40.619059,-2.661988,Mantiel
19170,6,Maranchón,19,08,Guadalajara,ES424,19:201,nombre,L01191706,P1920100C,41.046523,-2.204737,Maranchón
19171,3,Marchamalo,19,08,Guadalajara,ES424,19:202,nombre,L01191713,P6920201H,40.669493,-3.202444,Marchamalo
19172,8,Masegoso de Tajuña,19,08,Guadalajara,ES424,19:203,nombre,L01191728,P1920300I,40.825213,-2.696217,Masegoso de Tajuña
19173,4,Matarrubia,19,08,Guadalajara,ES424,19:204,nombre,L01191734,P1920400G,40.867417,-3.292194,Matarrubia
19174,9,Matillas,19,08,Guadalajara,ES424,19:205,nombre,L01191749,P1920500D,40.952656,-2.84295,Matillas
19175,2,Mazarete,19,08,Guadalajara,ES424,19:206,nombre,L01191752,P1920600B,41.001066,-2.159858,Mazarete
19176,5,Mazuecos,19,08,Guadalajara,ES424,19:207,nombre,L01191765,P1920700J,40.261565,-3.008682,Mazuecos
19177,1,Medranda,19,08,Guadalajara,ES424,19:208,nombre,L01191771,P1920800H,40.982916,-2.937778,Medranda
19178,7,Megina,19,08,Guadalajara,ES424,19:209,nombre,L01191787,P1920900F,40.639074,-1.869334,Megina
19179,0,Membrillera,19,08,Guadalajara,ES424,19:210,nombre,L01191790,P1921000D,40.948078,-2.979972,Membrillera
19181,1,Miedes de Atienza,19,08,Guadalajara,ES424,19:212,nombre,L01191811,P1921200J,41.267157,-2.963842,Miedes de Atienza
19182,6,"Mierla, La",19,08,Guadalajara,ES424,19:213,nombre,L01191826,P1921300H,40.937569,-3.235869,La Mierla
19183,2,Milmarcos,19,08,Guadalajara,ES424,19:214,nombre,L01191832,P1921400F,41.085956,-1.876341,Milmarcos
19184,7,Millana,19,08,Guadalajara,ES424,19:215,nombre,L01191847,P1921500C,40.507273,-2.571047,Millana
19185,0,"Miñosa, La",19,08,Guadalajara,ES424,19:216,nombre,L01191850,P1921600A,41.179074,-2.931926,La Miñosa
19186,3,Mirabueno,19,08,Guadalajara,ES424,19:217,nombre,L01191863,P1921700I,40.944093,-2.724917,Mirabueno
19187,9,Miralrío,19,08,Guadalajara,ES424,19:218,nombre,L01191879,P1921800G,40.888972,-2.943317,Miralrío
19188,5,Mochales,19,08,Guadalajara,ES424,19:219,nombre,L01191885,P1921900E,41.096476,-2.015056,Mochales
19189,8,Mohernando,19,08,Guadalajara,ES424,19:220,nombre,L01191898,P1922000C,40.803574,-3.176033,Mohernando
19190,2,Molina de Aragón,19,08,Guadalajara,ES424,19:221,nombre,L01191902,P1922100A,40.844192,-1.889178,Molina de Aragón
19191,9,Monasterio,19,08,Guadalajara,ES424,19:222,nombre,L01191919,P1922200I,40.985002,-3.096978,Monasterio
19192,4,Mondéjar,19,08,Guadalajara,ES424,19:223,nombre,L01191924,P1922300G,40.32262,-3.109984,Mondéjar
19193,0,Montarrón,19,08,Guadalajara,ES424,19:224,nombre,L01191930,P1922400E,40.910478,-3.116176,Montarrón
19194,5,Moratilla de los Meleros,19,08,Guadalajara,ES424,19:226,nombre,L01191945,P1922600J,40.501275,-2.942816,Moratilla de los Meleros
19195,8,Morenilla,19,08,Guadalajara,ES424,19:227,nombre,L01191958,P1922700H,40.786304,-1.70757,Morenilla
19196,1,Muduex,19,08,Guadalajara,ES424,19:230,nombre,L01191961,P1923000B,40.829258,-2.959716,Muduex
19197,7,"Navas de Jadraque, Las",19,08,Guadalajara,ES424,19:233,nombre,L01191977,P1923300F,41.104161,-3.087973,Las Navas de Jadraque
19198,3,Negredo,19,08,Guadalajara,ES424,19:234,nombre,L01191983,P1923400D,41.027156,-2.858871,Negredo
19199,6,Ocentejo,19,08,Guadalajara,ES424,19:235,nombre,L01191996,P1923500A,40.772034,-2.397774,Ocentejo
19200,0,"Olivar, El",19,08,Guadalajara,ES424,19:236,nombre,L01192000,P1923600I,40.606112,-2.74948,El Olivar
19201,7,Olmeda de Cobeta,19,08,Guadalajara,ES424,19:237,nombre,L01192017,P1923700G,40.859085,-2.182646,Olmeda de Cobeta
19202,2,"Olmeda de Jadraque, La",19,08,Guadalajara,ES424,19:238,nombre,L01192022,P1923800E,41.1262,-2.739373,La Olmeda de Jadraque
19203,8,"Ordial, El",19,08,Guadalajara,ES424,19:241,nombre,L01192038,P1924100I,41.128269,-3.114589,El Ordial
19204,3,Orea,19,08,Guadalajara,ES424,19:242,nombre,L01192043,P1924200G,40.556759,-1.727426,Orea
19208,1,Pálmaces de Jadraque,19,08,Guadalajara,ES424,19:249,nombre,L01192081,P1924900B,41.056589,-2.910162,Pálmaces de Jadraque
19209,4,Pardos,19,08,Guadalajara,ES424,19:250,nombre,L01192094,P1925000J,40.947175,-1.925281,Pardos
19210,8,Paredes de Sigüenza,19,08,Guadalajara,ES424,19:251,nombre,L01192108,P1925100H,41.242106,-2.733472,Paredes de Sigüenza
19211,5,Pareja,19,08,Guadalajara,ES424,19:252,nombre,L01192115,P1925200F,40.556551,-2.649339,Pareja
19212,0,Pastrana,19,08,Guadalajara,ES424,19:253,nombre,L01192120,P1925300D,40.41684,-2.924359,Pastrana
19213,6,"Pedregal, El",19,08,Guadalajara,ES424,19:254,nombre,L01192136,P1925400B,40.779934,-1.57101,El Pedregal
19214,1,Peñalén,19,08,Guadalajara,ES424,19:257,nombre,L01192141,P1925700E,40.665998,-2.070628,Peñalén
19215,4,Peñalver,19,08,Guadalajara,ES424,19:258,nombre,L01192154,P1925800C,40.581242,-2.889585,Peñalver
19216,7,Peralejos de las Truchas,19,08,Guadalajara,ES424,19:259,nombre,L01192167,P1925900A,40.593999,-1.909398,Peralejos de las Truchas
19217,3,Peralveche,19,08,Guadalajara,ES424,19:260,nombre,L01192173,P1926000I,40.610692,-2.450705,Peralveche
19218,9,Pinilla de Jadraque,19,08,Guadalajara,ES424,19:261,nombre,L01192189,P1926100G,41.020304,-2.943196,Pinilla de Jadraque
19219,2,Pinilla de Molina,19,08,Guadalajara,ES424,19:262,nombre,L01192192,P1926200E,40.679553,-1.880649,Pinilla de Molina
19220,6,Pioz,19,08,Guadalajara,ES424,19:263,nombre,L01192206,P1926300C,40.463591,-3.175611,Pioz
19221,3,Piqueras,19,08,Guadalajara,ES424,19:264,nombre,L01192213,P1926400A,40.663479,-1.721984,Piqueras
19222,8,"Pobo de Dueñas, El",19,08,Guadalajara,ES424,19:265,nombre,L01192228,P1926500H,40.777304,-1.650098,El Pobo de Dueñas
19223,4,Poveda de la Sierra,19,08,Guadalajara,ES424,19:266,nombre,L01192234,P1926600F,40.643491,-2.029216,Poveda de la Sierra
19224,9,Pozo de Almoguera,19,08,Guadalajara,ES424,19:269,nombre,L01192249,P1926900J,40.342815,-3.029482,Pozo de Almoguera
19225,2,Pozo de Guadalajara,19,08,Guadalajara,ES424,19:270,nombre,L01192252,P1927000H,40.495492,-3.180496,Pozo de Guadalajara
19226,5,Prádena de Atienza,19,08,Guadalajara,ES424,19:271,nombre,L01192265,P1927100F,41.171982,-3.00729,Prádena de Atienza
19227,1,Prados Redondos,19,08,Guadalajara,ES424,19:272,nombre,L01192271,P1927200D,40.784595,-1.793869,Prados Redondos
19228,7,Puebla de Beleña,19,08,Guadalajara,ES424,19:273,nombre,L01192287,P1927300B,40.889858,-3.220043,Puebla de Beleña
19229,0,Puebla de Valles,19,08,Guadalajara,ES424,19:274,nombre,L01192290,P1927400J,40.927245,-3.303351,Puebla de Valles
19230,4,Quer,19,08,Guadalajara,ES424,19:276,nombre,L01192304,P1927600E,40.607076,-3.277406,Quer
19231,1,Rebollosa de Jadraque,19,08,Guadalajara,ES424,19:278,nombre,L01192311,P1927800A,41.089918,-2.841574,Rebollosa de Jadraque
19232,6,"Recuenco, El",19,08,Guadalajara,ES424,19:279,nombre,L01192326,P1927900I,40.615321,-2.339336,El Recuenco
19233,2,Renera,19,08,Guadalajara,ES424,19:281,nombre,L01192332,P1928100E,40.491811,-3.016063,Renera
19234,7,Retiendas,19,08,Guadalajara,ES424,19:282,nombre,L01192347,P1928200C,40.971487,-3.276229,Retiendas
19235,0,Riba de Saelices,19,08,Guadalajara,ES424,19:283,nombre,L01192350,P1928300A,40.912034,-2.297669,Riba de Saelices
19237,9,Rillo de Gallo,19,08,Guadalajara,ES424,19:286,nombre,L01192379,P1928600D,40.866253,-1.936187,Rillo de Gallo
19238,5,Riofrío del Llano,19,08,Guadalajara,ES424,19:287,nombre,L01192385,P1928700B,41.137464,-2.824565,Riofrío del Llano
19239,8,Robledillo de Mohernando,19,08,Guadalajara,ES424,19:289,nombre,L01192398,P1928900H,40.853605,-3.235301,Robledillo de Mohernando
19240,2,Robledo de Corpes,19,08,Guadalajara,ES424,19:290,nombre,L01192402,P1929000F,41.117773,-2.950265,Robledo de Corpes
19241,9,Romanillos de Atienza,19,08,Guadalajara,ES424,19:292,nombre,L01192419,P1929200B,41.274438,-2.895439,Romanillos de Atienza
19242,4,Romanones,19,08,Guadalajara,ES424,19:293,nombre,L01192424,P1929300J,40.57065,-2.99158,Romanones
19243,0,Rueda de la Sierra,19,08,Guadalajara,ES424,19:294,nombre,L01192430,P1929400H,40.918241,-1.854261,Rueda de la Sierra
19244,5,Sacecorbo,19,08,Guadalajara,ES424,19:296,nombre,L01192445,P1929600C,40.832781,-2.417203,Sacecorbo
19245,8,Sacedón,19,08,Guadalajara,ES424,19:297,nombre,L01192458,P1929700A,40.480839,-2.732897,Sacedón
19246,1,Saelices de la Sal,19,08,Guadalajara,ES424,19:298,nombre,L01192461,P1929800I,40.906491,-2.323125,Saelices de la Sal
19247,7,Salmerón,19,08,Guadalajara,ES424,19:299,nombre,L01192477,P1929900G,40.545172,-2.493677,Salmerón
19248,3,San Andrés del Congosto,19,08,Guadalajara,ES424,19:300,nombre,L01192483,P1930000C,40.999429,-3.026642,San Andrés del Congosto
19249,6,San Andrés del Rey,19,08,Guadalajara,ES424,19:301,nombre,L01192496,P1930100A,40.638576,-2.820157,San Andrés del Rey
19250,9,Santiuste,19,08,Guadalajara,ES424,19:303,nombre,L01192509,P1930300G,41.084333,-2.809357,Santiuste
19251,6,Saúca,19,08,Guadalajara,ES424,19:304,nombre,L01192516,P1930400E,41.029638,-2.529773,Saúca
19252,1,Sayatón,19,08,Guadalajara,ES424,19:305,nombre,L01192521,P1930500B,40.375775,-2.852748,Sayatón
19254,2,Selas,19,08,Guadalajara,ES424,19:306,nombre,L01192542,P1930600J,40.951448,-2.103145,Selas
19255,5,Setiles,19,08,Guadalajara,ES424,19:308,nombre,L01192555,P1930800F,40.733659,-1.616765,Setiles
19256,8,Sienes,19,08,Guadalajara,ES424,19:309,nombre,L01192568,P1930900D,41.20031,-2.653489,Sienes
19257,4,Sigüenza,19,08,Guadalajara,ES424,19:310,nombre,L01192574,P1931000B,41.067692,-2.640327,Sigüenza
19258,0,Solanillos del Extremo,19,08,Guadalajara,ES424,19:311,nombre,L01192580,P1931100J,40.750973,-2.697819,Solanillos del Extremo
19259,3,Somolinos,19,08,Guadalajara,ES424,19:312,nombre,L01192593,P1931200H,41.245229,-3.057841,Somolinos
19260,7,"Sotillo, El",19,08,Guadalajara,ES424,19:313,nombre,L01192607,P1931300F,40.880852,-2.634041,El Sotillo
19261,4,Sotodosos,19,08,Guadalajara,ES424,19:315,nombre,L01192614,P1931500A,40.921895,-2.392473,Sotodosos
19262,9,Tamajón,19,08,Guadalajara,ES424,19:316,nombre,L01192629,P1931600I,41.001149,-3.249146,Tamajón
19263,5,Taragudo,19,08,Guadalajara,ES424,19:318,nombre,L01192635,P1931800E,40.824188,-3.079654,Taragudo
19264,0,Taravilla,19,08,Guadalajara,ES424,19:319,nombre,L01192640,P1931900C,40.697763,-1.966923,Taravilla
19265,3,Tartanedo,19,08,Guadalajara,ES424,19:320,nombre,L01192653,P1932000A,40.993007,-1.923167,Tartanedo
19266,6,Tendilla,19,08,Guadalajara,ES424,19:321,nombre,L01192666,P1932100I,40.544292,-2.958618,Tendilla
19267,2,Terzaga,19,08,Guadalajara,ES424,19:323,nombre,L01192672,P1932300E,40.694666,-1.903407,Terzaga
19268,8,Tierzo,19,08,Guadalajara,ES424,19:324,nombre,L01192688,P1932400C,40.749021,-1.931101,Tierzo
19269,1,"Toba, La",19,08,Guadalajara,ES424,19:325,nombre,L01192691,P1932500J,41.004046,-2.982123,La Toba
19270,5,Tordelrábano,19,08,Guadalajara,ES424,19:327,nombre,L01192705,P1932700F,41.218016,-2.757459,Tordelrábano
19271,2,Tordellego,19,08,Guadalajara,ES424,19:328,nombre,L01192712,P1932800D,40.721582,-1.670197,Tordellego
19272,7,Tordesilos,19,08,Guadalajara,ES424,19:329,nombre,L01192727,P1932900B,40.669073,-1.593539,Tordesilos
19274,8,Torija,19,08,Guadalajara,ES424,19:331,nombre,L01192748,P1933100H,40.74377,-3.03116,Torija
19277,0,Torrecuadrada de Molina,19,08,Guadalajara,ES424,19:335,nombre,L01192770,P1933500I,40.749803,-1.806472,Torrecuadrada de Molina
19278,6,Torrecuadradilla,19,08,Guadalajara,ES424,19:336,nombre,L01192786,P1933600G,40.853806,-2.532456,Torrecuadradilla
19279,9,Torre del Burgo,19,08,Guadalajara,ES424,19:337,nombre,L01192799,P1933700E,40.793722,-3.079673,Torre del Burgo
19280,3,Torrejón del Rey,19,08,Guadalajara,ES424,19:338,nombre,L01192803,P1933800C,40.644441,-3.337085,Torrejón del Rey
19281,0,Torremocha de Jadraque,19,08,Guadalajara,ES424,19:339,nombre,L01192810,P1933900A,41.019165,-2.8992,Torremocha de Jadraque
19282,5,Torremocha del Campo,19,08,Guadalajara,ES424,19:340,nombre,L01192825,P1934000I,40.977788,-2.618313,Torremocha del Campo
19283,1,Torremocha del Pinar,19,08,Guadalajara,ES424,19:341,nombre,L01192831,P1934100G,40.889749,-2.044652,Torremocha del Pinar
19284,6,Torremochuela,19,08,Guadalajara,ES424,19:342,nombre,L01192846,P1934200E,40.765059,-1.8411,Torremochuela
19285,9,Torrubia,19,08,Guadalajara,ES424,19:345,nombre,L01192859,P1934500H,40.965755,-1.901366,Torrubia
19286,2,Tórtola de Henares,19,08,Guadalajara,ES424,19:346,nombre,L01192862,P1934600F,40.706443,-3.126091,Tórtola de Henares
19287,8,Tortuera,19,08,Guadalajara,ES424,19:348,nombre,L01192878,P1934800B,40.972146,-1.798322,Tortuera
19288,4,Tortuero,19,08,Guadalajara,ES424,19:349,nombre,L01192884,P1934900J,40.935898,-3.35387,Tortuero
19289,7,Traíd,19,08,Guadalajara,ES424,19:350,nombre,L01192897,P1935000H,40.668466,-1.809511,Traíd
19290,1,Trijueque,19,08,Guadalajara,ES424,19:351,nombre,L01192901,P1935100F,40.776868,-2.995906,Trijueque
19291,8,Trillo,19,08,Guadalajara,ES424,19:352,nombre,L01192918,P1935200D,40.70192,-2.592759,Trillo
19293,9,Uceda,19,08,Guadalajara,ES424,19:354,nombre,L01192939,P1935400J,40.842466,-3.465026,Uceda
19294,4,Ujados,19,08,Guadalajara,ES424,19:355,nombre,L01192944,P1935500G,41.235292,-3.005265,Ujados
19296,0,Utande,19,08,Guadalajara,ES424,19:357,nombre,L01192960,P1935700C,40.848869,-2.928144,Utande
19297,6,Valdarachas,19,08,Guadalajara,ES424,19:358,nombre,L01192976,P1935800A,40.516402,-3.126761,Valdarachas
19298,2,Valdearenas,19,08,Guadalajara,ES424,19:359,nombre,L01192982,P1935900I,40.809546,-2.991483,Valdearenas
19299,5,Valdeavellano,19,08,Guadalajara,ES424,19:360,nombre,L01192995,P1936000G,40.664648,-2.969353,Valdeavellano
19300,9,Valdeaveruelo,19,08,Guadalajara,ES424,19:361,nombre,L01193009,P1936100E,40.636274,-3.316884,Valdeaveruelo
19301,6,Valdeconcha,19,08,Guadalajara,ES424,19:362,nombre,L01193016,P1936200C,40.455725,-2.877071,Valdeconcha
19302,1,Valdegrudas,19,08,Guadalajara,ES424,19:363,nombre,L01193021,P1936300A,40.71385,-3.014656,Valdegrudas
19303,7,Valdelcubo,19,08,Guadalajara,ES424,19:365,nombre,L01193037,P1936500F,41.227033,-2.675844,Valdelcubo
19304,2,Valdenuño Fernández,19,08,Guadalajara,ES424,19:367,nombre,L01193042,P1936700B,40.761084,-3.379765,Valdenuño Fernández
19305,5,Valdepeñas de la Sierra,19,08,Guadalajara,ES424,19:368,nombre,L01193055,P1936800J,40.908326,-3.386746,Valdepeñas de la Sierra
19306,8,Valderrebollo,19,08,Guadalajara,ES424,19:369,nombre,L01193068,P1936900H,40.810554,-2.729573,Valderrebollo
19307,4,Valdesotos,19,08,Guadalajara,ES424,19:372,nombre,L01193074,P1937200B,40.957515,-3.328447,Valdesotos
19308,0,Valfermoso de Tajuña,19,08,Guadalajara,ES424,19:374,nombre,L01193080,P1937400H,40.619907,-2.95462,Valfermoso de Tajuña
19309,3,Valhermoso,19,08,Guadalajara,ES424,19:375,nombre,L01193093,P1937500E,40.78658,-1.961686,Valhermoso
19310,7,Valtablado del Río,19,08,Guadalajara,ES424,19:376,nombre,L01193107,P1937600C,40.714528,-2.402286,Valtablado del Río
19311,4,Valverde de los Arroyos,19,08,Guadalajara,ES424,19:377,nombre,L01193114,P1937700A,41.129516,-3.234096,Valverde de los Arroyos
19314,0,Viana de Jadraque,19,08,Guadalajara,ES424,19:380,nombre,L01193140,P1938000E,41.02544,-2.769297,Viana de Jadraque
19317,2,Villanueva de Alcorón,19,08,Guadalajara,ES424,19:384,nombre,L01193172,P1938400G,40.678795,-2.252847,Villanueva de Alcorón
19318,8,Villanueva de Argecilla,19,08,Guadalajara,ES424,19:385,nombre,L01193188,P1938500D,40.901851,-2.914313,Villanueva de Argecilla
19319,1,Villanueva de la Torre,19,08,Guadalajara,ES424,19:386,nombre,L01193191,P1938600B,40.58433,-3.302537,Villanueva de la Torre
19321,2,Villares de Jadraque,19,08,Guadalajara,ES424,19:389,nombre,L01193212,P1938900F,41.101549,-3.026369,Villares de Jadraque
19322,7,Villaseca de Henares,19,08,Guadalajara,ES424,19:390,nombre,L01193227,P1939000D,40.960022,-2.797384,Villaseca de Henares
19323,3,Villaseca de Uceda,19,08,Guadalajara,ES424,19:391,nombre,L01193233,P1939100B,40.819956,-3.351248,Villaseca de Uceda
19324,8,Villel de Mesa,19,08,Guadalajara,ES424,19:394,nombre,L01193248,P1939400F,41.125965,-1.989356,Villel de Mesa
19325,1,Viñuelas,19,08,Guadalajara,ES424,19:395,nombre,L01193251,P1939500C,40.794376,-3.342459,Viñuelas
19326,4,Yebes,19,08,Guadalajara,ES424,19:396,nombre,L01193264,P1939600A,40.533938,-3.110715,Yebes
19327,0,Yebra,19,08,Guadalajara,ES424,19:397,nombre,L01193270,P1939700I,40.356297,-2.966151,Yebra
19329,9,Yélamos de Abajo,19,08,Guadalajara,ES424,19:399,nombre,L01193299,P1939900E,40.630891,-2.855909,Yélamos de Abajo
19330,3,Yélamos de Arriba,19,08,Guadalajara,ES424,19:400,nombre,L01193303,P1940000A,40.640103,-2.843078,Yélamos de Arriba
19331,0,Yunquera de Henares,19,08,Guadalajara,ES424,19:401,nombre,L01193310,P1940100I,40.753873,-3.167323,Yunquera de Henares
19332,5,"Yunta, La",19,08,Guadalajara,ES424,19:402,nombre,L01193325,P1940200G,40.914501,-1.684374,La Yunta
19333,1,Zaorejas,19,08,Guadalajara,ES424,19:403,nombre,L01193331,P1940300E,40.761449,-2.202112,Zaorejas
19334,6,Zarzuela de Jadraque,19,08,Guadalajara,ES424,19:404,nombre,L01193346,P1940400C,41.068345,-3.044168,Zarzuela de Jadraque
19335,9,Zorita de los Canes,19,08,Guadalajara,ES424,19:405,nombre,L01193359,P1940500J,40.331547,-2.888867,Zorita de los Canes
19901,0,Semillas,19,08,Guadalajara,ES424,19:307,nombre,L01199010,P1930700H,41.059209,-3.120311,Semillas
20001,3,Abaltzisketa,20,16,Gipuzkoa,ES212,20:1,nombre,L01200013,P2000100D,43.047821,-2.105565,Abaltzisketa
20002,8,Aduna,20,16,Gipuzkoa,ES212,20:2,nombre,L01200028,P2000200B,43.203894,-2.050186,Aduna
20003,4,Aizarnazabal,20,16,Gipuzkoa,ES212,20:3,nombre,L01200034,P2000300J,43.255654,-2.236537,Aizarnazabal
20004,9,Albiztur,20,16,Gipuzkoa,ES212,20:4,nombre,L01200049,P2000400H,43.129853,-2.137121,Albiztur
20005,2,Alegia,20,16,Gipuzkoa,ES212,20:5,nombre,L01200052,P2000500E,43.100262,-2.098268,Alegia
20006,5,Alkiza,20,16,Gipuzkoa,ES212,20:6,nombre,L01200065,P2000600C,43.173006,-2.109068,Alkiza
20007,1,Altzo,20,16,Gipuzkoa,ES212,20:7,nombre,L01200071,P2000800I,43.09983,-2.083473,Altzo
20008,7,Amezketa,20,16,Gipuzkoa,ES212,20:8,nombre,L01200087,P2000900G,43.048842,-2.088261,Amezketa
20009,0,Andoain,20,16,Gipuzkoa,ES212,20:9,nombre,L01200090,P2001000E,43.219425,-2.019983,Andoain
20010,4,Anoeta,20,16,Gipuzkoa,ES212,20:10,nombre,L01200104,P2001100C,43.161425,-2.071436,Anoeta
20011,1,Antzuola,20,16,Gipuzkoa,ES212,20:11,nombre,L01200111,P2001200A,43.09868,-2.381146,Antzuola
20012,6,Arama,20,16,Gipuzkoa,ES212,20:12,nombre,L01200126,P2001300I,43.063346,-2.165593,Arama
20013,2,Aretxabaleta,20,16,Gipuzkoa,ES212,20:13,nombre,L01200132,P2001400G,43.036457,-2.504467,Aretxabaleta
20014,7,Asteasu,20,16,Gipuzkoa,ES212,20:14,nombre,L01200147,P2001500D,43.19336,-2.09703,Asteasu
20015,0,Ataun,20,16,Gipuzkoa,ES212,20:15,nombre,L01200150,P2001600B,43.006949,-2.176837,Helbarrena
20016,3,Aia,20,16,Gipuzkoa,ES212,20:16,nombre,L01200163,P2001700J,43.236418,-2.148064,Aia
20017,9,Azkoitia,20,16,Gipuzkoa,ES212,20:17,nombre,L01200179,P2001800H,43.177656,-2.312448,Azkoitia
20018,5,Azpeitia,20,16,Gipuzkoa,ES212,20:18,nombre,L01200185,P2001900F,43.184053,-2.266048,Azpeitia
20019,8,Beasain,20,16,Gipuzkoa,ES212,20:19,nombre,L01200198,P2002100B,43.047293,-2.196047,Beasain
20020,2,Beizama,20,16,Gipuzkoa,ES212,20:20,nombre,L01200202,P2002200J,43.134102,-2.200202,Beizama
20021,9,Belauntza,20,16,Gipuzkoa,ES212,20:21,nombre,L01200219,P2002300H,43.134792,-2.0512,Belauntza
20022,4,Berastegi,20,16,Gipuzkoa,ES212,20:22,nombre,L01200224,P2002400F,43.124044,-1.979384,Berastegi
20023,0,Berrobi,20,16,Gipuzkoa,ES212,20:23,nombre,L01200230,P2002500C,43.145325,-2.026325,Berrobi
20024,5,Bidania-Goiatz,20,16,Gipuzkoa,ES212,20:24,nombre,L01200245,P2008800A,43.139592,-2.15996,Bidania
20025,8,Zegama,20,16,Gipuzkoa,ES212,20:25,nombre,L01200258,P2002600A,42.975614,-2.290044,Zegama
20026,1,Zerain,20,16,Gipuzkoa,ES212,20:26,nombre,L01200261,P2002700I,43.011966,-2.271479,Zerain
20027,7,Zestoa,20,16,Gipuzkoa,ES212,20:27,nombre,L01200277,P2002800G,43.239957,-2.258747,Zestoa
20028,3,Zizurkil,20,16,Gipuzkoa,ES212,20:28,nombre,L01200283,P2002900E,43.198002,-2.073789,Zizurkil
20029,6,Deba,20,16,Gipuzkoa,ES212,20:29,nombre,L01200296,P2003000C,43.294193,-2.354369,Deba
20030,0,Eibar,20,16,Gipuzkoa,ES212,20:30,nombre,L01200300,P2003100A,43.18454,-2.473421,Eibar
20031,7,Elduain,20,16,Gipuzkoa,ES212,20:31,nombre,L01200317,P2003200I,43.140834,-2.000127,Elduain
20032,2,Elgoibar,20,16,Gipuzkoa,ES212,20:32,nombre,L01200322,P2003300G,43.214312,-2.417156,Elgoibar
20033,8,Elgeta,20,16,Gipuzkoa,ES212,20:33,nombre,L01200338,P2003400E,43.136931,-2.487368,Elgeta
20034,3,Eskoriatza,20,16,Gipuzkoa,ES212,20:34,nombre,L01200343,P2003500B,43.01724,-2.526687,Eskoriatza
20035,6,Ezkio-Itsaso,20,16,Gipuzkoa,ES212,20:35,nombre,L01200356,P2008900I,43.061465,-2.274512,Anduaga (Santa Lutzia)
20036,9,Hondarribia,20,16,Gipuzkoa,ES212,20:36,nombre,L01200369,P2003700H,43.362421,-1.791532,Hondarribia
20037,5,Gaintza,20,16,Gipuzkoa,ES212,20:37,nombre,L01200375,P2003800F,,,
20038,1,Gabiria,20,16,Gipuzkoa,ES212,20:38,nombre,L01200381,P2003900D,43.049636,-2.280071,Gabiria
20039,4,Getaria,20,16,Gipuzkoa,ES212,20:39,nombre,L01200394,P2004200H,43.303198,-2.204411,Getaria
20040,8,Hernani,20,16,Gipuzkoa,ES212,20:40,nombre,L01200408,P2004300F,43.265075,-1.975939,Hernani
20041,5,Hernialde,20,16,Gipuzkoa,ES212,20:41,nombre,L01200415,P2004400D,43.154776,-2.084796,Hernialde
20042,0,Ibarra,20,16,Gipuzkoa,ES212,20:42,nombre,L01200420,P2004500A,43.1314,-2.062338,Ibarra
20043,6,Idiazabal,20,16,Gipuzkoa,ES212,20:43,nombre,L01200436,P2004800E,43.012968,-2.233935,Idiazabal
20044,1,Ikaztegieta,20,16,Gipuzkoa,ES212,20:44,nombre,L01200441,P2009000G,43.095428,-2.124004,Ikaztegieta
20045,4,Irun,20,16,Gipuzkoa,ES212,20:45,nombre,L01200454,P2004900C,43.337711,-1.788803,Irun
20046,7,Irura,20,16,Gipuzkoa,ES212,20:46,nombre,L01200467,P2005000A,43.167484,-2.067534,Irura
20047,3,Itsasondo,20,16,Gipuzkoa,ES212,20:47,nombre,L01200473,P2009200C,43.067467,-2.165326,Itsasondo
20048,9,Larraul,20,16,Gipuzkoa,ES212,20:48,nombre,L01200489,P2005200G,43.187567,-2.101936,Larraul
20049,2,Lazkao,20,16,Gipuzkoa,ES212,20:49,nombre,L01200492,P2005300E,43.034498,-2.186939,Lazkao
20050,5,Leaburu,20,16,Gipuzkoa,ES212,20:50,nombre,L01200505,P2005400C,43.124666,-2.05186,Leaburu
20051,2,Legazpi,20,16,Gipuzkoa,ES212,20:51,nombre,L01200512,P2005500J,43.050379,-2.333822,Legazpi
20052,7,Legorreta,20,16,Gipuzkoa,ES212,20:52,nombre,L01200527,P2005600H,43.085184,-2.148969,Legorreta
20053,3,Lezo,20,16,Gipuzkoa,ES212,20:53,nombre,L01200533,P2005700F,43.320975,-1.898861,Lezo
20054,8,Lizartza,20,16,Gipuzkoa,ES212,20:54,nombre,L01200548,P2005800D,43.10312,-2.033633,Lizartza
20055,1,Arrasate/Mondragón,20,16,Gipuzkoa,ES212,20:55,nombre,L01200551,P2005900B,43.065831,-2.489836,Arrasate/Mondragón
20056,4,Mutriku,20,16,Gipuzkoa,ES212,20:56,nombre,L01200564,P2006000J,43.307254,-2.387092,Mutriku
20057,0,Mutiloa,20,16,Gipuzkoa,ES212,20:57,nombre,L01200570,P2006100H,43.022454,-2.272869,Mutiloa
20058,6,Olaberria,20,16,Gipuzkoa,ES212,20:58,nombre,L01200586,P2006200F,43.027441,-2.203106,Olaberria
20059,9,Oñati,20,16,Gipuzkoa,ES212,20:59,nombre,L01200599,P2006300D,43.032604,-2.413162,Oñati
20060,3,Orexa,20,16,Gipuzkoa,ES212,20:60,nombre,L01200603,P2006400B,,,
20061,0,Orio,20,16,Gipuzkoa,ES212,20:61,nombre,L01200610,P2006600G,43.275919,-2.126785,Orio
20062,5,Ormaiztegi,20,16,Gipuzkoa,ES212,20:62,nombre,L01200625,P2006700E,43.042894,-2.255124,Ormaiztegi
20063,1,Oiartzun,20,16,Gipuzkoa,ES212,20:63,nombre,L01200631,P2006800C,43.299171,-1.860292,Elizalde
20064,6,Pasaia,20,16,Gipuzkoa,ES212,20:64,nombre,L01200646,P2006900A,43.324584,-1.917519,Pasai Donibane
20065,9,Soraluze-Placencia de las Armas,20,16,Gipuzkoa,ES212,20:65,nombre,L01200659,P2007000I,43.17423,-2.413056,Soraluze-Placencia de las Armas
20066,2,Errezil,20,16,Gipuzkoa,ES212,20:66,nombre,L01200662,P2007100G,43.165048,-2.173956,Errezil
20067,8,Errenteria,20,16,Gipuzkoa,ES212,20:67,nombre,L01200678,P2007200E,43.312687,-1.898768,Errenteria
20068,4,Leintz-Gatzaga,20,16,Gipuzkoa,ES212,20:68,nombre,L01200684,P2007300C,42.98691,-2.567879,Leintz-Gatzaga
20069,7,Donostia/San Sebastián,20,16,Gipuzkoa,ES212,20:69,nombre,L01200697,P2007400A,43.321523,-1.985721,Donostia/San Sebastián
20070,1,Segura,20,16,Gipuzkoa,ES212,20:70,nombre,L01200701,P2007500H,43.008666,-2.25231,Segura
20071,8,Tolosa,20,16,Gipuzkoa,ES212,20:71,nombre,L01200718,P2007600F,43.138095,-2.071922,Tolosa
20072,3,Urnieta,20,16,Gipuzkoa,ES212,20:72,nombre,L01200723,P2007700D,43.247761,-1.990261,Urnieta
20073,9,Usurbil,20,16,Gipuzkoa,ES212,20:73,nombre,L01200739,P2007800B,43.270861,-2.051156,Usurbil
20074,4,Bergara,20,16,Gipuzkoa,ES212,20:74,nombre,L01200744,P2007900J,43.117483,-2.413071,Bergara
20075,7,Villabona,20,16,Gipuzkoa,ES212,20:75,nombre,L01200757,P2008100F,43.187761,-2.053763,Villabona
20076,0,Ordizia,20,16,Gipuzkoa,ES212,20:76,nombre,L01200760,P2008200D,43.053689,-2.179236,Ordizia
20077,6,Urretxu,20,16,Gipuzkoa,ES212,20:77,nombre,L01200776,P2008300B,43.093139,-2.313725,Urretxu
20078,2,Zaldibia,20,16,Gipuzkoa,ES212,20:78,nombre,L01200782,P2008400J,43.03828,-2.150936,Zaldibia
20079,5,Zarautz,20,16,Gipuzkoa,ES212,20:79,nombre,L01200795,P2008500G,43.285399,-2.175088,Zarautz
20080,9,Zumarraga,20,16,Gipuzkoa,ES212,20:80,nombre,L01200809,P2008600E,43.090477,-2.314621,Zumarraga
20081,6,Zumaia,20,16,Gipuzkoa,ES212,20:81,nombre,L01200816,P2008700C,43.296889,-2.258394,Zumaia
20901,4,Mendaro,20,16,Gipuzkoa,ES212,20:82,nombre,L01209014,P2009300A,43.247292,-2.378983,Garagartza
20902,9,Lasarte-Oria,20,16,Gipuzkoa,ES212,20:83,nombre,L01209029,P2009500F,43.268376,-2.020358,Lasarte-Oria
20903,5,Astigarraga,20,16,Gipuzkoa,ES212,20:84,nombre,L01209035,P2009400I,43.279984,-1.949216,Astigarraga
20904,0,Baliarrain,20,16,Gipuzkoa,ES212,20:85,nombre,L01209040,P2009700B,43.06919,-2.127796,Baliarrain
20905,3,Orendain,20,16,Gipuzkoa,ES212,20:86,nombre,L01209053,P2009800J,43.079573,-2.11432,Orendain
20906,6,Altzaga,20,16,Gipuzkoa,ES212,20:87,nombre,L01209066,P2009600D,43.064589,-2.153832,Altzaga
20907,2,Gaztelu,20,16,Gipuzkoa,ES212,20:88,nombre,L01209072,P2004000B,43.11668,-2.021928,Gaztelu
21001,0,Alájar,21,01,Huelva,ES615,21:1,nombre,L01210010,P2100100C,37.874661,-6.665941,Alájar
21002,5,Aljaraque,21,01,Huelva,ES615,21:2,nombre,L01210025,P2100200A,37.271025,-7.021549,Aljaraque
21003,1,"Almendro, El",21,01,Huelva,ES615,21:3,nombre,L01210031,P2100300I,37.507023,-7.270356,El Almendro
21004,6,Almonaster la Real,21,01,Huelva,ES615,21:4,nombre,L01210046,P2100400G,37.871813,-6.78759,Almonaster la Real
21005,9,Almonte,21,01,Huelva,ES615,21:5,nombre,L01210059,P2100500D,37.26231,-6.518213,Almonte
21006,2,Alosno,21,01,Huelva,ES615,21:6,nombre,L01210062,P2100600B,37.54921,-7.113968,Alosno
21007,8,Aracena,21,01,Huelva,ES615,21:7,nombre,L01210078,P2100700J,37.892019,-6.559441,Aracena
21008,4,Aroche,21,01,Huelva,ES615,21:8,nombre,L01210084,P2100800H,37.94432,-6.953942,Aroche
21009,7,Arroyomolinos de León,21,01,Huelva,ES615,21:9,nombre,L01210097,P2100900F,38.024724,-6.423975,Arroyomolinos de León
21010,1,Ayamonte,21,01,Huelva,ES615,21:10,nombre,L01210101,P2101000D,37.214332,-7.409015,Ayamonte
21011,8,Beas,21,01,Huelva,ES615,21:11,nombre,L01210118,P2101100B,37.425944,-6.793176,Beas
21012,3,Berrocal,21,01,Huelva,ES615,21:12,nombre,L01210123,P2101200J,37.608899,-6.542563,Berrocal
21013,9,Bollullos Par del Condado,21,01,Huelva,ES615,21:13,nombre,L01210139,P2101300H,37.3359,-6.535419,Bollullos Par del Condado
21014,4,Bonares,21,01,Huelva,ES615,21:14,nombre,L01210144,P2101400F,37.321284,-6.683304,Bonares
21015,7,Cabezas Rubias,21,01,Huelva,ES615,21:15,nombre,L01210157,P2101500C,37.725457,-7.086759,Cabezas Rubias
21016,0,Cala,21,01,Huelva,ES615,21:16,nombre,L01210160,P2101600A,37.971389,-6.316576,Cala
21017,6,Calañas,21,01,Huelva,ES615,21:17,nombre,L01210176,P2101700I,37.654761,-6.878481,Calañas
21018,2,"Campillo, El",21,01,Huelva,ES615,21:18,nombre,L01210182,P2101800G,37.693197,-6.629701,El Campillo
21019,5,Campofrío,21,01,Huelva,ES615,21:19,nombre,L01210195,P2101900E,37.765889,-6.576788,Campofrío
21020,9,Cañaveral de León,21,01,Huelva,ES615,21:20,nombre,L01210209,P2102000C,38.014364,-6.529572,Cañaveral de León
21021,6,Cartaya,21,01,Huelva,ES615,21:21,nombre,L01210216,P2102100A,37.282907,-7.155116,Cartaya
21022,1,Castaño del Robledo,21,01,Huelva,ES615,21:22,nombre,L01210221,P2102200I,37.895257,-6.703689,Castaño del Robledo
21023,7,"Cerro de Andévalo, El",21,01,Huelva,ES615,21:23,nombre,L01210237,P2102300G,37.735217,-6.939353,El Cerro de Andévalo
21024,2,Corteconcepción,21,01,Huelva,ES615,21:24,nombre,L01210242,P2102400E,37.896164,-6.506528,Corteconcepción
21025,5,Cortegana,21,01,Huelva,ES615,21:25,nombre,L01210255,P2102500B,37.909242,-6.820425,Cortegana
21026,8,Cortelazor,21,01,Huelva,ES615,21:26,nombre,L01210268,P2102600J,37.935732,-6.62459,Cortelazor
21027,4,Cumbres de Enmedio,21,01,Huelva,ES615,21:27,nombre,L01210274,P2102700H,38.072216,-6.692904,Cumbres de Enmedio
21028,0,Cumbres de San Bartolomé,21,01,Huelva,ES615,21:28,nombre,L01210280,P2102800F,38.077376,-6.743201,Cumbres de San Bartolomé
21029,3,Cumbres Mayores,21,01,Huelva,ES615,21:29,nombre,L01210293,P2102900D,38.062311,-6.646775,Cumbres Mayores
21030,7,Chucena,21,01,Huelva,ES615,21:30,nombre,L01210307,P2103000B,37.361645,-6.393718,Chucena
21031,4,Encinasola,21,01,Huelva,ES615,21:31,nombre,L01210314,P2103100J,38.134944,-6.872452,Encinasola
21032,9,Escacena del Campo,21,01,Huelva,ES615,21:32,nombre,L01210329,P2103200H,37.410053,-6.38902,Escacena del Campo
21033,5,Fuenteheridos,21,01,Huelva,ES615,21:33,nombre,L01210335,P2103300F,37.903819,-6.660975,Fuenteheridos
21034,0,Galaroza,21,01,Huelva,ES615,21:34,nombre,L01210340,P2103400D,37.926418,-6.712244,Galaroza
21035,3,Gibraleón,21,01,Huelva,ES615,21:35,nombre,L01210353,P2103500A,37.374735,-6.970437,Gibraleón
21036,6,"Granada de Río-Tinto, La",21,01,Huelva,ES615,21:36,nombre,L01210366,P2103600I,37.769042,-6.508232,La Granada de Río-Tinto
21037,2,"Granado, El",21,01,Huelva,ES615,21:37,nombre,L01210372,P2103700G,37.520467,-7.417235,El Granado
21038,8,Higuera de la Sierra,21,01,Huelva,ES615,21:38,nombre,L01210388,P2103800E,37.838207,-6.447509,Higuera de la Sierra
21039,1,Hinojales,21,01,Huelva,ES615,21:39,nombre,L01210391,P2103900C,38.008464,-6.591472,Hinojales
21040,5,Hinojos,21,01,Huelva,ES615,21:40,nombre,L01210405,P2104000A,37.292533,-6.376491,Hinojos
21041,2,Huelva,21,01,Huelva,ES615,21:900,nombre,L01210412,P2104100I,37.256536,-6.949574,Huelva
21042,7,Isla Cristina,21,01,Huelva,ES615,21:42,nombre,L01210427,P2104200G,37.199428,-7.325064,Isla Cristina
21043,3,Jabugo,21,01,Huelva,ES615,21:43,nombre,L01210433,P2104300E,37.916836,-6.728949,Jabugo
21044,8,Lepe,21,01,Huelva,ES615,21:44,nombre,L01210448,P2104400C,37.254106,-7.203245,Lepe
21045,1,Linares de la Sierra,21,01,Huelva,ES615,21:45,nombre,L01210451,P2104500J,37.879624,-6.620674,Linares de la Sierra
21046,4,Lucena del Puerto,21,01,Huelva,ES615,21:46,nombre,L01210464,P2104600H,37.303903,-6.729972,Lucena del Puerto
21047,0,Manzanilla,21,01,Huelva,ES615,21:47,nombre,L01210470,P2104700F,37.387993,-6.429313,Manzanilla
21048,6,"Marines, Los",21,01,Huelva,ES615,21:48,nombre,L01210486,P2104800D,37.902995,-6.623262,Los Marines
21049,9,Minas de Riotinto,21,01,Huelva,ES615,21:49,nombre,L01210499,P2104900B,37.693412,-6.591728,Minas de Riotinto
21050,2,Moguer,21,01,Huelva,ES615,21:50,nombre,L01210502,P2105000J,37.274572,-6.838529,Moguer
21051,9,"Nava, La",21,01,Huelva,ES615,21:51,nombre,L01210519,P2105100H,37.963603,-6.745485,La Nava
21052,4,Nerva,21,01,Huelva,ES615,21:52,nombre,L01210524,P2105200F,37.695102,-6.550699,Nerva
21053,0,Niebla,21,01,Huelva,ES615,21:53,nombre,L01210530,P2105300D,37.360293,-6.679141,Niebla
21054,5,"Palma del Condado, La",21,01,Huelva,ES615,21:54,nombre,L01210545,P2105400B,37.387767,-6.553455,La Palma del Condado
21055,8,Palos de la Frontera,21,01,Huelva,ES615,21:55,nombre,L01210558,P2105500I,37.228375,-6.893396,Palos de la Frontera
21056,1,Paterna del Campo,21,01,Huelva,ES615,21:56,nombre,L01210561,P2105600G,37.421287,-6.402009,Paterna del Campo
21057,7,Paymogo,21,01,Huelva,ES615,21:57,nombre,L01210577,P2105700E,37.740771,-7.34601,Paymogo
21058,3,Puebla de Guzmán,21,01,Huelva,ES615,21:58,nombre,L01210583,P2105800C,37.612971,-7.247613,Puebla de Guzmán
21059,6,Puerto Moral,21,01,Huelva,ES615,21:59,nombre,L01210596,P2105900A,37.891208,-6.48,Puerto Moral
21060,0,Punta Umbría,21,01,Huelva,ES615,21:79,nombre,L01210600,P2107900I,37.182472,-6.967142,Punta Umbría
21061,7,Rociana del Condado,21,01,Huelva,ES615,21:60,nombre,L01210617,P2106000I,37.307928,-6.598294,Rociana del Condado
21062,2,Rosal de la Frontera,21,01,Huelva,ES615,21:61,nombre,L01210622,P2106100G,37.967505,-7.220501,Rosal de la Frontera
21063,8,San Bartolomé de la Torre,21,01,Huelva,ES615,21:62,nombre,L01210638,P2106200E,37.446394,-7.105856,San Bartolomé de la Torre
21064,3,San Juan del Puerto,21,01,Huelva,ES615,21:63,nombre,L01210643,P2106300C,37.314096,-6.84087,San Juan del Puerto
21065,6,Sanlúcar de Guadiana,21,01,Huelva,ES615,21:64,nombre,L01210656,P2106400A,37.473106,-7.467631,Sanlúcar de Guadiana
21066,9,San Silvestre de Guzmán,21,01,Huelva,ES615,21:65,nombre,L01210669,P2106500H,37.388424,-7.34989,San Silvestre de Guzmán
21067,5,Santa Ana la Real,21,01,Huelva,ES615,21:66,nombre,L01210675,P2106600F,37.86388,-6.724704,Santa Ana la Real
21068,1,Santa Bárbara de Casa,21,01,Huelva,ES615,21:67,nombre,L01210681,P2106700D,37.796782,-7.188978,Santa Bárbara de Casa
21069,4,Santa Olalla del Cala,21,01,Huelva,ES615,21:68,nombre,L01210694,P2106800B,37.906301,-6.229424,Santa Olalla del Cala
21070,8,Trigueros,21,01,Huelva,ES615,21:69,nombre,L01210708,P2106900J,37.383244,-6.835328,Trigueros
21071,5,Valdelarco,21,01,Huelva,ES615,21:70,nombre,L01210715,P2107000H,37.950588,-6.683374,Valdelarco
21072,0,Valverde del Camino,21,01,Huelva,ES615,21:71,nombre,L01210720,P2107100F,37.573208,-6.753476,Valverde del Camino
21073,6,Villablanca,21,01,Huelva,ES615,21:72,nombre,L01210736,P2107200D,37.303668,-7.341579,Villablanca
21074,1,Villalba del Alcor,21,01,Huelva,ES615,21:73,nombre,L01210741,P2107300B,37.397129,-6.476003,Villalba del Alcor
21075,4,Villanueva de las Cruces,21,01,Huelva,ES615,21:74,nombre,L01210754,P2107400J,37.627717,-7.024256,Villanueva de las Cruces
21076,7,Villanueva de los Castillejos,21,01,Huelva,ES615,21:75,nombre,L01210767,P2107500G,37.500524,-7.270914,Villanueva de los Castillejos
21077,3,Villarrasa,21,01,Huelva,ES615,21:76,nombre,L01210773,P2107600E,37.390004,-6.606524,Villarrasa
21078,9,Zalamea la Real,21,01,Huelva,ES615,21:77,nombre,L01210789,P2107700C,37.679053,-6.660583,Zalamea la Real
21079,2,Zufre,21,01,Huelva,ES615,21:78,nombre,L01210792,P2107800A,37.83401,-6.338894,Zufre
21902,6,"Zarza-Perrunal, La",21,01,Huelva,ES615,21:80,nombre,L01219026,P2100122G,37.712737,-6.853707,La Zarza
22001,5,Abiego,22,02,Huesca,ES241,22:1,nombre,L01220015,P2200100B,42.121926,-0.070944,Abiego
22002,0,Abizanda,22,02,Huesca,ES241,22:2,nombre,L01220020,P2200200J,42.242411,0.197402,Abizanda
22003,6,Adahuesca,22,02,Huesca,ES241,22:5,nombre,L01220036,P2200500C,42.14692,-0.008355,Adahuesca
22004,1,Agüero,22,02,Huesca,ES241,22:7,nombre,L01220041,P2200700I,42.355104,-0.794416,Agüero
22006,7,Aisa,22,02,Huesca,ES241,22:10,nombre,L01220067,P2201000C,42.679171,-0.620981,Aisa
22007,3,Albalate de Cinca,22,02,Huesca,ES241,22:11,nombre,L01220073,P2201100A,41.721849,0.145505,Albalate de Cinca
22008,9,Albalatillo,22,02,Huesca,ES241,22:12,nombre,L01220089,P2201200I,41.735538,-0.150888,Albalatillo
22009,2,Albelda,22,02,Huesca,ES241,22:13,nombre,L01220092,P2201300G,41.865041,0.459392,Albelda
22011,3,Albero Alto,22,02,Huesca,ES241,22:15,nombre,L01220113,P2201500B,42.051105,-0.33739,Albero Alto
22012,8,Albero Bajo,22,02,Huesca,ES241,22:16,nombre,L01220128,P2201600J,42.023505,-0.378666,Albero Bajo
22013,4,Alberuela de Tubo,22,02,Huesca,ES241,22:18,nombre,L01220134,P2201800F,41.908071,-0.213272,Alberuela de Tubo
22014,9,Alcalá de Gurrea,22,02,Huesca,ES241,22:19,nombre,L01220149,P2201900D,42.066151,-0.684855,Alcalá de Gurrea
22015,2,Alcalá del Obispo,22,02,Huesca,ES241,22:20,nombre,L01220152,P2202000B,42.076883,-0.287939,Alcalá del Obispo
22016,5,Alcampell,22,02,Huesca,ES241,22:21,nombre,L01220165,P2202100J,41.905807,0.432119,Alcampell
22017,1,Alcolea de Cinca,22,02,Huesca,ES241,22:22,nombre,L01220171,P2202200H,41.718093,0.117899,Alcolea de Cinca
22018,7,Alcubierre,22,02,Huesca,ES241,22:23,nombre,L01220187,P2202300F,41.807924,-0.452444,Alcubierre
22019,0,Alerre,22,02,Huesca,ES241,22:24,nombre,L01220190,P2202400D,42.162871,-0.462959,Alerre
22020,4,Alfántega,22,02,Huesca,ES241,22:25,nombre,L01220204,P2202500A,41.827975,0.146762,Alfántega
22021,1,Almudévar,22,02,Huesca,ES241,22:27,nombre,L01220211,P2202700G,42.042961,-0.583129,Almudévar
22022,6,Almunia de San Juan,22,02,Huesca,ES241,22:28,nombre,L01220226,P2202800E,41.935258,0.244627,Almunia de San Juan
22023,2,Almuniente,22,02,Huesca,ES241,22:29,nombre,L01220232,P2202900C,41.948766,-0.412256,Almuniente
22024,7,Alquézar,22,02,Huesca,ES241,22:30,nombre,L01220247,P2203000A,42.172453,0.026691,Alquézar
22025,0,Altorricón,22,02,Huesca,ES241,22:31,nombre,L01220250,P2203100I,41.801206,0.412948,Altorricón
22027,9,Angüés,22,02,Huesca,ES241,22:32,nombre,L01220279,P2203200G,42.111433,-0.152566,Angüés
22028,5,Ansó,22,02,Huesca,ES241,22:34,nombre,L01220285,P2203400C,42.755648,-0.828795,Ansó
22029,8,Antillón,22,02,Huesca,ES241,22:35,nombre,L01220298,P2203500J,42.0363,-0.161824,Antillón
22032,4,Aragüés del Puerto,22,02,Huesca,ES241,22:39,nombre,L01220324,P2203900B,42.705917,-0.671661,Aragüés del Puerto
22035,8,Arén,22,02,Huesca,ES241,22:44,nombre,L01220358,P2204400B,42.257573,0.721805,Arén
22036,1,Argavieso,22,02,Huesca,ES241,22:45,nombre,L01220361,P2204500I,42.053255,-0.278709,Argavieso
22037,7,Arguis,22,02,Huesca,ES241,22:46,nombre,L01220377,P2204600G,42.314943,-0.43875,Arguis
22039,6,Ayerbe,22,02,Huesca,ES241,22:49,nombre,L01220396,P2204900A,42.277494,-0.689147,Ayerbe
22040,0,Azanuy-Alins,22,02,Huesca,ES241,22:50,nombre,L01220400,P2205000I,41.972242,0.311108,Azanuy
22041,7,Azara,22,02,Huesca,ES241,22:51,nombre,L01220417,P2205100G,42.069707,-0.030425,Azara
22042,2,Azlor,22,02,Huesca,ES241,22:52,nombre,L01220422,P2205200E,42.095589,-0.044928,Azlor
22043,8,Baélls,22,02,Huesca,ES241,22:53,nombre,L01220438,P2205300C,41.953908,0.458944,Baélls
22044,3,Bailo,22,02,Huesca,ES241,22:54,nombre,L01220443,P2205400A,42.509748,-0.810916,Bailo
22045,6,Baldellou,22,02,Huesca,ES241,22:55,nombre,L01220456,P2205500H,41.917601,0.546497,Baldellou
22046,9,Ballobar,22,02,Huesca,ES241,22:56,nombre,L01220469,P2205600F,41.621828,0.192518,Ballobar
22047,5,Banastás,22,02,Huesca,ES241,22:59,nombre,L01220475,P2205900J,42.18141,-0.452867,Banastás
22048,1,Barbastro,22,02,Huesca,ES241,22:61,nombre,L01220481,P2206100F,42.036882,0.123379,Barbastro
22049,4,Barbués,22,02,Huesca,ES241,22:63,nombre,L01220494,P2206300B,41.979223,-0.419623,Barbués
22050,7,Barbuñales,22,02,Huesca,ES241,22:64,nombre,L01220507,P2206400J,42.026228,-0.087091,Barbuñales
22051,4,Bárcabo,22,02,Huesca,ES241,22:65,nombre,L01220514,P2206500G,42.242528,0.069428,Bárcabo
22052,9,Belver de Cinca,22,02,Huesca,ES241,22:67,nombre,L01220529,P2206700C,41.689247,0.178476,Belver de Cinca
22053,5,Benabarre,22,02,Huesca,ES241,22:68,nombre,L01220535,P2206800A,42.106019,0.481322,Benabarre
22054,0,Benasque,22,02,Huesca,ES241,22:69,nombre,L01220540,P2206900I,42.605404,0.523846,Benasque
22055,3,Berbegal,22,02,Huesca,ES241,22:72,nombre,L01220553,P2207200C,41.961906,-0.002428,Berbegal
22057,2,Bielsa,22,02,Huesca,ES241,22:79,nombre,L01220572,P2207900H,42.633694,0.218829,Bielsa
22058,8,Bierge,22,02,Huesca,ES241,22:80,nombre,L01220588,P2208000F,42.163912,-0.081266,Bierge
22059,1,Biescas,22,02,Huesca,ES241,22:81,nombre,L01220591,P2208100D,42.628582,-0.321288,Biescas
22060,5,Binaced,22,02,Huesca,ES241,22:82,nombre,L01220605,P2208200B,41.825691,0.202365,Binaced
22061,2,Binéfar,22,02,Huesca,ES241,22:83,nombre,L01220612,P2208300J,41.851601,0.293171,Binéfar
22062,7,Bisaurri,22,02,Huesca,ES241,22:85,nombre,L01220627,P2208500E,42.496666,0.507916,Bisaurri
22063,3,Biscarrués,22,02,Huesca,ES241,22:86,nombre,L01220633,P2208600C,42.227581,-0.750621,Biscarrués
22064,8,Blecua y Torres,22,02,Huesca,ES241,22:87,nombre,L01220648,P2208700A,42.057058,-0.187412,Blecua
22066,4,Boltaña,22,02,Huesca,ES241,22:89,nombre,L01220664,P2208900G,42.446398,0.066991,Boltaña
22067,0,Bonansa,22,02,Huesca,ES241,22:90,nombre,L01220670,P2209000E,42.427305,0.667813,Bonansa
22068,6,Borau,22,02,Huesca,ES241,22:92,nombre,L01220686,P2209200A,42.658236,-0.587517,Borau
22069,9,Broto,22,02,Huesca,ES241,22:94,nombre,L01220699,P2209400G,42.603431,-0.12154,Broto
22072,5,Caldearenas,22,02,Huesca,ES241,22:38,nombre,L01220725,P2203800D,42.398013,-0.500574,Caldearenas
22074,6,Campo,22,02,Huesca,ES241,22:102,nombre,L01220746,P2210200H,42.40981,0.397612,Campo
22075,9,Camporrélls,22,02,Huesca,ES241,22:103,nombre,L01220759,P2210300F,41.958369,0.521372,Camporrélls
22076,2,Canal de Berdún,22,02,Huesca,ES241,22:73,nombre,L01220762,P2207300A,42.603463,-0.858618,Berdún
22077,8,Candasnos,22,02,Huesca,ES241,22:104,nombre,L01220778,P2210400D,41.502917,0.063394,Candasnos
22078,4,Canfranc,22,02,Huesca,ES241,22:105,nombre,L01220784,P2210500A,42.750717,-0.515796,Canfranc-Estación
22079,7,Capdesaso,22,02,Huesca,ES241,22:106,nombre,L01220797,P2210600I,41.844134,-0.183389,Capdesaso
22080,1,Capella,22,02,Huesca,ES241,22:107,nombre,L01220801,P2210700G,42.196279,0.396763,Capella
22081,8,Casbas de Huesca,22,02,Huesca,ES241,22:109,nombre,L01220818,P2210900C,42.155343,-0.139635,Casbas de Huesca
22082,3,Castejón del Puente,22,02,Huesca,ES241,22:112,nombre,L01220823,P2211200G,41.961967,0.159559,Castejón del Puente
22083,9,Castejón de Monegros,22,02,Huesca,ES241,22:113,nombre,L01220839,P2211300E,41.618059,-0.239933,Castejón de Monegros
22084,4,Castejón de Sos,22,02,Huesca,ES241,22:115,nombre,L01220844,P2211500J,42.512616,0.491793,Castejón de Sos
22085,7,Castelflorite,22,02,Huesca,ES241,22:116,nombre,L01220857,P2211600H,41.802477,-0.022057,Castelflorite
22086,0,Castiello de Jaca,22,02,Huesca,ES241,22:117,nombre,L01220860,P2211700F,42.630094,-0.548995,Castiello de Jaca
22087,6,Castigaleu,22,02,Huesca,ES241,22:118,nombre,L01220876,P2211800D,42.203447,0.580041,Castigaleu
22088,2,Castillazuelo,22,02,Huesca,ES241,22:120,nombre,L01220882,P2212000J,42.068378,0.064763,Castillazuelo
22089,5,Castillonroy,22,02,Huesca,ES241,22:121,nombre,L01220895,P2212100H,41.883705,0.51602,Castillonroy
22090,9,Colungo,22,02,Huesca,ES241,22:123,nombre,L01220909,P2212300D,42.172126,0.063909,Colungo
22094,2,Chalamera,22,02,Huesca,ES241,22:132,nombre,L01220942,P2213200E,41.665594,0.161429,Chalamera
22095,5,Chía,22,02,Huesca,ES241,22:133,nombre,L01220955,P2213300C,42.520671,0.466021,Chía
22096,8,Chimillas,22,02,Huesca,ES241,22:134,nombre,L01220968,P2213400A,42.17098,-0.450324,Chimillas
22099,3,Esplús,22,02,Huesca,ES241,22:140,nombre,L01220993,P2214000H,41.798833,0.276615,Esplús
22102,9,Estada,22,02,Huesca,ES241,22:144,nombre,L01221029,P2214400J,42.072101,0.232472,Estada
22103,5,Estadilla,22,02,Huesca,ES241,22:145,nombre,L01221035,P2214500G,42.057435,0.244039,Estadilla
22105,3,Estopiñán del Castillo,22,02,Huesca,ES241,22:147,nombre,L01221053,P2214700C,41.996145,0.542997,Estopiñán del Castillo
22106,6,Fago,22,02,Huesca,ES241,22:34,punto,L01221066,P2214800A,42.735225,-0.866285,Fago
22107,2,Fanlo,22,02,Huesca,ES241,22:149,nombre,L01221072,P2214900I,42.58707,-0.021243,Fanlo
22109,1,Fiscal,22,02,Huesca,ES241,22:152,nombre,L01221091,P2215200C,42.495792,-0.120384,Fiscal
22110,5,Fonz,22,02,Huesca,ES241,22:153,nombre,L01221105,P2215300A,42.011028,0.257816,Fonz
22111,2,Foradada del Toscar,22,02,Huesca,ES241,22:154,nombre,L01221112,P2215400I,42.410354,0.351059,Foradada del Toscar
22112,7,Fraga,22,02,Huesca,ES241,22:155,nombre,L01221127,P2215500F,41.521259,0.352159,Fraga
22113,3,"Fueva, La",22,02,Huesca,ES241,22:350,nombre,L01221133,P2235000C,42.369953,0.272453,Tierrantona
22114,8,Gistaín,22,02,Huesca,ES241,22:160,nombre,L01221148,P2216000F,42.590796,0.334183,Gistaín
22115,1,"Grado, El",22,02,Huesca,ES241,22:161,nombre,L01221151,P2216100D,42.152581,0.221973,El Grado
22116,4,Grañén,22,02,Huesca,ES241,22:162,nombre,L01221164,P2216200B,41.939199,-0.36907,Grañén
22117,0,Graus,22,02,Huesca,ES241,22:163,nombre,L01221170,P2216300J,42.189586,0.336382,Graus
22119,9,Gurrea de Gállego,22,02,Huesca,ES241,22:167,nombre,L01221199,P2216700A,42.012521,-0.761451,Gurrea de Gállego
22122,5,Hoz de Jaca,22,02,Huesca,ES241,22:170,nombre,L01221225,P2217000E,42.690937,-0.305733,Hoz de Jaca
22124,6,Huerto,22,02,Huesca,ES241,22:172,nombre,L01221246,P2217200A,41.931279,-0.166386,Huerto
22125,9,Huesca,22,02,Huesca,ES241,22:901,nombre,L01221259,P2217300I,42.140628,-0.409022,Huesca
22126,2,Ibieca,22,02,Huesca,ES241,22:174,nombre,L01221262,P2217400G,42.160836,-0.208285,Ibieca
22127,8,Igriés,22,02,Huesca,ES241,22:175,nombre,L01221278,P2217500D,42.213692,-0.431745,Igriés
22128,4,Ilche,22,02,Huesca,ES241,22:176,nombre,L01221284,P2217600B,41.957522,0.057166,Ilche
22129,7,Isábena,22,02,Huesca,ES241,22:272,nombre,L01221297,P2227200I,42.302829,0.54244,La Puebla de Roda
22130,1,Jaca,22,02,Huesca,ES241,22:178,nombre,L01221301,P2217800H,42.569003,-0.549511,Jaca
22131,8,Jasa,22,02,Huesca,ES241,22:179,nombre,L01221318,P2217900F,42.693733,-0.666693,Jasa
22133,9,Labuerda,22,02,Huesca,ES241,22:185,nombre,L01221339,P2218500C,42.450341,0.133721,Labuerda
22135,7,Laluenga,22,02,Huesca,ES241,22:189,nombre,L01221357,P2218900E,42.005074,-0.047549,Laluenga
22136,0,Lalueza,22,02,Huesca,ES241,22:190,nombre,L01221360,P2219000C,41.841522,-0.257727,Lalueza
22137,6,Lanaja,22,02,Huesca,ES241,22:191,nombre,L01221376,P2219100A,41.771369,-0.329616,Lanaja
22139,5,Laperdiguera,22,02,Huesca,ES241,22:193,nombre,L01221395,P2219300G,41.990192,-0.044308,Laperdiguera
22141,6,Lascellas-Ponzano,22,02,Huesca,ES241,22:196,nombre,L01221416,P2219600J,42.066998,-0.077612,Ponzano
22142,1,Lascuarre,22,02,Huesca,ES241,22:197,nombre,L01221421,P2219700H,42.198093,0.514718,Lascuarre
22143,7,Laspaúles,22,02,Huesca,ES241,22:198,nombre,L01221437,P2219800F,42.470782,0.597861,Laspaúles
22144,2,Laspuña,22,02,Huesca,ES241,22:199,nombre,L01221442,P2219900D,42.502476,0.153708,Laspuña
22149,3,Loarre,22,02,Huesca,ES241,22:205,nombre,L01221493,P2220500I,42.31453,-0.626283,Loarre
22150,6,Loporzano,22,02,Huesca,ES241,22:206,nombre,L01221506,P2220600G,42.161175,-0.323681,Loporzano
22151,3,Loscorrales,22,02,Huesca,ES241,22:207,nombre,L01221513,P2220700E,42.25409,-0.642636,Loscorrales
22155,2,Monesma y Cajigar,22,02,Huesca,ES241,22:215,nombre,L01221552,P2221500H,42.260563,0.597552,Cajigar
22156,5,Monflorite-Lascasas,22,02,Huesca,ES241,22:216,nombre,L01221565,P2221600F,42.094727,-0.35655,Monflorite
22157,1,Montanuy,22,02,Huesca,ES241,22:217,nombre,L01221571,P2221700D,42.465365,0.694237,Montanuy
22158,7,Monzón,22,02,Huesca,ES241,22:218,nombre,L01221587,P2221800B,41.910849,0.192458,Monzón
22160,4,Naval,22,02,Huesca,ES241,22:222,nombre,L01221604,P2222200D,42.194734,0.150775,Naval
22162,6,Novales,22,02,Huesca,ES241,22:226,nombre,L01221626,P2222600E,42.032574,-0.286737,Novales
22163,2,Nueno,22,02,Huesca,ES241,22:227,nombre,L01221632,P2222700C,42.267375,-0.439819,Nueno
22164,7,Olvena,22,02,Huesca,ES241,22:230,nombre,L01221647,P2223000G,42.107387,0.260393,Olvena
22165,0,Ontiñena,22,02,Huesca,ES241,22:231,nombre,L01221650,P2223100E,41.676616,0.087268,Ontiñena
22167,9,Osso de Cinca,22,02,Huesca,ES241,22:235,nombre,L01221679,P2223500F,41.665536,0.191478,Osso de Cinca
22168,5,Palo,22,02,Huesca,ES241,22:236,nombre,L01221685,P2223600D,42.323168,0.243566,Palo
22170,2,Panticosa,22,02,Huesca,ES241,22:239,nombre,L01221702,P2223900H,42.723735,-0.284501,Panticosa
22172,4,Peñalba,22,02,Huesca,ES241,22:241,nombre,L01221724,P2224100D,41.50022,-0.03969,Peñalba
22173,0,"Peñas de Riglos, Las",22,02,Huesca,ES241,22:270,punto,L01221730,P2227000C,42.348315,-0.727685,Riglos
22174,5,Peralta de Alcofea,22,02,Huesca,ES241,22:242,nombre,L01221745,P2224200B,41.931135,-0.06788,Peralta de Alcofea
22175,8,Peralta de Calasanz,22,02,Huesca,ES241,22:243,nombre,L01221758,P2224300J,41.992648,0.386196,Peralta de la Sal
22176,1,Peraltilla,22,02,Huesca,ES241,22:244,nombre,L01221761,P2224400H,42.055885,-0.01827,Peraltilla
22177,7,Perarrúa,22,02,Huesca,ES241,22:245,nombre,L01221777,P2224500E,42.267598,0.351551,Perarrúa
22178,3,Pertusa,22,02,Huesca,ES241,22:246,nombre,L01221783,P2224600C,42.002969,-0.127098,Pertusa
22181,7,Piracés,22,02,Huesca,ES241,22:249,nombre,L01221817,P2224900G,42.005153,-0.316274,Piracés
22182,2,Plan,22,02,Huesca,ES241,22:250,nombre,L01221822,P2225000E,42.58147,0.337702,Plan
22184,3,Poleñino,22,02,Huesca,ES241,22:252,nombre,L01221843,P2225200A,41.870148,-0.309853,Poleñino
22186,9,Pozán de Vero,22,02,Huesca,ES241,22:255,nombre,L01221869,P2225500D,42.08112,0.033091,Pozán de Vero
22187,5,"Puebla de Castro, La",22,02,Huesca,ES241,22:256,nombre,L01221875,P2225600B,42.144581,0.288231,La Puebla de Castro
22188,1,Puente de Montañana,22,02,Huesca,ES241,22:259,nombre,L01221881,P2225900F,42.151121,0.694612,Puente de Montañana
22189,4,Puértolas,22,02,Huesca,ES241,22:260,nombre,L01221894,P2226000D,42.548266,0.13341,Puértolas
22190,8,"Pueyo de Araguás, El",22,02,Huesca,ES241,22:261,nombre,L01221908,P2226100B,42.441237,0.161537,El Pueyo de Araguás
22193,6,Pueyo de Santa Cruz,22,02,Huesca,ES241,22:264,nombre,L01221936,P2226400F,41.85791,0.156041,Pueyo de Santa Cruz
22195,4,Quicena,22,02,Huesca,ES241,22:266,nombre,L01221954,P2226600A,42.146761,-0.359578,Quicena
22197,3,Robres,22,02,Huesca,ES241,22:271,nombre,L01221973,P2227100A,41.866442,-0.46103,Robres
22199,2,Sabiñánigo,22,02,Huesca,ES241,22:275,nombre,L01221992,P2227500B,42.517896,-0.364511,Sabiñánigo
22200,6,Sahún,22,02,Huesca,ES241,22:276,nombre,L01222006,P2227600J,42.576498,0.465083,Sahún
22201,3,Salas Altas,22,02,Huesca,ES241,22:277,nombre,L01222013,P2227700H,42.115062,0.071401,Salas Altas
22202,8,Salas Bajas,22,02,Huesca,ES241,22:278,nombre,L01222028,P2227800F,42.100055,0.083476,Salas Bajas
22203,4,Salillas,22,02,Huesca,ES241,22:279,nombre,L01222034,P2227900D,41.994385,-0.224032,Salillas
22204,9,Sallent de Gállego,22,02,Huesca,ES241,22:282,nombre,L01222049,P2228200H,42.771884,-0.331946,Sallent de Gállego
22205,2,San Esteban de Litera,22,02,Huesca,ES241,22:283,nombre,L01222052,P2228300F,41.90546,0.326066,San Esteban de Litera
22206,5,Sangarrén,22,02,Huesca,ES241,22:284,nombre,L01222065,P2228400D,42.017975,-0.431775,Sangarrén
22207,1,San Juan de Plan,22,02,Huesca,ES241,22:285,nombre,L01222071,P2228500A,42.588334,0.345218,San Juan de Plan
22208,7,Santa Cilia,22,02,Huesca,ES241,22:286,nombre,L01222087,P2228600I,42.560395,-0.714299,Santa Cilia
22209,0,Santa Cruz de la Serós,22,02,Huesca,ES241,22:287,nombre,L01222090,P2228700G,42.522923,-0.674499,Santa Cruz de la Serós
22212,6,Santaliestra y San Quílez,22,02,Huesca,ES241,22:291,nombre,L01222126,P2229100I,42.306303,0.365546,Santaliestra y San Quílez
22213,2,Sariñena,22,02,Huesca,ES241,22:294,nombre,L01222132,P2229400C,41.792146,-0.157634,Sariñena
22214,7,Secastilla,22,02,Huesca,ES241,22:298,nombre,L01222147,P2229800D,42.181461,0.266818,Secastilla
22215,0,Seira,22,02,Huesca,ES241,22:299,nombre,L01222150,P2229900B,42.476631,0.43097,Seira
22217,9,Sena,22,02,Huesca,ES241,22:301,nombre,L01222179,P2230100F,41.715646,-0.044422,Sena
22218,5,Senés de Alcubierre,22,02,Huesca,ES241,22:303,nombre,L01222185,P2230300B,41.907065,-0.490114,Senés de Alcubierre
22220,2,Sesa,22,02,Huesca,ES241,22:305,nombre,L01222202,P2230500G,41.995538,-0.244031,Sesa
22221,9,Sesué,22,02,Huesca,ES241,22:306,nombre,L01222219,P2230600E,42.550172,0.471175,Sesué
22222,4,Siétamo,22,02,Huesca,ES241,22:309,nombre,L01222224,P2230900I,42.123087,-0.280213,Siétamo
22223,0,Sopeira,22,02,Huesca,ES241,22:313,nombre,L01222230,P2231300A,42.316434,0.746106,Sopeira
22225,8,Tamarite de Litera,22,02,Huesca,ES241,22:315,nombre,L01222258,P2231500F,41.869102,0.421668,Tamarite de Litera
22226,1,Tardienta,22,02,Huesca,ES241,22:316,nombre,L01222261,P2231600D,41.979235,-0.536727,Tardienta
22227,7,Tella-Sin,22,02,Huesca,ES241,22:317,nombre,L01222277,P2231700B,42.543236,0.195035,Lafortunada
22228,3,Tierz,22,02,Huesca,ES241,22:318,nombre,L01222283,P2231800J,42.132498,-0.353765,Tierz
22229,6,Tolva,22,02,Huesca,ES241,22:320,nombre,L01222296,P2232000F,42.114633,0.564014,Tolva
22230,0,Torla-Ordesa,22,02,Huesca,ES241,22:321,punto,L01222300,P2232100D,42.627721,-0.112294,Torla
22232,2,Torralba de Aragón,22,02,Huesca,ES241,22:323,nombre,L01222322,P2232300J,41.934081,-0.510354,Torralba de Aragón
22233,8,Torre la Ribera,22,02,Huesca,ES241,22:324,nombre,L01222338,P2232400H,42.36706,0.526636,Torre la Ribera
22234,3,Torrente de Cinca,22,02,Huesca,ES241,22:325,nombre,L01222343,P2232500E,41.474299,0.335457,Torrente de Cinca
22235,6,Torres de Alcanadre,22,02,Huesca,ES241,22:326,nombre,L01222356,P2232600C,41.967135,-0.111247,Torres de Alcanadre
22236,9,Torres de Barbués,22,02,Huesca,ES241,22:327,nombre,L01222369,P2232700A,41.960302,-0.431198,Torres de Barbués
22239,4,Tramaced,22,02,Huesca,ES241,22:332,nombre,L01222394,P2233200A,41.972912,-0.297505,Tramaced
22242,0,Valfarta,22,02,Huesca,ES241,22:336,nombre,L01222420,P2233600B,41.557846,-0.133167,Valfarta
22243,6,Valle de Bardají,22,02,Huesca,ES241,22:337,nombre,L01222436,P2233700J,,,
22244,1,Valle de Lierp,22,02,Huesca,ES241,22:338,nombre,L01222441,P2233800H,42.379412,0.476806,Egea
22245,4,Velilla de Cinca,22,02,Huesca,ES241,22:339,nombre,L01222454,P2233900F,41.586592,0.261185,Velilla de Cinca
22246,7,Beranuy,22,02,Huesca,ES241,22:71,nombre,L01222467,P2207100E,42.369661,0.5904,Beranuy
22247,3,Viacamp y Litera,22,02,Huesca,ES241,22:341,nombre,L01222473,P2234100B,42.127264,0.642437,Litera
22248,9,Vicién,22,02,Huesca,ES241,22:342,nombre,L01222489,P2234200J,42.056754,-0.441054,Vicién
22249,2,Villanova,22,02,Huesca,ES241,22:343,nombre,L01222492,P2234300H,42.546186,0.461771,Villanova
22250,5,Villanúa,22,02,Huesca,ES241,22:344,nombre,L01222505,P2234400F,42.678753,-0.531603,Villanúa
22251,2,Villanueva de Sigena,22,02,Huesca,ES241,22:345,nombre,L01222512,P2234500C,41.71541,-0.008654,Villanueva de Sigena
22252,7,Yebra de Basa,22,02,Huesca,ES241,22:347,nombre,L01222527,P2234700I,42.486708,-0.282226,Yebra de Basa
22253,3,Yésero,22,02,Huesca,ES241,22:348,nombre,L01222533,P2234800G,42.619137,-0.250829,Yésero
22254,8,Zaidín,22,02,Huesca,ES241,22:349,nombre,L01222548,P2234900E,41.604539,0.263348,Zaidín
22901,6,Valle de Hecho,22,02,Huesca,ES241,22:168,nombre,L01229016,P2216800I,42.739363,-0.75028,Hecho
22902,1,Puente la Reina de Jaca,22,02,Huesca,ES241,22:288,nombre,L01229021,P2228800E,42.559491,-0.788187,Puente la Reina de Jaca
22903,7,San Miguel del Cinca,22,02,Huesca,ES241,22:253,nombre,L01229037,P2225300I,41.850546,0.129388,Pomar de Cinca
22904,2,"Sotonera, La",22,02,Huesca,ES241,22:88,nombre,L01229042,P2208800I,42.259375,-0.552696,Bolea
22905,5,Lupiñén-Ortilla,22,02,Huesca,ES241,22:208,nombre,L01229055,P2220800C,42.174127,-0.582126,Lupiñén
22906,8,Santa María de Dulcis,22,02,Huesca,ES241,22:171,nombre,L01229068,P2217100C,42.114865,0.016263,Huerta de Vero
22907,4,Aínsa-Sobrarbe,22,02,Huesca,ES241,22:9,nombre,L01229074,P2200900E,42.417103,0.138946,Aínsa
22908,0,Hoz y Costean,22,02,Huesca,ES241,22:169,nombre,L01229080,P2216900G,42.139786,0.133587,Hoz de Barbastro
22909,3,Vencillón,22,02,Huesca,ES241,22:351,nombre,L01229093,P2235200I,41.706049,0.322523,Vencillón
23001,1,Albanchez de Mágina,23,01,Jaén,ES616,23:1,nombre,L01230011,P2300100A,37.791636,-3.468166,Albanchez de Mágina
23002,6,Alcalá la Real,23,01,Jaén,ES616,23:2,nombre,L01230026,P2300200I,37.463475,-3.925072,Alcalá la Real
23003,2,Alcaudete,23,01,Jaén,ES616,23:3,nombre,L01230032,P2300300G,37.590971,-4.086712,Alcaudete
23004,7,Aldeaquemada,23,01,Jaén,ES616,23:4,nombre,L01230047,P2300400E,38.412095,-3.371146,Aldeaquemada
23005,0,Andújar,23,01,Jaén,ES616,23:5,nombre,L01230050,P2300500B,38.036577,-4.054383,Andújar
23006,3,Arjona,23,01,Jaén,ES616,23:6,nombre,L01230063,P2300600J,37.936555,-4.055308,Arjona
23007,9,Arjonilla,23,01,Jaén,ES616,23:7,nombre,L01230079,P2300700H,37.973575,-4.106733,Arjonilla
23008,5,Arquillos,23,01,Jaén,ES616,23:8,nombre,L01230085,P2300800F,38.182004,-3.431085,Arquillos
23009,8,Baeza,23,01,Jaén,ES616,23:9,nombre,L01230098,P2300900D,37.993525,-3.469642,Baeza
23010,2,Bailén,23,01,Jaén,ES616,23:10,nombre,L01230102,P2301000B,38.095993,-3.77484,Bailén
23011,9,Baños de la Encina,23,01,Jaén,ES616,23:11,nombre,L01230119,P2301100J,38.170949,-3.774256,Baños de la Encina
23012,4,Beas de Segura,23,01,Jaén,ES616,23:12,nombre,L01230124,P2301200H,38.252579,-2.889852,Beas de Segura
23014,5,Begíjar,23,01,Jaén,ES616,23:14,nombre,L01230145,P2301400D,37.985086,-3.534383,Begíjar
23015,8,Bélmez de la Moraleda,23,01,Jaén,ES616,23:15,nombre,L01230158,P2301500A,37.724234,-3.382341,Bélmez de la Moraleda
23016,1,Benatae,23,01,Jaén,ES616,23:16,nombre,L01230161,P2301600I,38.352674,-2.650692,Benatae
23017,7,Cabra del Santo Cristo,23,01,Jaén,ES616,23:17,nombre,L01230177,P2301700G,37.704999,-3.286036,Cabra del Santo Cristo
23018,3,Cambil,23,01,Jaén,ES616,23:18,nombre,L01230183,P2301800E,37.676949,-3.565716,Cambil
23019,6,Campillo de Arenas,23,01,Jaén,ES616,23:19,nombre,L01230196,P2301900C,37.555768,-3.635598,Campillo de Arenas
23020,0,Canena,23,01,Jaén,ES616,23:20,nombre,L01230200,P2302000A,38.047709,-3.482798,Canena
23021,7,Carboneros,23,01,Jaén,ES616,23:21,nombre,L01230217,P2302100I,38.229509,-3.631324,Carboneros
23024,3,"Carolina, La",23,01,Jaén,ES616,23:24,nombre,L01230243,P2302400C,38.274381,-3.615287,La Carolina
23025,6,Castellar,23,01,Jaén,ES616,23:25,nombre,L01230256,P2302500J,38.255963,-3.129309,Castellar
23026,9,Castillo de Locubín,23,01,Jaén,ES616,23:26,nombre,L01230269,P2302600H,37.528819,-3.944334,Castillo de Locubín
23027,5,Cazalilla,23,01,Jaén,ES616,23:27,nombre,L01230275,P2302700F,37.984525,-3.882172,Cazalilla
23028,1,Cazorla,23,01,Jaén,ES616,23:28,nombre,L01230281,P2302800D,37.910689,-3.001852,Cazorla
23029,4,Chiclana de Segura,23,01,Jaén,ES616,23:29,nombre,L01230294,P2302900B,38.312049,-3.04227,Chiclana de Segura
23030,8,Chilluévar,23,01,Jaén,ES616,23:30,nombre,L01230308,P2303000J,38.001477,-3.030976,Chilluévar
23031,5,Escañuela,23,01,Jaén,ES616,23:31,nombre,L01230315,P2303100H,37.878659,-4.033264,Escañuela
23032,0,Espeluy,23,01,Jaén,ES616,23:32,nombre,L01230320,P2303200F,38.033103,-3.861853,Espeluy
23033,6,Frailes,23,01,Jaén,ES616,23:33,nombre,L01230336,P2303300D,37.485982,-3.837218,Frailes
23034,1,Fuensanta de Martos,23,01,Jaén,ES616,23:34,nombre,L01230341,P2303400B,37.647637,-3.90547,Fuensanta de Martos
23035,4,Fuerte del Rey,23,01,Jaén,ES616,23:35,nombre,L01230354,P2303500I,37.874102,-3.884618,Fuerte del Rey
23037,3,Génave,23,01,Jaén,ES616,23:37,nombre,L01230373,P2303700E,38.429418,-2.73347,Génave
23038,9,"Guardia de Jaén, La",23,01,Jaén,ES616,23:38,nombre,L01230389,P2303800C,37.741416,-3.693062,La Guardia de Jaén
23039,2,Guarromán,23,01,Jaén,ES616,23:39,nombre,L01230392,P2303900A,38.181495,-3.686663,Guarromán
23040,6,Lahiguera,23,01,Jaén,ES616,23:40,nombre,L01230406,P2304000I,37.970687,-3.989233,Lahiguera
23041,3,Higuera de Calatrava,23,01,Jaén,ES616,23:41,nombre,L01230413,P2304100G,37.797471,-4.155172,Higuera de Calatrava
23042,8,Hinojares,23,01,Jaén,ES616,23:42,nombre,L01230428,P2304200E,37.715453,-2.999275,Hinojares
23043,4,Hornos,23,01,Jaén,ES616,23:43,nombre,L01230434,P2304300C,38.216721,-2.720482,Hornos
23044,9,Huelma,23,01,Jaén,ES616,23:44,nombre,L01230449,P2304400A,37.650201,-3.45952,Huelma
23045,2,Huesa,23,01,Jaén,ES616,23:45,nombre,L01230452,P2304500H,37.764245,-3.077982,Huesa
23046,5,Ibros,23,01,Jaén,ES616,23:46,nombre,L01230465,P2304600F,38.022916,-3.502346,Ibros
23047,1,"Iruela, La",23,01,Jaén,ES616,23:47,nombre,L01230471,P2304700D,37.920434,-2.993956,La Iruela
23048,7,Iznatoraf,23,01,Jaén,ES616,23:48,nombre,L01230487,P2304800B,38.157351,-3.033101,Iznatoraf
23049,0,Jabalquinto,23,01,Jaén,ES616,23:49,nombre,L01230490,P2304900J,38.019451,-3.724608,Jabalquinto
23050,3,Jaén,23,01,Jaén,ES616,23:900,nombre,L01230503,P2305000H,37.764576,-3.790869,Jaén
23051,0,Jamilena,23,01,Jaén,ES616,23:51,nombre,L01230510,P2305100F,37.747338,-3.912203,Jamilena
23052,5,Jimena,23,01,Jaén,ES616,23:52,nombre,L01230525,P2305200D,37.841409,-3.476229,Jimena
23053,1,Jódar,23,01,Jaén,ES616,23:53,nombre,L01230531,P2305300B,37.844241,-3.352877,Jódar
23054,6,Larva,23,01,Jaén,ES616,23:54,nombre,L01230546,P2305400J,37.759908,-3.202184,Larva
23055,9,Linares,23,01,Jaén,ES616,23:55,nombre,L01230559,P2305500G,38.093804,-3.63611,Linares
23056,2,Lopera,23,01,Jaén,ES616,23:56,nombre,L01230562,P2305600E,37.943585,-4.214735,Lopera
23057,8,Lupión,23,01,Jaén,ES616,23:57,nombre,L01230578,P2305700C,37.996683,-3.546744,Lupión
23058,4,Mancha Real,23,01,Jaén,ES616,23:58,nombre,L01230584,P2305800A,37.786443,-3.612588,Mancha Real
23059,7,Marmolejo,23,01,Jaén,ES616,23:59,nombre,L01230597,P2305900I,38.044683,-4.170982,Marmolejo
23060,1,Martos,23,01,Jaén,ES616,23:60,nombre,L01230601,P2306000G,37.722826,-3.9659,Martos
23061,8,Mengíbar,23,01,Jaén,ES616,23:61,nombre,L01230618,P2306100E,37.96834,-3.808565,Mengíbar
23062,3,Montizón,23,01,Jaén,ES616,23:62,nombre,L01230623,P2306200C,38.342539,-3.103199,Montizón
23063,9,Navas de San Juan,23,01,Jaén,ES616,23:63,nombre,L01230639,P2306300A,38.184864,-3.315244,Navas de San Juan
23064,4,Noalejo,23,01,Jaén,ES616,23:64,nombre,L01230644,P2306400I,37.5295,-3.65358,Noalejo
23065,7,Orcera,23,01,Jaén,ES616,23:65,nombre,L01230657,P2306500F,38.31783,-2.659383,Orcera
23066,0,Peal de Becerro,23,01,Jaén,ES616,23:66,nombre,L01230660,P2306600D,37.913356,-3.121719,Peal de Becerro
23067,6,Pegalajar,23,01,Jaén,ES616,23:67,nombre,L01230676,P2306700B,37.73791,-3.650827,Pegalajar
23069,5,Porcuna,23,01,Jaén,ES616,23:69,nombre,L01230695,P2306900H,37.871112,-4.18461,Porcuna
23070,9,Pozo Alcón,23,01,Jaén,ES616,23:70,nombre,L01230709,P2307000F,37.705235,-2.93424,Pozo Alcón
23071,6,Puente de Génave,23,01,Jaén,ES616,23:71,nombre,L01230716,P2307100D,38.353526,-2.804341,Puente de Génave
23072,1,"Puerta de Segura, La",23,01,Jaén,ES616,23:72,nombre,L01230721,P2307200B,38.348475,-2.736865,La Puerta de Segura
23073,7,Quesada,23,01,Jaén,ES616,23:73,nombre,L01230737,P2307300J,37.845248,-3.067738,Quesada
23074,2,Rus,23,01,Jaén,ES616,23:74,nombre,L01230742,P2307400H,38.048004,-3.461844,Rus
23075,5,Sabiote,23,01,Jaén,ES616,23:75,nombre,L01230755,P2307500E,38.069196,-3.306621,Sabiote
23076,8,Santa Elena,23,01,Jaén,ES616,23:76,nombre,L01230768,P2307600C,38.339124,-3.539154,Santa Elena
23077,4,Santiago de Calatrava,23,01,Jaén,ES616,23:77,nombre,L01230774,P2307700A,37.75306,-4.169455,Santiago de Calatrava
23079,3,Santisteban del Puerto,23,01,Jaén,ES616,23:79,nombre,L01230793,P2307900G,38.247579,-3.206388,Santisteban del Puerto
23080,7,Santo Tomé,23,01,Jaén,ES616,23:80,nombre,L01230807,P2308000E,38.028353,-3.101847,Santo Tomé
23081,4,Segura de la Sierra,23,01,Jaén,ES616,23:81,nombre,L01230814,P2308100C,38.297756,-2.651569,Segura de la Sierra
23082,9,Siles,23,01,Jaén,ES616,23:82,nombre,L01230829,P2308200A,38.3871,-2.580546,Siles
23084,0,Sorihuela del Guadalimar,23,01,Jaén,ES616,23:84,nombre,L01230840,P2308400G,38.239678,-3.054127,Sorihuela del Guadalimar
23085,3,Torreblascopedro,23,01,Jaén,ES616,23:85,nombre,L01230853,P2308500D,37.997511,-3.636762,Torreblascopedro
23086,6,Torredelcampo,23,01,Jaén,ES616,23:86,nombre,L01230866,P2308600B,37.770452,-3.896955,Torredelcampo
23087,2,Torredonjimeno,23,01,Jaén,ES616,23:87,nombre,L01230872,P2308700J,37.765762,-3.95887,Torredonjimeno
23088,8,Torreperogil,23,01,Jaén,ES616,23:88,nombre,L01230888,P2308800H,38.03454,-3.28765,Torreperogil
23090,5,Torres,23,01,Jaén,ES616,23:90,nombre,L01230905,P2309000D,37.786064,-3.509722,Torres
23091,2,Torres de Albánchez,23,01,Jaén,ES616,23:91,nombre,L01230912,P2309100B,38.414539,-2.677033,Torres de Albánchez
23092,7,Úbeda,23,01,Jaén,ES616,23:92,nombre,L01230927,P2309200J,38.008217,-3.36845,Úbeda
23093,3,Valdepeñas de Jaén,23,01,Jaén,ES616,23:93,nombre,L01230933,P2309300H,37.59031,-3.819949,Valdepeñas de Jaén
23094,8,Vilches,23,01,Jaén,ES616,23:94,nombre,L01230948,P2309400F,38.204603,-3.50764,Vilches
23095,1,Villacarrillo,23,01,Jaén,ES616,23:95,nombre,L01230951,P2309500C,38.115346,-3.08731,Villacarrillo
23096,4,Villanueva de la Reina,23,01,Jaén,ES616,23:96,nombre,L01230964,P2309600A,38.00513,-3.919601,Villanueva de la Reina
23097,0,Villanueva del Arzobispo,23,01,Jaén,ES616,23:97,nombre,L01230970,P2309700I,38.169462,-3.010144,Villanueva del Arzobispo
23098,6,Villardompardo,23,01,Jaén,ES616,23:98,nombre,L01230986,P2309800G,37.839663,-4.001342,Villardompardo
23099,9,"Villares, Los",23,01,Jaén,ES616,23:99,nombre,L01230999,P2309900E,37.689363,-3.818344,Los Villares
23101,0,Villarrodrigo,23,01,Jaén,ES616,23:101,nombre,L01231010,P2310100I,38.487087,-2.636081,Villarrodrigo
23901,2,Cárcheles,23,01,Jaén,ES616,23:23,nombre,L01239012,P2302300E,37.634429,-3.641111,Carchelejo
23902,7,Bedmar y Garcíez,23,01,Jaén,ES616,23:13,nombre,L01239027,P2301300F,37.822834,-3.411649,Bedmar
23903,3,Villatorres,23,01,Jaén,ES616,23:100,nombre,L01239033,P2310000A,37.939956,-3.729942,Villargordo
23904,8,Santiago-Pontones,23,01,Jaén,ES616,23:78,nombre,L01239048,P2307800I,38.11273,-2.551697,Santiago de la Espada
23905,1,Arroyo del Ojanco,23,01,Jaén,ES616,23:102,nombre,L01239051,P2300018E,38.320949,-2.894939,Arroyo del Ojanco
24001,6,Acebedo,24,07,León,ES413,24:1,nombre,L01240016,P2400100J,43.040732,-5.115871,Acebedo
24002,1,Algadefe,24,07,León,ES413,24:2,nombre,L01240021,P2400200H,42.218844,-5.582911,Algadefe
24003,7,Alija del Infantado,24,07,León,ES413,24:3,nombre,L01240037,P2400300F,42.140878,-5.829778,Alija del Infantado
24004,2,Almanza,24,07,León,ES413,24:4,nombre,L01240042,P2400400D,42.656457,-5.035516,Almanza
24005,5,"Antigua, La",24,07,León,ES413,24:5,nombre,L01240055,P2400500A,42.180396,-5.689113,La Antigua
24006,8,Ardón,24,07,León,ES413,24:6,nombre,L01240068,P2400600I,42.437692,-5.563497,Ardón
24007,4,Arganza,24,07,León,ES413,24:7,nombre,L01240074,P2400700G,42.639212,-6.687778,Arganza
24008,0,Astorga,24,07,León,ES413,24:9,nombre,L01240080,P2400900C,42.454196,-6.052964,Astorga
24009,3,Balboa,24,07,León,ES413,24:10,nombre,L01240093,P2401000A,42.706543,-6.924273,Balboa
24010,7,"Bañeza, La",24,07,León,ES413,24:11,nombre,L01240107,P2401100I,42.299983,-5.897047,La Bañeza
24011,4,Barjas,24,07,León,ES413,24:12,nombre,L01240114,P2401200G,42.610989,-6.978234,Barjas
24012,9,"Barrios de Luna, Los",24,07,León,ES413,24:13,nombre,L01240129,P2401300E,42.845136,-5.862021,Los Barrios de Luna
24014,0,Bembibre,24,07,León,ES413,24:15,nombre,L01240140,P2401500J,42.614803,-6.416295,Bembibre
24015,3,Benavides,24,07,León,ES413,24:16,nombre,L01240153,P2401600H,42.501908,-5.895932,Benavides de Órbigo
24016,6,Benuza,24,07,León,ES413,24:17,nombre,L01240166,P2401700F,42.400161,-6.709688,Benuza
24017,2,Bercianos del Páramo,24,07,León,ES413,24:18,nombre,L01240172,P2401800D,42.380262,-5.704061,Bercianos del Páramo
24018,8,Bercianos del Real Camino,24,07,León,ES413,24:19,nombre,L01240188,P2401900B,42.387263,-5.144785,Bercianos del Real Camino
24019,1,Berlanga del Bierzo,24,07,León,ES413,24:20,nombre,L01240191,P2402000J,42.729919,-6.605204,Berlanga del Bierzo
24020,5,Boca de Huérgano,24,07,León,ES413,24:21,nombre,L01240205,P2402100H,42.973967,-4.926883,Boca de Huérgano
24021,2,Boñar,24,07,León,ES413,24:22,nombre,L01240212,P2402200F,42.867582,-5.322522,Boñar
24022,7,Borrenes,24,07,León,ES413,24:23,nombre,L01240227,P2402300D,42.491902,-6.725992,Borrenes
24023,3,Brazuelo,24,07,León,ES413,24:24,nombre,L01240233,P2402400B,42.496912,-6.157402,Brazuelo
24024,8,"Burgo Ranero, El",24,07,León,ES413,24:25,nombre,L01240248,P2402500I,42.423613,-5.219526,El Burgo Ranero
24025,1,Burón,24,07,León,ES413,24:26,nombre,L01240251,P2402600G,43.024456,-5.051661,Burón
24026,4,Bustillo del Páramo,24,07,León,ES413,24:27,nombre,L01240264,P2402700E,42.441071,-5.791525,Bustillo del Páramo
24027,0,Cabañas Raras,24,07,León,ES413,24:28,nombre,L01240270,P2402800C,42.620182,-6.637929,Cabañas Raras
24028,6,Cabreros del Río,24,07,León,ES413,24:29,nombre,L01240286,P2402900A,42.401607,-5.541343,Cabreros del Río
24029,9,Cabrillanes,24,07,León,ES413,24:30,nombre,L01240299,P2403000I,42.952879,-6.14987,Cabrillanes
24030,3,Cacabelos,24,07,León,ES413,24:31,nombre,L01240303,P2403100G,42.598705,-6.725676,Cacabelos
24031,0,Calzada del Coto,24,07,León,ES413,24:32,nombre,L01240310,P2403200E,42.38882,-5.080163,Calzada del Coto
24032,5,Campazas,24,07,León,ES413,24:33,nombre,L01240325,P2403300C,42.141789,-5.49433,Campazas
24033,1,Campo de Villavidel,24,07,León,ES413,24:35,nombre,L01240331,P2403500H,42.43921,-5.528227,Campo de Villavidel
24034,6,Camponaraya,24,07,León,ES413,24:36,nombre,L01240346,P2403600F,42.57956,-6.67179,Camponaraya
24036,2,Valle de Ancares,24,07,León,ES413,24:38,punto,L01240362,P2403800B,42.818297,-6.727148,Valle de Ancares
24037,8,Cármenes,24,07,León,ES413,24:39,nombre,L01240378,P2403900J,42.959021,-5.57348,Cármenes
24038,4,Carracedelo,24,07,León,ES413,24:40,nombre,L01240384,P2404000H,42.556061,-6.732629,Carracedelo
24039,7,Carrizo,24,07,León,ES413,24:41,nombre,L01240397,P2404100F,42.584794,-5.831152,Carrizo de la Ribera
24040,1,Carrocera,24,07,León,ES413,24:42,nombre,L01240401,P2404200D,42.796297,-5.743479,Carrocera
24041,8,Carucedo,24,07,León,ES413,24:43,nombre,L01240418,P2404300B,42.489766,-6.76874,Carucedo
24042,3,Castilfalé,24,07,León,ES413,24:44,nombre,L01240423,P2404400J,42.219983,-5.421184,Castilfalé
24043,9,Castrillo de Cabrera,24,07,León,ES413,24:45,nombre,L01240439,P2404500G,42.340233,-6.544906,Castrillo de Cabrera
24044,4,Castrillo de la Valduerna,24,07,León,ES413,24:46,nombre,L01240444,P2404600E,42.32376,-6.134866,Castrillo de la Valduerna
24046,0,Castrocalbón,24,07,León,ES413,24:48,nombre,L01240460,P2404800A,42.197734,-5.984838,Castrocalbón
24047,6,Castrocontrigo,24,07,León,ES413,24:49,nombre,L01240476,P2404900I,42.184771,-6.189666,Castrocontrigo
24049,5,Castropodame,24,07,León,ES413,24:51,nombre,L01240495,P2405100E,42.581308,-6.469577,Castropodame
24050,8,Castrotierra de Valmadrigal,24,07,León,ES413,24:52,nombre,L01240508,P2405200C,42.347417,-5.246587,Castrotierra de Valmadrigal
24051,5,Cea,24,07,León,ES413,24:53,nombre,L01240515,P2405300A,42.463408,-5.012575,Cea
24052,0,Cebanico,24,07,León,ES413,24:54,nombre,L01240520,P2405400I,42.725257,-5.025692,Cebanico
24053,6,Cebrones del Río,24,07,León,ES413,24:55,nombre,L01240536,P2405500F,42.257456,-5.827102,Cebrones del Río
24054,1,Cimanes de la Vega,24,07,León,ES413,24:56,nombre,L01240541,P2405600D,42.117146,-5.597406,Cimanes de la Vega
24055,4,Cimanes del Tejar,24,07,León,ES413,24:57,nombre,L01240554,P2405700B,42.61734,-5.806782,Cimanes del Tejar
24056,7,Cistierna,24,07,León,ES413,24:58,nombre,L01240567,P2405800J,42.803143,-5.125744,Cistierna
24057,3,Congosto,24,07,León,ES413,24:59,nombre,L01240573,P2405900H,42.61826,-6.519306,Congosto
24058,9,Corbillos de los Oteros,24,07,León,ES413,24:60,nombre,L01240589,P2406000F,42.407766,-5.458063,Corbillos de los Oteros
24059,2,Corullón,24,07,León,ES413,24:61,nombre,L01240592,P2406100D,42.58101,-6.818592,Corullón
24060,6,Crémenes,24,07,León,ES413,24:62,nombre,L01240606,P2406200B,42.901432,-5.145024,Crémenes
24061,3,Cuadros,24,07,León,ES413,24:63,nombre,L01240613,P2406300J,42.710534,-5.638918,Cuadros
24062,8,Cubillas de los Oteros,24,07,León,ES413,24:64,nombre,L01240628,P2406400H,42.372439,-5.507636,Cubillas de los Oteros
24063,4,Cubillas de Rueda,24,07,León,ES413,24:65,nombre,L01240634,P2406500E,42.656285,-5.176746,Cubillas de Rueda
24064,9,Cubillos del Sil,24,07,León,ES413,24:66,nombre,L01240649,P2406600C,42.625226,-6.56353,Cubillos del Sil
24065,2,Chozas de Abajo,24,07,León,ES413,24:67,nombre,L01240652,P2406700A,42.508409,-5.686831,Chozas de Abajo
24066,5,Destriana,24,07,León,ES413,24:68,nombre,L01240665,P2406800I,42.326568,-6.092928,Destriana
24067,1,Encinedo,24,07,León,ES413,24:69,nombre,L01240671,P2406900G,42.271518,-6.594484,Encinedo
24068,7,"Ercina, La",24,07,León,ES413,24:70,nombre,L01240687,P2407000E,42.812913,-5.217414,La Ercina
24069,0,Escobar de Campos,24,07,León,ES413,24:71,nombre,L01240690,P2407100C,42.313691,-4.96632,Escobar de Campos
24070,4,Fabero,24,07,León,ES413,24:72,nombre,L01240704,P2407200A,42.765835,-6.627799,Fabero
24071,1,Folgoso de la Ribera,24,07,León,ES413,24:73,nombre,L01240711,P2407300I,42.642362,-6.321838,Folgoso de la Ribera
24073,2,Fresno de la Vega,24,07,León,ES413,24:75,nombre,L01240732,P2407500D,42.344607,-5.535472,Fresno de la Vega
24074,7,Fuentes de Carbajal,24,07,León,ES413,24:76,nombre,L01240747,P2407600B,42.177273,-5.446343,Fuentes de Carbajal
24076,3,Garrafe de Torío,24,07,León,ES413,24:78,nombre,L01240763,P2407800H,42.731016,-5.524327,Garrafe de Torío
24077,9,Gordaliza del Pino,24,07,León,ES413,24:79,nombre,L01240779,P2407900F,42.34427,-5.158198,Gordaliza del Pino
24078,5,Gordoncillo,24,07,León,ES413,24:80,nombre,L01240785,P2408000D,42.135596,-5.402227,Gordoncillo
24079,8,Gradefes,24,07,León,ES413,24:81,nombre,L01240798,P2408100B,42.62385,-5.226329,Gradefes
24080,2,Grajal de Campos,24,07,León,ES413,24:82,nombre,L01240802,P2408200J,42.320994,-5.019197,Grajal de Campos
24081,9,Gusendos de los Oteros,24,07,León,ES413,24:83,nombre,L01240819,P2408300H,42.379519,-5.430274,Gusendos de los Oteros
24082,4,Hospital de Órbigo,24,07,León,ES413,24:84,nombre,L01240824,P2408400F,42.463712,-5.88208,Hospital de Órbigo
24083,0,Igüeña,24,07,León,ES413,24:85,nombre,L01240830,P2408500C,42.727699,-6.278154,Igüeña
24084,5,Izagre,24,07,León,ES413,24:86,nombre,L01240845,P2408600A,42.223363,-5.258238,Izagre
24086,1,Joarilla de las Matas,24,07,León,ES413,24:88,nombre,L01240861,P2408800G,42.288051,-5.177959,Joarilla de las Matas
24087,7,Laguna Dalga,24,07,León,ES413,24:89,nombre,L01240877,P2408900E,42.331742,-5.752738,Laguna Dalga
24088,3,Laguna de Negrillos,24,07,León,ES413,24:90,nombre,L01240883,P2409000C,42.239161,-5.661322,Laguna de Negrillos
24089,6,León,24,07,León,ES413,24:900,nombre,L01240896,P2409100A,42.597629,-5.574232,León
24090,0,Lucillo,24,07,León,ES413,24:92,nombre,L01240900,P2409200I,42.410206,-6.304326,Lucillo
24091,7,Luyego,24,07,León,ES413,24:93,nombre,L01240917,P2409300G,42.376638,-6.236305,Luyego de Somoza
24092,2,Llamas de la Ribera,24,07,León,ES413,24:94,nombre,L01240922,P2409400E,42.63563,-5.825633,Llamas de la Ribera
24093,8,Magaz de Cepeda,24,07,León,ES413,24:95,nombre,L01240938,P2409500B,42.542125,-6.076775,Magaz de Cepeda
24094,3,Mansilla de las Mulas,24,07,León,ES413,24:96,nombre,L01240943,P2409600J,42.498679,-5.417916,Mansilla de las Mulas
24095,6,Mansilla Mayor,24,07,León,ES413,24:97,nombre,L01240956,P2409700H,42.50944,-5.443538,Mansilla Mayor
24096,9,Maraña,24,07,León,ES413,24:98,nombre,L01240969,P2409800F,43.049056,-5.177904,Maraña
24097,5,Matadeón de los Oteros,24,07,León,ES413,24:99,nombre,L01240975,P2409900D,42.336707,-5.368821,Matadeón de los Oteros
24098,1,Matallana de Torío,24,07,León,ES413,24:100,nombre,L01240981,P2410000J,42.839707,-5.505753,Robles de la Valcueva
24099,4,Matanza,24,07,León,ES413,24:101,nombre,L01240994,P2410100H,42.239714,-5.376551,Matanza de los Oteros
24100,8,Molinaseca,24,07,León,ES413,24:102,nombre,L01241008,P2410200F,42.538393,-6.519875,Molinaseca
24101,5,Murias de Paredes,24,07,León,ES413,24:103,nombre,L01241015,P2410300D,42.849986,-6.191295,Murias de Paredes
24102,0,Noceda del Bierzo,24,07,León,ES413,24:104,punto,L01241020,P2410400B,42.712608,-6.399214,Noceda
24103,6,Oencia,24,07,León,ES413,24:105,nombre,L01241036,P2410500I,42.548634,-6.970381,Oencia
24104,1,"Omañas, Las",24,07,León,ES413,24:106,nombre,L01241041,P2410600G,42.679638,-5.87031,Las Omañas
24105,4,Onzonilla,24,07,León,ES413,24:107,nombre,L01241054,P2410700E,42.524759,-5.582381,Onzonilla
24106,7,Oseja de Sajambre,24,07,León,ES413,24:108,nombre,L01241067,P2410800C,43.135642,-5.038465,Oseja de Sajambre
24107,3,Pajares de los Oteros,24,07,León,ES413,24:109,nombre,L01241073,P2410900A,42.328429,-5.471692,Pajares de los Oteros
24108,9,Palacios de la Valduerna,24,07,León,ES413,24:110,nombre,L01241089,P2411000I,42.327769,-5.936755,Palacios de la Valduerna
24109,2,Palacios del Sil,24,07,León,ES413,24:111,nombre,L01241092,P2411100G,42.875382,-6.433873,Palacios del Sil
24110,6,Páramo del Sil,24,07,León,ES413,24:113,nombre,L01241106,P2411300C,42.819725,-6.48871,Páramo del Sil
24112,8,Peranzanes,24,07,León,ES413,24:115,nombre,L01241128,P2411500H,42.877503,-6.633631,Peranzanes
24113,4,Pobladura de Pelayo García,24,07,León,ES413,24:116,nombre,L01241134,P2411600F,42.3057,-5.685878,Pobladura de Pelayo García
24114,9,"Pola de Gordón, La",24,07,León,ES413,24:117,nombre,L01241149,P2411700D,42.854856,-5.670264,La Pola de Gordón
24115,2,Ponferrada,24,07,León,ES413,24:118,nombre,L01241152,P2411800B,42.5455,-6.590655,Ponferrada
24116,5,Posada de Valdeón,24,07,León,ES413,24:119,nombre,L01241165,P2411900J,43.15114,-4.918421,Posada de Valdeón
24117,1,Pozuelo del Páramo,24,07,León,ES413,24:120,nombre,L01241171,P2412000H,42.170513,-5.771702,Pozuelo del Páramo
24118,7,Prado de la Guzpeña,24,07,León,ES413,24:121,nombre,L01241187,P2412100F,42.783605,-5.025284,Prado de la Guzpeña
24119,0,Priaranza del Bierzo,24,07,León,ES413,24:122,nombre,L01241190,P2412200D,42.508974,-6.671928,Priaranza del Bierzo
24120,4,Prioro,24,07,León,ES413,24:123,nombre,L01241204,P2412300B,42.893396,-4.962127,Prioro
24121,1,Puebla de Lillo,24,07,León,ES413,24:124,nombre,L01241211,P2412400J,43.006352,-5.272852,Puebla de Lillo
24122,6,Puente de Domingo Flórez,24,07,León,ES413,24:125,nombre,L01241226,P2412500G,42.41101,-6.819912,Puente de Domingo Flórez
24123,2,Quintana del Castillo,24,07,León,ES413,24:126,nombre,L01241232,P2412600E,42.660857,-6.0469,Quintana del Castillo
24124,7,Quintana del Marco,24,07,León,ES413,24:127,nombre,L01241247,P2412700C,42.206691,-5.849945,Quintana del Marco
24125,0,Quintana y Congosto,24,07,León,ES413,24:128,nombre,L01241250,P2412800A,42.255477,-6.036436,Quintana y Congosto
24127,9,Regueras de Arriba,24,07,León,ES413,24:130,nombre,L01241279,P2413000G,42.292146,-5.860183,Regueras de Arriba
24129,8,Reyero,24,07,León,ES413,24:132,nombre,L01241298,P2413200C,42.948902,-5.199134,Reyero
24130,2,Riaño,24,07,León,ES413,24:133,nombre,L01241302,P2413300A,42.975801,-5.005864,Riaño
24131,9,Riego de la Vega,24,07,León,ES413,24:134,nombre,L01241319,P2413400I,42.3892,-5.982388,Riego de la Vega
24132,4,Riello,24,07,León,ES413,24:135,nombre,L01241324,P2413500F,42.773326,-5.945985,Riello
24133,0,Rioseco de Tapia,24,07,León,ES413,24:136,nombre,L01241330,P2413600D,42.729572,-5.792286,Rioseco de Tapia
24134,5,"Robla, La",24,07,León,ES413,24:137,nombre,L01241345,P2413700B,42.80302,-5.628557,La Robla
24136,1,Roperuelos del Páramo,24,07,León,ES413,24:139,nombre,L01241361,P2413900H,42.237665,-5.781051,Roperuelos del Páramo
24137,7,Sabero,24,07,León,ES413,24:140,nombre,L01241377,P2414000F,42.837399,-5.152702,Sabero
24139,6,Sahagún,24,07,León,ES413,24:142,nombre,L01241396,P2414200B,42.372103,-5.031281,Sahagún
24141,7,San Adrián del Valle,24,07,León,ES413,24:144,nombre,L01241417,P2414400H,42.129112,-5.728607,San Adrián del Valle
24142,2,San Andrés del Rabanedo,24,07,León,ES413,24:145,nombre,L01241422,P2414500E,42.607152,-5.604905,San Andrés del Rabanedo
24143,8,Sancedo,24,07,León,ES413,24:146,nombre,L01241438,P2414600C,42.667888,-6.634678,Sancedo
24144,3,San Cristóbal de la Polantera,24,07,León,ES413,24:147,nombre,L01241443,P2414700A,42.390885,-5.906721,San Cristóbal de la Polantera
24145,6,San Emiliano,24,07,León,ES413,24:148,nombre,L01241456,P2414800I,42.971346,-6.000647,San Emiliano
24146,9,San Esteban de Nogales,24,07,León,ES413,24:149,nombre,L01241469,P2414900G,42.159322,-5.930766,San Esteban de Nogales
24148,1,San Justo de la Vega,24,07,León,ES413,24:151,nombre,L01241481,P2415100C,42.454444,-6.015517,San Justo de la Vega
24149,4,San Millán de los Caballeros,24,07,León,ES413,24:152,nombre,L01241494,P2415200A,42.284314,-5.561357,San Millán de los Caballeros
24150,7,San Pedro Bercianos,24,07,León,ES413,24:153,nombre,L01241507,P2415300I,42.389938,-5.709892,San Pedro Bercianos
24151,4,Santa Colomba de Curueño,24,07,León,ES413,24:154,nombre,L01241514,P2415400G,42.750595,-5.412728,Santa Colomba de Curueño
24152,9,Santa Colomba de Somoza,24,07,León,ES413,24:155,nombre,L01241529,P2415500D,42.44427,-6.242101,Santa Colomba de Somoza
24153,5,Santa Cristina de Valmadrigal,24,07,León,ES413,24:156,nombre,L01241535,P2415600B,42.356026,-5.309786,Santa Cristina de Valmadrigal
24154,0,Santa Elena de Jamuz,24,07,León,ES413,24:157,nombre,L01241540,P2415700J,42.259716,-5.886389,Santa Elena de Jamuz
24155,3,Santa María de la Isla,24,07,León,ES413,24:158,nombre,L01241553,P2415800H,42.357189,-5.928624,Santa María de la Isla
24156,6,Santa María del Monte de Cea,24,07,León,ES413,24:159,nombre,L01241566,P2415900F,42.491317,-5.116954,Santa María del Monte de Cea
24157,2,Santa María del Páramo,24,07,León,ES413,24:160,nombre,L01241572,P2416000D,42.353446,-5.749309,Santa María del Páramo
24158,8,Santa María de Ordás,24,07,León,ES413,24:161,nombre,L01241588,P2416100B,42.726236,-5.823981,Santa María de Ordás
24159,1,Santa Marina del Rey,24,07,León,ES413,24:162,nombre,L01241591,P2416200J,42.513953,-5.860824,Santa Marina del Rey
24160,5,Santas Martas,24,07,León,ES413,24:163,nombre,L01241605,P2416300H,42.430951,-5.369341,Santas Martas
24161,2,Santiago Millas,24,07,León,ES413,24:164,nombre,L01241612,P2416400F,42.382905,-6.105461,Santiago Millas
24162,7,Santovenia de la Valdoncina,24,07,León,ES413,24:165,nombre,L01241627,P2416500C,42.542652,-5.624768,Santovenia de la Valdoncina
24163,3,Sariegos,24,07,León,ES413,24:166,nombre,L01241633,P2416600A,42.649062,-5.626792,Sariegos del Bernesga
24164,8,Sena de Luna,24,07,León,ES413,24:167,nombre,L01241648,P2416700I,42.929739,-5.953502,Sena de Luna
24165,1,Sobrado,24,07,León,ES413,24:168,nombre,L01241651,P2416800G,42.519974,-6.852664,Sobrado
24166,4,Soto de la Vega,24,07,León,ES413,24:169,nombre,L01241664,P2416900E,42.332426,-5.88115,Soto de la Vega
24167,0,Soto y Amío,24,07,León,ES413,24:170,nombre,L01241670,P2417000C,42.778629,-5.886403,Soto y Amío
24168,6,Toral de los Guzmanes,24,07,León,ES413,24:171,nombre,L01241686,P2417100A,42.240901,-5.569965,Toral de los Guzmanes
24169,9,Toreno,24,07,León,ES413,24:172,nombre,L01241699,P2417200I,42.697678,-6.513105,Toreno
24170,3,Torre del Bierzo,24,07,León,ES413,24:173,nombre,L01241703,P2417300G,42.59595,-6.322879,Torre del Bierzo
24171,0,Trabadelo,24,07,León,ES413,24:174,nombre,L01241710,P2417400E,42.649288,-6.881905,Trabadelo
24172,5,Truchas,24,07,León,ES413,24:175,nombre,L01241725,P2417500B,42.259976,-6.433828,Truchas
24173,1,Turcia,24,07,León,ES413,24:176,nombre,L01241731,P2417600J,42.53415,-5.877471,Turcia
24174,6,Urdiales del Páramo,24,07,León,ES413,24:177,nombre,L01241746,P2417700H,42.371569,-5.773789,Urdiales del Páramo
24175,9,Valdefresno,24,07,León,ES413,24:178,nombre,L01241759,P2417800F,42.596444,-5.496402,Valdefresno
24176,2,Valdefuentes del Páramo,24,07,León,ES413,24:179,nombre,L01241762,P2417900D,42.323998,-5.829314,Valdefuentes del Páramo
24177,8,Valdelugueros,24,07,León,ES413,24:180,nombre,L01241778,P2418000B,42.972983,-5.412576,Lugueros
24178,4,Valdemora,24,07,León,ES413,24:181,nombre,L01241784,P2418100J,42.19557,-5.427297,Valdemora
24179,7,Valdepiélago,24,07,León,ES413,24:182,nombre,L01241797,P2418200H,42.870345,-5.400774,Valdepiélago
24180,1,Valdepolo,24,07,León,ES413,24:183,nombre,L01241801,P2418300F,42.576694,-5.262706,Quintana de Rueda
24181,8,Valderas,24,07,León,ES413,24:184,nombre,L01241818,P2418400D,42.078619,-5.445519,Valderas
24182,3,Valderrey,24,07,León,ES413,24:185,nombre,L01241823,P2418500A,42.392107,-6.020625,Estación de Valderrey
24183,9,Valderrueda,24,07,León,ES413,24:186,nombre,L01241839,P2418600I,42.788062,-4.969458,Puente Almuhey
24184,4,Valdesamario,24,07,León,ES413,24:187,nombre,L01241844,P2418700G,42.721529,-5.950417,Valdesamario
24185,7,Val de San Lorenzo,24,07,León,ES413,24:188,nombre,L01241857,P2418800E,42.416649,-6.122986,Val de San Lorenzo
24187,6,Valdevimbre,24,07,León,ES413,24:190,nombre,L01241876,P2419000A,42.420445,-5.617403,Valdevimbre
24188,2,Valencia de Don Juan,24,07,León,ES413,24:191,nombre,L01241882,P2419100I,42.293761,-5.520315,Valencia de Don Juan
24189,5,Valverde de la Virgen,24,07,León,ES413,24:192,nombre,L01241895,P2419200G,42.568129,-5.685475,Valverde de la Virgen
24190,9,Valverde-Enrique,24,07,León,ES413,24:193,nombre,L01241909,P2419300E,42.303853,-5.299186,Valverde-Enrique
24191,6,Vallecillo,24,07,León,ES413,24:194,nombre,L01241916,P2419400C,42.356156,-5.210726,Vallecillo
24193,7,"Vecilla, La",24,07,León,ES413,24:196,nombre,L01241937,P2419600H,42.848568,-5.405958,La Vecilla
24194,2,Vegacervera,24,07,León,ES413,24:197,nombre,L01241942,P2419700F,42.886461,-5.531766,Vegacervera
24196,8,Vega de Espinareda,24,07,León,ES413,24:199,nombre,L01241968,P2419900B,42.725522,-6.656214,Vega de Espinareda
24197,4,Vega de Infanzones,24,07,León,ES413,24:200,nombre,L01241974,P2420000H,42.482986,-5.533906,Vega de Infanzones
24198,0,Vega de Valcarce,24,07,León,ES413,24:201,nombre,L01241980,P2420100F,42.663791,-6.946394,Vega de Valcarce
24199,3,Vegaquemada,24,07,León,ES413,24:203,nombre,L01241993,P2420300B,42.81873,-5.33152,Vegaquemada
24201,4,Vegas del Condado,24,07,León,ES413,24:205,nombre,L01242014,P2420500G,42.684444,-5.364463,Vegas del Condado
24202,9,Villablino,24,07,León,ES413,24:206,nombre,L01242029,P2420600E,42.940057,-6.321898,Villablino
24203,5,Villabraz,24,07,León,ES413,24:207,nombre,L01242035,P2420700C,42.246864,-5.446579,Villabraz
24205,3,Villadangos del Páramo,24,07,León,ES413,24:209,nombre,L01242053,P2420900I,42.517068,-5.767015,Villadangos del Páramo
24206,6,Toral de los Vados,24,07,León,ES413,24:210,nombre,L01242066,P2421000G,42.541985,-6.774694,Toral de los Vados
24207,2,Villademor de la Vega,24,07,León,ES413,24:211,nombre,L01242072,P2421100E,42.269418,-5.569328,Villademor de la Vega
24209,1,Villafranca del Bierzo,24,07,León,ES413,24:213,nombre,L01242091,P2421300A,42.60644,-6.809778,Villafranca del Bierzo
24210,5,Villagatón,24,07,León,ES413,24:214,nombre,L01242105,P2421400I,42.631935,-6.202188,Brañuelas
24211,2,Villamandos,24,07,León,ES413,24:215,nombre,L01242112,P2421500F,42.179169,-5.592522,Villamandos
24212,7,Villamañán,24,07,León,ES413,24:216,nombre,L01242127,P2421600D,42.32194,-5.584586,Villamañán
24213,3,Villamartín de Don Sancho,24,07,León,ES413,24:217,nombre,L01242133,P2421700B,42.568838,-5.058371,Villamartín de Don Sancho
24214,8,Villamejil,24,07,León,ES413,24:218,nombre,L01242148,P2421800J,42.562652,-6.020195,Villamejil
24215,1,Villamol,24,07,León,ES413,24:219,nombre,L01242151,P2421900H,42.428552,-5.049071,Villamol
24216,4,Villamontán de la Valduerna,24,07,León,ES413,24:220,nombre,L01242164,P2422000F,42.309642,-5.999908,Villamontán de la Valduerna
24217,0,Villamoratiel de las Matas,24,07,León,ES413,24:221,nombre,L01242170,P2422100D,42.396239,-5.302869,Villamoratiel de las Matas
24218,6,Villanueva de las Manzanas,24,07,León,ES413,24:222,nombre,L01242186,P2422200B,42.470002,-5.480523,Villanueva de las Manzanas
24219,9,Villaobispo de Otero,24,07,León,ES413,24:223,nombre,L01242199,P2422300J,42.500822,-6.059605,Villaobispo de Otero
24221,0,Villaquejida,24,07,León,ES413,24:225,nombre,L01242210,P2422500E,42.146384,-5.596047,Villaquejida
24222,5,Villaquilambre,24,07,León,ES413,24:226,nombre,L01242225,P2422600C,42.638895,-5.557682,Villaquilambre
24223,1,Villarejo de Órbigo,24,07,León,ES413,24:227,nombre,L01242231,P2422700A,42.444294,-5.903423,Villarejo de Órbigo
24224,6,Villares de Órbigo,24,07,León,ES413,24:228,nombre,L01242246,P2422800I,42.470345,-5.908861,Villares de Órbigo
24225,9,Villasabariego,24,07,León,ES413,24:229,nombre,L01242259,P2422900G,42.530942,-5.414227,Villasabariego
24226,2,Villaselán,24,07,León,ES413,24:230,nombre,L01242262,P2423000E,42.561134,-5.048897,Villaselán
24227,8,Villaturiel,24,07,León,ES413,24:231,nombre,L01242278,P2423100C,42.516059,-5.486491,Villaturiel
24228,4,Villazala,24,07,León,ES413,24:233,nombre,L01242284,P2423300I,42.361221,-5.856553,Villazala
24229,7,Villazanzo de Valderaduey,24,07,León,ES413,24:234,nombre,L01242297,P2423400G,42.536562,-4.964652,Villazanzo de Valderaduey
24230,1,Zotes del Páramo,24,07,León,ES413,24:235,nombre,L01242301,P2423500D,42.272308,-5.736181,Zotes del Páramo
24901,7,Villamanín,24,07,León,ES413,24:138,nombre,L01249017,P2413800J,42.93758,-5.655688,Villamanín
24902,2,Villaornate y Castro,24,07,León,ES413,24:224,nombre,L01249022,P2422400H,42.184756,-5.550616,Villaornate
25001,9,Abella de la Conca,25,09,Lleida,ES513,25:1,nombre,L01250019,P2500100I,42.161421,1.091772,Abella de la Conca
25002,4,Àger,25,09,Lleida,ES513,25:2,nombre,L01250024,P2500200G,41.999239,0.763467,Àger
25003,0,Agramunt,25,09,Lleida,ES513,25:3,nombre,L01250030,P2500300E,41.787021,1.098853,Agramunt
25004,5,"Alamús, Els",25,09,Lleida,ES513,25:4,nombre,L01250045,P2500400C,41.615637,0.738593,els Alamús
25005,8,Alàs i Cerc,25,09,Lleida,ES513,25:5,nombre,L01250058,P2500500J,42.35188,1.508291,Alàs
25006,1,"Albagés, L'",25,09,Lleida,ES513,25:6,nombre,L01250061,P2500600H,41.448918,0.739108,l'Albagés
25007,7,Albatàrrec,25,09,Lleida,ES513,25:7,nombre,L01250077,P2500700F,41.571986,0.605075,Albatàrrec
25008,3,Albesa,25,09,Lleida,ES513,25:8,nombre,L01250083,P2500800D,41.750823,0.659631,Albesa
25009,6,"Albi, L'",25,09,Lleida,ES513,25:9,nombre,L01250096,P2500900B,41.422997,0.936201,l'Albi
25010,0,Alcanó,25,09,Lleida,ES513,25:10,nombre,L01250100,P2501000J,41.480484,0.617208,Alcanó
25011,7,Alcarràs,25,09,Lleida,ES513,25:11,nombre,L01250117,P2501100H,41.562835,0.524371,Alcarràs
25012,2,Alcoletge,25,09,Lleida,ES513,25:12,nombre,L01250122,P2501200F,41.647008,0.694343,Alcoletge
25013,8,Alfarràs,25,09,Lleida,ES513,25:13,nombre,L01250138,P2501300D,41.829586,0.569745,Alfarràs
25014,3,Alfés,25,09,Lleida,ES513,25:14,nombre,L01250143,P2501400B,41.521445,0.619324,Alfés
25015,6,Algerri,25,09,Lleida,ES513,25:15,nombre,L01250156,P2501500I,41.816175,0.638442,Algerri
25016,9,Alguaire,25,09,Lleida,ES513,25:16,nombre,L01250169,P2501600G,41.736179,0.583713,Alguaire
25017,5,Alins,25,09,Lleida,ES513,25:17,nombre,L01250175,P2501700E,42.548423,1.317331,Alins
25019,4,Almacelles,25,09,Lleida,ES513,25:19,nombre,L01250194,P2501900A,41.731456,0.436876,Almacelles
25020,8,Almatret,25,09,Lleida,ES513,25:20,nombre,L01250208,P2502000I,41.305633,0.423618,Almatret
25021,5,Almenar,25,09,Lleida,ES513,25:21,nombre,L01250215,P2502100G,41.797914,0.567667,Almenar
25022,0,Alòs de Balaguer,25,09,Lleida,ES513,25:22,nombre,L01250220,P2502200E,41.912299,0.961036,Alòs de Balaguer
25023,6,Alpicat,25,09,Lleida,ES513,25:23,nombre,L01250236,P2502300C,41.665886,0.555575,Alpicat
25024,1,Alt Àneu,25,09,Lleida,ES513,25:299,nombre,L01250241,P2514500D,42.633964,1.108604,València d'Àneu
25025,4,Naut Aran,25,09,Lleida,ES513,25:233,nombre,L01250254,P2523300H,42.707212,0.902417,Salardú
25027,3,Anglesola,25,09,Lleida,ES513,25:25,nombre,L01250273,P2502500H,41.658997,1.081437,Anglesola
25029,2,Arbeca,25,09,Lleida,ES513,25:32,nombre,L01250292,P2503200D,41.542299,0.924916,Arbeca
25030,6,"Pont de Bar, El",25,09,Lleida,ES513,25:278,nombre,L01250306,P2503500G,42.37213,1.60457,el Pont de Bar
25031,3,Arres,25,09,Lleida,ES513,25:36,nombre,L01250313,P2503600E,42.754762,0.711115,Arres de Jos
25032,8,Arsèguel,25,09,Lleida,ES513,25:39,nombre,L01250328,P2503900I,42.350697,1.582732,Arsèguel
25033,4,Artesa de Lleida,25,09,Lleida,ES513,25:40,nombre,L01250334,P2504000G,41.551717,0.703262,Artesa de Lleida
25034,9,Artesa de Segre,25,09,Lleida,ES513,25:41,nombre,L01250349,P2504100E,41.895404,1.045499,Artesa de Segre
25035,2,"Sentiu de Sió, La",25,09,Lleida,ES513,25:43,nombre,L01250352,P2504300A,41.805473,0.878154,la Sentiu de Sió
25036,5,Aspa,25,09,Lleida,ES513,25:44,nombre,L01250365,P2504400I,41.495378,0.67229,Aspa
25037,1,"Avellanes i Santa Linya, Les",25,09,Lleida,ES513,25:45,nombre,L01250371,P2504500F,41.908168,0.764936,les Avellanes
25038,7,Aitona,25,09,Lleida,ES513,25:46,nombre,L01250387,P2504600D,41.494392,0.458504,Aitona
25039,0,Baix Pallars,25,09,Lleida,ES513,25:126,nombre,L01250390,P2512600D,42.32221,1.063227,Gerri de la Sal
25040,4,Balaguer,25,09,Lleida,ES513,25:49,nombre,L01250404,P2504900H,41.789522,0.804592,Balaguer
25041,1,Barbens,25,09,Lleida,ES513,25:50,nombre,L01250411,P2505000F,41.679118,1.01853,Barbens
25042,6,"Baronia de Rialb, La",25,09,Lleida,ES513,25:51,nombre,L01250426,P2505100D,41.927866,1.198289,Gualter
25043,2,"Vall de Boí, La",25,09,Lleida,ES513,25:52,nombre,L01250432,P2505200B,42.504784,0.802755,Barruera
25044,7,Bassella,25,09,Lleida,ES513,25:53,nombre,L01250447,P2505300J,42.006011,1.29445,Bassella
25045,0,Bausen,25,09,Lleida,ES513,25:54,nombre,L01250450,P2505400H,42.834837,0.715778,Bausen
25046,3,Belianes,25,09,Lleida,ES513,25:55,nombre,L01250463,P2505500E,41.561849,1.017681,Belianes
25047,9,Bellcaire d'Urgell,25,09,Lleida,ES513,25:56,nombre,L01250479,P2505600C,41.759448,0.905955,Bellcaire d'Urgell
25048,5,Bell-lloc d'Urgell,25,09,Lleida,ES513,25:57,nombre,L01250485,P2505700A,41.62999,0.779479,Bell-lloc d'Urgell
25049,8,Bellmunt d'Urgell,25,09,Lleida,ES513,25:58,nombre,L01250498,P2505800I,41.774397,0.95259,Bellmunt d'Urgell
25050,1,Bellpuig,25,09,Lleida,ES513,25:59,nombre,L01250501,P2505900G,41.625421,1.011693,Bellpuig
25051,8,Bellver de Cerdanya,25,09,Lleida,ES513,25:60,nombre,L01250518,P2506000E,42.37076,1.774435,Bellver de Cerdanya
25052,3,Bellvís,25,09,Lleida,ES513,25:61,nombre,L01250523,P2506100C,41.672193,0.817508,Bellvís
25053,9,Benavent de Segrià,25,09,Lleida,ES513,25:63,nombre,L01250539,P2506300I,41.694478,0.63451,Benavent de Segrià
25055,7,Biosca,25,09,Lleida,ES513,25:67,nombre,L01250557,P2506700J,41.841799,1.35833,Biosca
25056,0,Bovera,25,09,Lleida,ES513,25:68,nombre,L01250560,P2506800H,41.326561,0.638283,Bovera
25057,6,"Bòrdes, Es",25,09,Lleida,ES513,25:69,nombre,L01250576,P2506900F,42.737955,0.720098,Es Bòrdes
25058,2,"Borges Blanques, Les",25,09,Lleida,ES513,25:70,nombre,L01250582,P2507000D,41.520755,0.869092,les Borges Blanques
25059,5,Bossòst,25,09,Lleida,ES513,25:71,nombre,L01250595,P2507100B,42.785657,0.692364,Bossòst
25060,9,Cabanabona,25,09,Lleida,ES513,25:72,nombre,L01250609,P2507200J,41.851593,1.217176,Cabanabona
25061,6,Cabó,25,09,Lleida,ES513,25:73,nombre,L01250616,P2507300H,42.237192,1.246968,Cabó
25062,1,Camarasa,25,09,Lleida,ES513,25:74,nombre,L01250621,P2507400F,41.875211,0.877657,Camarasa
25063,7,Canejan,25,09,Lleida,ES513,25:75,nombre,L01250637,P2507500C,42.838133,0.740063,Canejan
25064,2,Castellar de la Ribera,25,09,Lleida,ES513,25:76,nombre,L01250642,P2507600A,,,
25067,4,Castelldans,25,09,Lleida,ES513,25:79,nombre,L01250674,P2507900E,41.496385,0.765508,Castelldans
25068,0,Castellnou de Seana,25,09,Lleida,ES513,25:80,nombre,L01250680,P2508000C,41.648208,0.971248,Castellnou de Seana
25069,3,Castelló de Farfanya,25,09,Lleida,ES513,25:81,nombre,L01250693,P2508100A,41.820497,0.727369,Castelló de Farfanya
25070,7,Castellserà,25,09,Lleida,ES513,25:82,nombre,L01250707,P2508200I,41.746932,0.985718,Castellserà
25071,4,Cava,25,09,Lleida,ES513,25:83,nombre,L01250714,P2508300G,42.325185,1.584003,Ansovell
25072,9,Cervera,25,09,Lleida,ES513,25:84,nombre,L01250729,P2508400E,41.665528,1.270952,Cervera
25073,5,Cervià de les Garrigues,25,09,Lleida,ES513,25:85,nombre,L01250735,P2508500B,41.424562,0.859221,Cervià de les Garrigues
25074,0,Ciutadilla,25,09,Lleida,ES513,25:86,nombre,L01250740,P2508600J,41.561533,1.139102,Ciutadilla
25075,3,Clariana de Cardener,25,09,Lleida,ES513,25:89,nombre,L01250753,P2508900D,,,
25076,6,"Cogul, El",25,09,Lleida,ES513,25:91,nombre,L01250766,P2509100J,41.467173,0.689541,el Cogul
25077,2,Coll de Nargó,25,09,Lleida,ES513,25:92,nombre,L01250772,P2509200H,42.173527,1.315673,Coll de Nargó
25078,8,Corbins,25,09,Lleida,ES513,25:94,nombre,L01250788,P2509400D,41.690684,0.692896,Corbins
25079,1,Cubells,25,09,Lleida,ES513,25:95,nombre,L01250791,P2509500A,41.85278,0.957143,Cubells
25081,2,"Espluga Calba, L'",25,09,Lleida,ES513,25:102,nombre,L01250812,P2510200E,41.49499,1.005215,l'Espluga Calba
25082,7,Espot,25,09,Lleida,ES513,25:104,nombre,L01250827,P2510400A,42.575549,1.089945,Espot
25085,1,Estaràs,25,09,Lleida,ES513,25:107,nombre,L01250851,P2510700D,41.691717,1.3785,Estaràs
25086,4,Esterri d'Àneu,25,09,Lleida,ES513,25:108,nombre,L01250864,P2510800B,42.628685,1.122847,Esterri d'Àneu
25087,0,Esterri de Cardós,25,09,Lleida,ES513,25:109,nombre,L01250870,P2510900J,42.592302,1.261884,Esterri de Cardós
25088,6,Estamariu,25,09,Lleida,ES513,25:110,nombre,L01250886,P2511000H,42.372936,1.522495,Estamariu
25089,9,Farrera,25,09,Lleida,ES513,25:111,nombre,L01250899,P2511100F,42.503854,1.273509,Burg
25092,5,"Floresta, La",25,09,Lleida,ES513,25:117,nombre,L01250925,P2511700C,41.509809,0.920108,la Floresta
25093,1,Fondarella,25,09,Lleida,ES513,25:118,nombre,L01250931,P2511800A,41.635053,0.873631,Fondarella
25094,6,Foradada,25,09,Lleida,ES513,25:120,nombre,L01250946,P2512000G,41.8769,1.012402,Foradada
25096,2,"Fuliola, La",25,09,Lleida,ES513,25:122,nombre,L01250962,P2512200C,41.714537,1.018956,la Fuliola
25097,8,Fulleda,25,09,Lleida,ES513,25:123,nombre,L01250978,P2512300A,41.463616,1.024003,Fulleda
25098,4,Gavet de la Conca,25,09,Lleida,ES513,25:241,nombre,L01250984,P2503000H,42.123608,0.920138,Gavet de la Conca
25099,7,Golmés,25,09,Lleida,ES513,25:128,nombre,L01250997,P2512800J,41.632252,0.932779,Golmés
25100,1,Gósol,25,09,Lleida,ES513,25:129,nombre,L01251001,P2512900H,42.237136,1.660554,Gósol
25101,8,"Granadella, La",25,09,Lleida,ES513,25:130,nombre,L01251018,P2513000F,41.355748,0.664455,la Granadella
25102,3,"Granja d'Escarp, La",25,09,Lleida,ES513,25:131,nombre,L01251023,P2513100D,41.418351,0.352127,la Granja d'Escarp
25103,9,Granyanella,25,09,Lleida,ES513,25:132,nombre,L01251039,P2513200B,41.668103,1.228793,la Curullada
25104,4,Granyena de Segarra,25,09,Lleida,ES513,25:133,nombre,L01251044,P2513300J,41.623734,1.246877,Granyena de Segarra
25105,7,Granyena de les Garrigues,25,09,Lleida,ES513,25:134,nombre,L01251057,P2513400H,41.432584,0.650133,Granyena de les Garrigues
25109,5,Guimerà,25,09,Lleida,ES513,25:138,nombre,L01251095,P2513800I,41.564224,1.183633,Guimerà
25110,9,Guissona,25,09,Lleida,ES513,25:139,nombre,L01251109,P2513900G,41.784559,1.287908,Guissona
25111,6,Guixers,25,09,Lleida,ES513,25:140,nombre,L01251116,P2514000E,,,
25112,1,Ivars de Noguera,25,09,Lleida,ES513,25:142,nombre,L01251121,P2514200A,41.850423,0.586017,Ivars de Noguera
25113,7,Ivars d'Urgell,25,09,Lleida,ES513,25:143,nombre,L01251137,P2514300I,41.681948,0.986779,Ivars d'Urgell
25114,2,Ivorra,25,09,Lleida,ES513,25:144,nombre,L01251142,P2514400G,41.771747,1.396124,Ivorra
25115,5,Isona i Conca Dellà,25,09,Lleida,ES513,25:146,nombre,L01251155,P2514600B,42.116963,1.043951,Isona
25118,0,Juncosa,25,09,Lleida,ES513,25:149,nombre,L01251180,P2514900F,41.37144,0.77557,Juncosa
25119,3,Juneda,25,09,Lleida,ES513,25:150,nombre,L01251193,P2515000D,41.548953,0.825193,Juneda
25120,7,Lleida,25,09,Lleida,ES513,25:900,nombre,L01251207,P2515100B,41.614704,0.626734,Lleida
25121,4,Les,25,09,Lleida,ES513,25:152,nombre,L01251214,P2515200J,42.809934,0.710392,Les
25122,9,Linyola,25,09,Lleida,ES513,25:153,nombre,L01251229,P2515300H,41.71024,0.904352,Linyola
25123,5,Lladorre,25,09,Lleida,ES513,25:154,nombre,L01251235,P2515400F,42.621109,1.249831,Lladorre
25124,0,Lladurs,25,09,Lleida,ES513,25:155,nombre,L01251240,P2515500C,,,
25125,3,Llardecans,25,09,Lleida,ES513,25:157,nombre,L01251253,P2515700I,41.374104,0.550546,Llardecans
25126,6,Llavorsí,25,09,Lleida,ES513,25:158,nombre,L01251266,P2515800G,42.497488,1.20881,Llavorsí
25127,2,Lles de Cerdanya,25,09,Lleida,ES513,25:159,nombre,L01251272,P2515900E,42.390452,1.687654,Lles de Cerdanya
25128,8,Llimiana,25,09,Lleida,ES513,25:162,nombre,L01251288,P2516200I,42.074884,0.91583,Llimiana
25129,1,Llobera,25,09,Lleida,ES513,25:163,nombre,L01251291,P2516300G,,,
25130,5,Maldà,25,09,Lleida,ES513,25:164,nombre,L01251305,P2516400E,41.551147,1.040184,Maldà
25131,2,Massalcoreig,25,09,Lleida,ES513,25:166,nombre,L01251312,P2516600J,41.459266,0.359155,Massalcoreig
25132,7,Massoteres,25,09,Lleida,ES513,25:167,nombre,L01251327,P2516700H,41.797428,1.31052,Massoteres
25133,3,Maials,25,09,Lleida,ES513,25:168,nombre,L01251333,P2516800F,41.364895,0.504172,Maials
25134,8,Menàrguens,25,09,Lleida,ES513,25:169,nombre,L01251348,P2516900D,41.729461,0.743292,Menàrguens
25135,1,Miralcamp,25,09,Lleida,ES513,25:170,nombre,L01251351,P2517000B,41.606092,0.879523,Miralcamp
25136,4,"Molsosa, La",25,09,Lleida,ES513,25:171,nombre,L01251364,P2517100J,41.797667,1.579464,Prades
25137,0,Mollerussa,25,09,Lleida,ES513,25:172,nombre,L01251370,P2517200H,41.629871,0.894139,Mollerussa
25138,6,Montgai,25,09,Lleida,ES513,25:174,nombre,L01251386,P2517400D,41.799606,0.960933,Montgai
25139,9,Montellà i Martinet,25,09,Lleida,ES513,25:177,nombre,L01251399,P2517700G,42.360065,1.695086,Martinet
25140,3,Montferrer i Castellbò,25,09,Lleida,ES513,25:28,nombre,L01251403,P2502800B,42.346383,1.424213,Montferrer
25141,0,Montoliu de Segarra,25,09,Lleida,ES513,25:178,nombre,L01251410,P2517800E,41.590281,1.269998,Montoliu de Segarra
25142,5,Montoliu de Lleida,25,09,Lleida,ES513,25:179,nombre,L01251425,P2517900C,41.560541,0.588493,Montoliu de Lleida
25143,1,Montornès de Segarra,25,09,Lleida,ES513,25:180,nombre,L01251431,P2518000A,41.600831,1.229985,Montornès de Segarra
25145,9,Nalec,25,09,Lleida,ES513,25:183,nombre,L01251459,P2518300E,41.559837,1.11516,Nalec
25146,2,Navès,25,09,Lleida,ES513,25:184,nombre,L01251462,P2518400C,41.992301,1.636792,Navès
25148,4,Odèn,25,09,Lleida,ES513,25:186,nombre,L01251484,P2518600H,42.138011,1.389278,Cambrils
25149,7,Oliana,25,09,Lleida,ES513,25:187,nombre,L01251497,P2518700F,42.066138,1.311865,Oliana
25150,0,Oliola,25,09,Lleida,ES513,25:188,nombre,L01251500,P2518800D,41.875657,1.173844,Oliola
25151,7,Olius,25,09,Lleida,ES513,25:189,nombre,L01251517,P2518900B,41.977733,1.555083,el Pi de Sant Just
25152,2,"Oluges, Les",25,09,Lleida,ES513,25:190,nombre,L01251522,P2519000J,41.697104,1.319346,les Oluges
25153,8,"Omellons, Els",25,09,Lleida,ES513,25:191,nombre,L01251538,P2519100H,41.501106,0.959899,els Omellons
25154,3,"Omells de na Gaia, Els",25,09,Lleida,ES513,25:192,nombre,L01251543,P2519200F,41.499963,1.074835,els Omells de na Gaia
25155,6,Organyà,25,09,Lleida,ES513,25:194,nombre,L01251556,P2519400B,42.210636,1.327347,Organyà
25156,9,Os de Balaguer,25,09,Lleida,ES513,25:196,nombre,L01251569,P2519600G,41.871741,0.719174,Os de Balaguer
25157,5,Ossó de Sió,25,09,Lleida,ES513,25:197,nombre,L01251575,P2519700E,41.754595,1.15937,Ossó de Sió
25158,1,"Palau d'Anglesola, El",25,09,Lleida,ES513,25:198,nombre,L01251581,P2519800C,41.651618,0.880805,el Palau d'Anglesola
25161,5,Conca de Dalt,25,09,Lleida,ES513,25:90,nombre,L01251615,P2502900J,42.243139,0.971477,el Pont de Claverol
25163,6,"Coma i la Pedra, La",25,09,Lleida,ES513,25:203,nombre,L01251636,P2520300A,42.175235,1.591022,la Coma
25164,1,Penelles,25,09,Lleida,ES513,25:204,nombre,L01251641,P2520400I,41.758044,0.965555,Penelles
25165,4,Peramola,25,09,Lleida,ES513,25:206,nombre,L01251654,P2520600D,42.057838,1.268256,Peramola
25166,7,Pinell de Solsonès,25,09,Lleida,ES513,25:207,nombre,L01251667,P2520700B,41.949911,1.41823,Sant Climenç
25167,3,Pinós,25,09,Lleida,ES513,25:208,nombre,L01251673,P2520800J,41.851394,1.518943,Ardèvol
25168,9,"Poal, El",25,09,Lleida,ES513,25:210,nombre,L01251689,P2521000F,41.678367,0.856858,el Poal
25169,2,"Pobla de Cérvoles, La",25,09,Lleida,ES513,25:211,nombre,L01251692,P2521100D,41.368152,0.915296,la Pobla de Cérvoles
25170,6,Bellaguarda,25,09,Lleida,ES513,25:212,nombre,L01251706,P2521200B,41.336754,0.738531,Bellaguarda
25171,3,"Pobla de Segur, La",25,09,Lleida,ES513,25:213,nombre,L01251713,P2521300J,42.24997,0.969157,la Pobla de Segur
25172,8,Ponts,25,09,Lleida,ES513,25:215,nombre,L01251728,P2521500E,41.915401,1.186371,Ponts
25173,4,"Pont de Suert, El",25,09,Lleida,ES513,25:216,nombre,L01251734,P2521600C,42.407567,0.740312,el Pont de Suert
25174,9,"Portella, La",25,09,Lleida,ES513,25:217,nombre,L01251749,P2521700A,41.739757,0.639009,la Portella
25175,2,Prats i Sansor,25,09,Lleida,ES513,25:218,nombre,L01251752,P2521800I,42.365149,1.836841,Prats
25176,5,Preixana,25,09,Lleida,ES513,25:219,nombre,L01251765,P2521900G,41.60628,1.038801,Preixana
25177,1,Preixens,25,09,Lleida,ES513,25:220,nombre,L01251771,P2522000E,41.793147,1.048397,Preixens
25179,0,Prullans,25,09,Lleida,ES513,25:222,nombre,L01251790,P2522200A,42.378227,1.738386,Prullans
25180,4,Puiggròs,25,09,Lleida,ES513,25:223,nombre,L01251804,P2522300I,41.551672,0.889431,Puiggròs
25181,1,Puigverd d'Agramunt,25,09,Lleida,ES513,25:224,nombre,L01251811,P2522400G,41.777781,1.121657,Puigverd d'Agramunt
25182,6,Puigverd de Lleida,25,09,Lleida,ES513,25:225,nombre,L01251826,P2522500D,41.543454,0.733212,Puigverd de Lleida
25183,2,Rialp,25,09,Lleida,ES513,25:226,nombre,L01251832,P2522600B,42.44396,1.136046,Rialp
25185,0,Ribera d'Urgellet,25,09,Lleida,ES513,25:209,nombre,L01251850,P2520900H,42.316158,1.384638,el Pla de Sant Tirs
25186,3,Riner,25,09,Lleida,ES513,25:228,nombre,L01251863,P2522800H,41.921686,1.567455,Freixinet
25189,8,Rosselló,25,09,Lleida,ES513,25:232,nombre,L01251898,P2523200J,41.695838,0.596086,Rosselló
25190,2,Salàs de Pallars,25,09,Lleida,ES513,25:234,nombre,L01251902,P2523400F,42.212023,0.932337,Salàs de Pallars
25191,9,Sanaüja,25,09,Lleida,ES513,25:235,nombre,L01251919,P2523500C,41.875719,1.309523,Sanaüja
25192,4,Sant Guim de Freixenet,25,09,Lleida,ES513,25:236,nombre,L01251924,P2523600A,41.655746,1.419026,Sant Guim de Freixenet
25193,0,Sant Llorenç de Morunys,25,09,Lleida,ES513,25:237,nombre,L01251930,P2523700I,42.137197,1.590047,Sant Llorenç de Morunys
25194,5,Sant Ramon,25,09,Lleida,ES513,25:238,nombre,L01251945,P2523800G,41.72471,1.35908,Sant Ramon
25196,1,Sant Esteve de la Sarga,25,09,Lleida,ES513,25:242,nombre,L01251961,P2524200I,42.079678,0.763758,Sant Esteve de la Sarga
25197,7,Sant Guim de la Plana,25,09,Lleida,ES513,25:243,nombre,L01251977,P2524300G,41.763001,1.324353,Sant Guim de la Plana
25200,0,Sarroca de Lleida,25,09,Lleida,ES513,25:249,nombre,L01252000,P2524900D,41.458826,0.560793,Sarroca de Lleida
25201,7,Sarroca de Bellera,25,09,Lleida,ES513,25:250,nombre,L01252017,P2525000B,42.360066,0.88163,Sarroca de Bellera
25202,2,Senterada,25,09,Lleida,ES513,25:251,nombre,L01252022,P2525100J,42.326034,0.936768,Senterada
25203,8,"Seu d'Urgell, La",25,09,Lleida,ES513,25:252,nombre,L01252038,P2525200H,42.35802,1.462452,la Seu d'Urgell
25204,3,Seròs,25,09,Lleida,ES513,25:254,nombre,L01252043,P2525400D,41.463796,0.411036,Seròs
25205,6,Sidamon,25,09,Lleida,ES513,25:255,nombre,L01252056,P2525500A,41.628587,0.832198,Sidamon
25206,9,"Soleràs, El",25,09,Lleida,ES513,25:256,nombre,L01252069,P2525600I,41.414123,0.682829,el Soleràs
25207,5,Solsona,25,09,Lleida,ES513,25:257,nombre,L01252075,P2525700G,41.994737,1.517122,Solsona
25208,1,Soriguera,25,09,Lleida,ES513,25:259,nombre,L01252081,P2525900C,42.379883,1.16145,Vilamur
25209,4,Sort,25,09,Lleida,ES513,25:261,nombre,L01252094,P2526100I,42.413021,1.131201,Sort
25210,8,Soses,25,09,Lleida,ES513,25:262,nombre,L01252108,P2526200G,41.532976,0.487318,Soses
25211,5,Sudanell,25,09,Lleida,ES513,25:263,nombre,L01252115,P2526300E,41.55771,0.567039,Sudanell
25212,0,Sunyer,25,09,Lleida,ES513,25:264,nombre,L01252120,P2526400C,41.523261,0.592572,Sunyer
25215,4,Talarn,25,09,Lleida,ES513,25:268,nombre,L01252154,P2526800D,42.185389,0.899931,Talarn
25216,7,Talavera,25,09,Lleida,ES513,25:269,nombre,L01252167,P2526900B,41.583373,1.344235,Talavera
25217,3,Tàrrega,25,09,Lleida,ES513,25:272,nombre,L01252173,P2527200F,41.646349,1.138946,Tàrrega
25218,9,Tarrés,25,09,Lleida,ES513,25:273,nombre,L01252189,P2527300D,41.42302,1.019334,Tarrés
25219,2,Tarroja de Segarra,25,09,Lleida,ES513,25:274,nombre,L01252192,P2527400B,41.730396,1.27656,Tarroja de Segarra
25220,6,Térmens,25,09,Lleida,ES513,25:275,nombre,L01252206,P2527500I,41.717204,0.760183,Térmens
25221,3,Tírvia,25,09,Lleida,ES513,25:276,nombre,L01252213,P2527600G,42.514949,1.24303,Tírvia
25222,8,Tiurana,25,09,Lleida,ES513,25:277,nombre,L01252228,P2527700E,41.976036,1.255375,Tiurana
25223,4,Torà,25,09,Lleida,ES513,25:279,nombre,L01252234,P2527900A,41.812979,1.402819,Torà
25224,9,"Torms, Els",25,09,Lleida,ES513,25:281,nombre,L01252249,P2528100G,41.394188,0.719905,els Torms
25225,2,Tornabous,25,09,Lleida,ES513,25:282,nombre,L01252252,P2528200E,41.701671,1.052854,Tornabous
25226,5,Torrebesses,25,09,Lleida,ES513,25:283,nombre,L01252265,P2528300C,41.426536,0.594555,Torrebesses
25227,1,"Torre de Cabdella, La",25,09,Lleida,ES513,25:284,nombre,L01252271,P2528400A,42.42139,0.982237,la Torre de Cabdella
25228,7,Torrefarrera,25,09,Lleida,ES513,25:285,nombre,L01252287,P2528500H,41.673148,0.606887,Torrefarrera
25230,4,Torregrossa,25,09,Lleida,ES513,25:287,nombre,L01252304,P2528700D,41.580115,0.831897,Torregrossa
25231,1,Torrelameu,25,09,Lleida,ES513,25:288,nombre,L01252311,P2528800B,41.70441,0.703403,Torrelameu
25232,6,Torres de Segre,25,09,Lleida,ES513,25:289,nombre,L01252326,P2528900J,41.535212,0.513626,Torres de Segre
25233,2,Torre-serona,25,09,Lleida,ES513,25:290,nombre,L01252332,P2529000H,41.672982,0.631008,Torre-serona
25234,7,Tremp,25,09,Lleida,ES513,25:295,nombre,L01252347,P2529500G,42.166938,0.895934,Tremp
25238,5,Vallbona de les Monges,25,09,Lleida,ES513,25:300,nombre,L01252385,P2530000E,41.525098,1.088057,Vallbona de les Monges
25239,8,"Valls de Valira, Les",25,09,Lleida,ES513,25:26,nombre,L01252398,P2502600F,42.379086,1.456478,Anserall
25240,2,Vallfogona de Balaguer,25,09,Lleida,ES513,25:301,nombre,L01252402,P2530100C,41.752382,0.815685,Vallfogona de Balaguer
25242,4,Verdú,25,09,Lleida,ES513,25:303,nombre,L01252424,P2530300I,41.610391,1.143101,Verdú
25243,0,Vielha e Mijaran,25,09,Lleida,ES513,25:304,nombre,L01252430,P2530400G,42.701784,0.795493,Vielha
25244,5,Vilagrassa,25,09,Lleida,ES513,25:306,nombre,L01252445,P2530600B,41.648141,1.106706,Vilagrassa
25245,8,Vilaller,25,09,Lleida,ES513,25:307,nombre,L01252458,P2530700J,42.476291,0.716926,Vilaller
25247,7,Vilamòs,25,09,Lleida,ES513,25:309,nombre,L01252477,P2530900F,42.747348,0.726811,Vilamòs
25248,3,Vilanova de Bellpuig,25,09,Lleida,ES513,25:310,nombre,L01252483,P2531000D,41.614822,0.961211,Vilanova de Bellpuig
25249,6,Vilanova de l'Aguda,25,09,Lleida,ES513,25:311,nombre,L01252496,P2531100B,41.911458,1.252711,Vilanova de l'Aguda
25250,9,Vilanova de Meià,25,09,Lleida,ES513,25:312,nombre,L01252509,P2531200J,41.995577,1.023504,Vilanova de Meià
25251,6,Vilanova de Segrià,25,09,Lleida,ES513,25:313,nombre,L01252516,P2531300H,41.712446,0.618993,Vilanova de Segrià
25252,1,Vila-sana,25,09,Lleida,ES513,25:314,nombre,L01252521,P2531400F,41.663432,0.927243,Vila-sana
25253,7,"Vilosell, El",25,09,Lleida,ES513,25:316,nombre,L01252537,P2531600A,41.383291,0.946582,el Vilosell
25254,2,Vilanova de la Barca,25,09,Lleida,ES513,25:317,nombre,L01252542,P2531700I,41.69128,0.729134,Vilanova de la Barca
25255,5,Vinaixa,25,09,Lleida,ES513,25:319,nombre,L01252555,P2531900E,41.428129,0.975023,Vinaixa
25901,0,Vall de Cardós,25,09,Lleida,ES513,25:227,nombre,L01259010,P2522700J,42.563615,1.22763,Ribera de Cardós
25902,5,Sant Martí de Riucorb,25,09,Lleida,ES513,25:244,nombre,L01259025,P2524400E,41.559825,1.054179,Sant Martí de Maldà
25903,1,"Guingueta d'Àneu, La",25,09,Lleida,ES513,25:148,nombre,L01259031,P2514800H,42.595061,1.131355,la Guingueta d'Àneu
25904,6,Castell de Mur,25,09,Lleida,ES513,25:136,nombre,L01259046,P2518100I,42.091758,0.876723,Guàrdia de Noguera
25905,9,Ribera d'Ondara,25,09,Lleida,ES513,25:240,nombre,L01259059,P2524000C,41.627999,1.341903,Sant Antolí i Vilanova
25906,2,"Valls d'Aguilar, Les",25,09,Lleida,ES513,25:185,nombre,L01259062,P2518500J,42.293933,1.341744,Noves de Segre
25907,8,Torrefeta i Florejacs,25,09,Lleida,ES513,25:286,nombre,L01259078,P2528600F,41.754433,1.274872,Torrefeta
25908,4,Fígols i Alinyà,25,09,Lleida,ES513,25:112,nombre,L01259084,P2511200D,42.202423,1.338772,Fígols
25909,7,"Vansa i Fórnols, La",25,09,Lleida,ES513,25:302,nombre,L01259097,P2512100E,42.233716,1.48046,Sorribes de la Vansa
25910,1,Josa i Tuixén,25,09,Lleida,ES513,25:147,nombre,L01259101,P2529700C,42.231258,1.566458,Tuixent
25911,8,"Plans de Sió, Els",25,09,Lleida,ES513,25:31,nombre,L01259118,P2520000G,41.761361,1.197058,les Pallargues
25912,3,Gimenells i el Pla de la Font,25,09,Lleida,ES513,25:321,nombre,L01259123,P2533700G,41.652535,0.389514,Gimenells
25913,9,Riu de Cerdanya,25,09,Lleida,ES513,25:229,nombre,L01259139,P2500007F,42.345709,1.826251,Riu de Cerdanya
26001,2,Ábalos,26,17,"Rioja, La",ES230,26:1,nombre,L01260012,P2600100H,42.57378,-2.710604,Ábalos
26002,7,Agoncillo,26,17,"Rioja, La",ES230,26:2,nombre,L01260027,P2600200F,42.4463,-2.291578,Agoncillo
26003,3,Aguilar del Río Alhama,26,17,"Rioja, La",ES230,26:3,nombre,L01260033,P2600300D,41.961591,-1.993475,Aguilar del Río Alhama
26004,8,Ajamil de Cameros,26,17,"Rioja, La",ES230,26:4,nombre,L01260048,P2600400B,42.167458,-2.487824,Ajamil de Cameros
26005,1,Albelda de Iregua,26,17,"Rioja, La",ES230,26:5,nombre,L01260051,P2600500I,42.35833,-2.473387,Albelda de Iregua
26006,4,Alberite,26,17,"Rioja, La",ES230,26:6,nombre,L01260064,P2600600G,42.405969,-2.441253,Alberite
26007,0,Alcanadre,26,17,"Rioja, La",ES230,26:7,nombre,L01260070,P2600700E,42.405018,-2.120045,Alcanadre
26008,6,Aldeanueva de Ebro,26,17,"Rioja, La",ES230,26:8,nombre,L01260086,P2600800C,42.229207,-1.887198,Aldeanueva de Ebro
26009,9,Alesanco,26,17,"Rioja, La",ES230,26:9,nombre,L01260099,P2600900A,42.414004,-2.817288,Alesanco
26010,3,Alesón,26,17,"Rioja, La",ES230,26:10,nombre,L01260103,P2601000I,42.405142,-2.690793,Alesón
26011,0,Alfaro,26,17,"Rioja, La",ES230,26:11,nombre,L01260110,P2601100G,42.179314,-1.750092,Alfaro
26012,5,Almarza de Cameros,26,17,"Rioja, La",ES230,26:12,nombre,L01260125,P2601200E,42.216072,-2.597748,Almarza de Cameros
26013,1,Anguciana,26,17,"Rioja, La",ES230,26:13,nombre,L01260131,P2601300C,42.575517,-2.902816,Anguciana
26014,6,Anguiano,26,17,"Rioja, La",ES230,26:14,nombre,L01260146,P2601400A,42.261295,-2.764757,Anguiano
26015,9,Arenzana de Abajo,26,17,"Rioja, La",ES230,26:15,nombre,L01260159,P2601500H,42.386633,-2.71927,Arenzana de Abajo
26016,2,Arenzana de Arriba,26,17,"Rioja, La",ES230,26:16,nombre,L01260162,P2601600F,42.387546,-2.694217,Arenzana de Arriba
26017,8,Arnedillo,26,17,"Rioja, La",ES230,26:17,nombre,L01260178,P2601700D,42.211936,-2.234959,Arnedillo
26018,4,Arnedo,26,17,"Rioja, La",ES230,26:18,nombre,L01260184,P2601800B,42.227805,-2.100121,Arnedo
26019,7,Arrúbal,26,17,"Rioja, La",ES230,26:19,nombre,L01260197,P2601900J,42.43564,-2.251388,Arrúbal
26020,1,Ausejo,26,17,"Rioja, La",ES230,26:20,nombre,L01260201,P2602000H,42.345687,-2.170089,Ausejo
26021,8,Autol,26,17,"Rioja, La",ES230,26:21,nombre,L01260218,P2602100F,42.215427,-2.006641,Autol
26022,3,Azofra,26,17,"Rioja, La",ES230,26:22,nombre,L01260223,P2602200D,42.424002,-2.800939,Azofra
26023,9,Badarán,26,17,"Rioja, La",ES230,26:23,nombre,L01260239,P2602300B,42.367907,-2.808611,Badarán
26024,4,Bañares,26,17,"Rioja, La",ES230,26:24,nombre,L01260244,P2602400J,42.468456,-2.911149,Bañares
26025,7,Baños de Rioja,26,17,"Rioja, La",ES230,26:25,nombre,L01260257,P2602500G,42.512483,-2.944032,Baños de Rioja
26026,0,Baños de Río Tobía,26,17,"Rioja, La",ES230,26:26,nombre,L01260260,P2602600E,42.334828,-2.76147,Baños de Río Tobía
26027,6,Berceo,26,17,"Rioja, La",ES230,26:27,nombre,L01260276,P2602700C,42.33808,-2.852243,Berceo
26028,2,Bergasa,26,17,"Rioja, La",ES230,26:28,nombre,L01260282,P2602800A,42.253011,-2.130798,Bergasa
26029,5,Bergasillas Bajera,26,17,"Rioja, La",ES230,26:29,nombre,L01260295,P2602900I,42.244418,-2.158533,Bergasillas Bajera
26030,9,Bezares,26,17,"Rioja, La",ES230,26:30,nombre,L01260309,P2603000G,42.370128,-2.670797,Bezares
26031,6,Bobadilla,26,17,"Rioja, La",ES230,26:31,nombre,L01260316,P2603100E,42.317577,-2.759412,Bobadilla
26032,1,Brieva de Cameros,26,17,"Rioja, La",ES230,26:32,nombre,L01260321,P2603200C,42.164761,-2.79454,Brieva de Cameros
26033,7,Briñas,26,17,"Rioja, La",ES230,26:33,nombre,L01260337,P2603300A,42.601212,-2.830588,Briñas
26034,2,Briones,26,17,"Rioja, La",ES230,26:34,nombre,L01260342,P2603400I,42.543583,-2.784921,Briones
26035,5,Cabezón de Cameros,26,17,"Rioja, La",ES230,26:35,nombre,L01260355,P2603500F,42.196846,-2.520497,Cabezón de Cameros
26036,8,Calahorra,26,17,"Rioja, La",ES230,26:36,nombre,L01260368,P2603600D,42.303608,-1.965183,Calahorra
26037,4,Camprovín,26,17,"Rioja, La",ES230,26:37,nombre,L01260374,P2603700B,42.353905,-2.722632,Camprovín
26038,0,Canales de la Sierra,26,17,"Rioja, La",ES230,26:38,nombre,L01260380,P2603800J,42.141649,-3.024496,Canales de la Sierra
26039,3,Canillas de Río Tuerto,26,17,"Rioja, La",ES230,26:39,nombre,L01260393,P2603900H,42.39919,-2.84134,Canillas de Río Tuerto
26040,7,Cañas,26,17,"Rioja, La",ES230,26:40,nombre,L01260407,P2604000F,42.391495,-2.848251,Cañas
26041,4,Cárdenas,26,17,"Rioja, La",ES230,26:41,nombre,L01260414,P2604100D,42.374204,-2.767219,Cárdenas
26042,9,Casalarreina,26,17,"Rioja, La",ES230,26:42,nombre,L01260429,P2604200B,42.548282,-2.912976,Casalarreina
26043,5,Castañares de Rioja,26,17,"Rioja, La",ES230,26:43,nombre,L01260435,P2604300J,42.512022,-2.931881,Castañares de Rioja
26044,0,Castroviejo,26,17,"Rioja, La",ES230,26:44,nombre,L01260440,P2604400H,42.329748,-2.661621,Castroviejo
26045,3,Cellorigo,26,17,"Rioja, La",ES230,26:45,nombre,L01260453,P2604500E,42.626861,-3.000884,Cellorigo
26046,6,Cenicero,26,17,"Rioja, La",ES230,26:46,nombre,L01260466,P2604600C,42.48171,-2.642233,Cenicero
26047,2,Cervera del Río Alhama,26,17,"Rioja, La",ES230,26:47,nombre,L01260472,P2604700A,42.006905,-1.951957,Cervera del Río Alhama
26048,8,Cidamón,26,17,"Rioja, La",ES230,26:48,nombre,L01260488,P2604800I,42.494896,-2.879139,Cidamón
26049,1,Cihuri,26,17,"Rioja, La",ES230,26:49,nombre,L01260491,P2604900G,42.564404,-2.922403,Cihuri
26050,4,Cirueña,26,17,"Rioja, La",ES230,26:50,nombre,L01260504,P2605000E,42.410838,-2.896023,Cirueña
26051,1,Clavijo,26,17,"Rioja, La",ES230,26:51,nombre,L01260511,P2605100C,42.349698,-2.426357,Clavijo
26052,6,Cordovín,26,17,"Rioja, La",ES230,26:52,nombre,L01260526,P2605200A,42.384761,-2.814697,Cordovín
26053,2,Corera,26,17,"Rioja, La",ES230,26:53,nombre,L01260532,P2605300I,42.342836,-2.21935,Corera
26054,7,Cornago,26,17,"Rioja, La",ES230,26:54,nombre,L01260547,P2605400G,42.064767,-2.09555,Cornago
26055,0,Corporales,26,17,"Rioja, La",ES230,26:55,nombre,L01260550,P2605500D,42.432757,-2.994966,Corporales
26056,3,Cuzcurrita de Río Tirón,26,17,"Rioja, La",ES230,26:56,nombre,L01260563,P2605600B,42.541723,-2.963364,Cuzcurrita de Río Tirón
26057,9,Daroca de Rioja,26,17,"Rioja, La",ES230,26:57,nombre,L01260579,P2605700J,42.371181,-2.581697,Daroca de Rioja
26058,5,Enciso,26,17,"Rioja, La",ES230,26:58,nombre,L01260585,P2605800H,42.148601,-2.268851,Enciso
26059,8,Entrena,26,17,"Rioja, La",ES230,26:59,nombre,L01260598,P2605900F,42.388285,-2.53108,Entrena
26060,2,Estollo,26,17,"Rioja, La",ES230,26:60,nombre,L01260602,P2606000D,42.329187,-2.850983,Estollo
26061,9,Ezcaray,26,17,"Rioja, La",ES230,26:61,nombre,L01260619,P2606100B,42.327081,-3.013268,Ezcaray
26062,4,Foncea,26,17,"Rioja, La",ES230,26:62,nombre,L01260624,P2606200J,42.614495,-3.037615,Foncea
26063,0,Fonzaleche,26,17,"Rioja, La",ES230,26:63,nombre,L01260630,P2606300H,42.581561,-3.01264,Fonzaleche
26064,5,Fuenmayor,26,17,"Rioja, La",ES230,26:64,nombre,L01260645,P2606400F,42.466965,-2.562614,Fuenmayor
26065,8,Galbárruli,26,17,"Rioja, La",ES230,26:65,nombre,L01260658,P2606500C,42.621582,-2.960716,Galbárruli
26066,1,Galilea,26,17,"Rioja, La",ES230,26:66,nombre,L01260661,P2606600A,42.348082,-2.235637,Galilea
26067,7,Gallinero de Cameros,26,17,"Rioja, La",ES230,26:67,nombre,L01260677,P2606700I,42.171809,-2.61777,Gallinero de Cameros
26068,3,Gimileo,26,17,"Rioja, La",ES230,26:68,nombre,L01260683,P2606800G,42.549076,-2.823371,Gimileo
26069,6,Grañón,26,17,"Rioja, La",ES230,26:69,nombre,L01260696,P2606900E,42.450575,-3.027223,Grañón
26070,0,Grávalos,26,17,"Rioja, La",ES230,26:70,nombre,L01260700,P2607000C,42.107453,-2.000865,Grávalos
26071,7,Haro,26,17,"Rioja, La",ES230,26:71,nombre,L01260717,P2607100A,42.577119,-2.846344,Haro
26072,2,Herce,26,17,"Rioja, La",ES230,26:72,nombre,L01260722,P2607200I,42.214511,-2.164838,Herce
26073,8,Herramélluri,26,17,"Rioja, La",ES230,26:73,nombre,L01260738,P2607300G,42.502277,-3.019722,Herramélluri
26074,3,Hervías,26,17,"Rioja, La",ES230,26:74,nombre,L01260743,P2607400E,42.44816,-2.888799,Hervías
26075,6,Hormilla,26,17,"Rioja, La",ES230,26:75,nombre,L01260756,P2607500B,42.438318,-2.77574,Hormilla
26076,9,Hormilleja,26,17,"Rioja, La",ES230,26:76,nombre,L01260769,P2607600J,42.455377,-2.730409,Hormilleja
26077,5,Hornillos de Cameros,26,17,"Rioja, La",ES230,26:77,nombre,L01260775,P2607700H,42.209923,-2.41959,Hornillos de Cameros
26078,1,Hornos de Moncalvillo,26,17,"Rioja, La",ES230,26:78,nombre,L01260781,P2607800F,42.391698,-2.585265,Hornos de Moncalvillo
26079,4,Huércanos,26,17,"Rioja, La",ES230,26:79,nombre,L01260794,P2607900D,42.428991,-2.694162,Huércanos
26080,8,Igea,26,17,"Rioja, La",ES230,26:80,nombre,L01260808,P2608000B,42.06843,-2.008763,Igea
26081,5,Jalón de Cameros,26,17,"Rioja, La",ES230,26:81,nombre,L01260815,P2608100J,42.217757,-2.490291,Jalón de Cameros
26082,0,Laguna de Cameros,26,17,"Rioja, La",ES230,26:82,nombre,L01260820,P2608200H,42.174463,-2.543427,Laguna de Cameros
26083,6,Lagunilla del Jubera,26,17,"Rioja, La",ES230,26:83,nombre,L01260836,P2608300F,42.333874,-2.321418,Lagunilla del Jubera
26084,1,Lardero,26,17,"Rioja, La",ES230,26:84,nombre,L01260841,P2608400D,42.427855,-2.46261,Lardero
26086,7,Ledesma de la Cogolla,26,17,"Rioja, La",ES230,26:86,nombre,L01260867,P2608600I,42.320011,-2.717388,Ledesma de la Cogolla
26087,3,Leiva,26,17,"Rioja, La",ES230,26:87,nombre,L01260873,P2608700G,42.502908,-3.046596,Leiva
26088,9,Leza de Río Leza,26,17,"Rioja, La",ES230,26:88,nombre,L01260889,P2608800E,42.329135,-2.406352,Leza de Río Leza
26089,2,Logroño,26,17,"Rioja, La",ES230,26:900,nombre,L01260892,P2608900C,42.466307,-2.439098,Logroño
26091,3,Lumbreras de Cameros,26,17,"Rioja, La",ES230,26:91,punto,L01260913,P2609100I,42.104508,-2.623231,Lumbreras de Cameros
26092,8,Manjarrés,26,17,"Rioja, La",ES230,26:92,nombre,L01260928,P2609200G,42.392514,-2.675256,Manjarrés
26093,4,Mansilla de la Sierra,26,17,"Rioja, La",ES230,26:93,nombre,L01260934,P2609300E,42.153231,-2.945374,Mansilla de la Sierra
26094,9,Manzanares de Rioja,26,17,"Rioja, La",ES230,26:94,nombre,L01260949,P2609400C,42.395751,-2.893959,Manzanares de Rioja
26095,2,Matute,26,17,"Rioja, La",ES230,26:95,nombre,L01260952,P2609500J,42.298277,-2.795444,Matute
26096,5,Medrano,26,17,"Rioja, La",ES230,26:96,nombre,L01260965,P2609600H,42.382632,-2.554075,Medrano
26098,7,Munilla,26,17,"Rioja, La",ES230,26:99,nombre,L01260987,P2609900B,42.188334,-2.29523,Munilla
26099,0,Murillo de Río Leza,26,17,"Rioja, La",ES230,26:100,nombre,L01260990,P2610000H,42.401588,-2.325321,Murillo de Río Leza
26100,4,Muro de Aguas,26,17,"Rioja, La",ES230,26:101,nombre,L01261004,P2610100F,42.133852,-2.110917,Muro de Aguas
26101,1,Muro en Cameros,26,17,"Rioja, La",ES230,26:102,nombre,L01261011,P2610200D,42.224539,-2.529583,Muro en Cameros
26102,6,Nájera,26,17,"Rioja, La",ES230,26:103,nombre,L01261026,P2610300B,42.415858,-2.734464,Nájera
26103,2,Nalda,26,17,"Rioja, La",ES230,26:104,nombre,L01261032,P2610400J,42.334042,-2.487811,Nalda
26104,7,Navajún,26,17,"Rioja, La",ES230,26:105,nombre,L01261047,P2610500G,41.963938,-2.098934,Navajún
26105,0,Navarrete,26,17,"Rioja, La",ES230,26:106,nombre,L01261050,P2610600E,42.429205,-2.56173,Navarrete
26106,3,Nestares,26,17,"Rioja, La",ES230,26:107,nombre,L01261063,P2610700C,42.270565,-2.61888,Nestares
26107,9,Nieva de Cameros,26,17,"Rioja, La",ES230,26:108,nombre,L01261079,P2610800A,42.218452,-2.667369,Nieva de Cameros
26108,5,Ocón,26,17,"Rioja, La",ES230,26:97,nombre,L01261085,P2609700F,42.313772,-2.209274,Los Molinos de Ocón
26109,8,Ochánduri,26,17,"Rioja, La",ES230,26:109,nombre,L01261098,P2610900I,42.524898,-3.002775,Ochánduri
26110,2,Ojacastro,26,17,"Rioja, La",ES230,26:110,nombre,L01261102,P2611000G,42.346471,-3.005156,Ojacastro
26111,9,Ollauri,26,17,"Rioja, La",ES230,26:111,nombre,L01261119,P2611100E,42.542352,-2.833224,Ollauri
26112,4,Ortigosa de Cameros,26,17,"Rioja, La",ES230,26:112,nombre,L01261124,P2611200C,42.175816,-2.705365,Ortigosa de Cameros
26113,0,Pazuengos,26,17,"Rioja, La",ES230,26:113,nombre,L01261130,P2611300A,42.317644,-2.925747,Pazuengos
26114,5,Pedroso,26,17,"Rioja, La",ES230,26:114,nombre,L01261145,P2611400I,42.300429,-2.718493,Pedroso
26115,8,Pinillos,26,17,"Rioja, La",ES230,26:115,nombre,L01261158,P2611500F,42.199357,-2.597277,Pinillos
26117,7,Pradejón,26,17,"Rioja, La",ES230,26:117,nombre,L01261177,P2611700B,42.333805,-2.068746,Pradejón
26118,3,Pradillo,26,17,"Rioja, La",ES230,26:118,nombre,L01261183,P2611800J,42.177657,-2.64074,Pradillo
26119,6,Préjano,26,17,"Rioja, La",ES230,26:119,nombre,L01261196,P2611900H,42.188711,-2.177912,Préjano
26120,0,Quel,26,17,"Rioja, La",ES230,26:120,nombre,L01261200,P2612000F,42.22873,-2.048157,Quel
26121,7,Rabanera,26,17,"Rioja, La",ES230,26:121,nombre,L01261217,P2612100D,42.189351,-2.486083,Rabanera
26122,2,"Rasillo de Cameros, El",26,17,"Rioja, La",ES230,26:122,nombre,L01261222,P2612200B,42.194567,-2.697806,El Rasillo de Cameros
26123,8,"Redal, El",26,17,"Rioja, La",ES230,26:123,nombre,L01261238,P2612300J,42.337175,-2.202423,El Redal
26124,3,Ribafrecha,26,17,"Rioja, La",ES230,26:124,nombre,L01261243,P2612400H,42.35477,-2.387697,Ribafrecha
26125,6,Rincón de Soto,26,17,"Rioja, La",ES230,26:125,nombre,L01261256,P2612500E,42.235079,-1.851136,Rincón de Soto
26126,9,Robres del Castillo,26,17,"Rioja, La",ES230,26:126,nombre,L01261269,P2612600C,42.27431,-2.292326,Robres del Castillo
26127,5,Rodezno,26,17,"Rioja, La",ES230,26:127,nombre,L01261275,P2612700A,42.525796,-2.845012,Rodezno
26128,1,Sajazarra,26,17,"Rioja, La",ES230,26:128,nombre,L01261281,P2612800I,42.58863,-2.960517,Sajazarra
26129,4,San Asensio,26,17,"Rioja, La",ES230,26:129,nombre,L01261294,P2612900G,42.497434,-2.748913,San Asensio
26130,8,San Millán de la Cogolla,26,17,"Rioja, La",ES230,26:130,nombre,L01261308,P2613000E,42.329025,-2.861846,San Millán de la Cogolla
26131,5,San Millán de Yécora,26,17,"Rioja, La",ES230,26:131,nombre,L01261315,P2613100C,42.546712,-3.096578,San Millán de Yécora
26132,0,San Román de Cameros,26,17,"Rioja, La",ES230,26:132,nombre,L01261320,P2613200A,42.231858,-2.475331,San Román de Cameros
26134,1,Santa Coloma,26,17,"Rioja, La",ES230,26:134,nombre,L01261341,P2613400G,42.366814,-2.655721,Santa Coloma
26135,4,Santa Engracia del Jubera,26,17,"Rioja, La",ES230,26:135,nombre,L01261354,P2613500D,42.316405,-2.304929,Santa Engracia del Jubera
26136,7,Santa Eulalia Bajera,26,17,"Rioja, La",ES230,26:136,nombre,L01261367,P2613600B,42.210161,-2.19258,Santa Eulalia Bajera
26138,9,Santo Domingo de la Calzada,26,17,"Rioja, La",ES230,26:138,nombre,L01261389,P2613800H,42.441867,-2.952762,Santo Domingo de la Calzada
26139,2,San Torcuato,26,17,"Rioja, La",ES230,26:139,nombre,L01261392,P2613900F,42.482297,-2.889973,San Torcuato
26140,6,Santurde de Rioja,26,17,"Rioja, La",ES230,26:140,nombre,L01261406,P2614000D,42.389362,-2.979838,Santurde de Rioja
26141,3,Santurdejo,26,17,"Rioja, La",ES230,26:141,nombre,L01261413,P2614100B,42.378343,-2.954824,Santurdejo
26142,8,San Vicente de la Sonsierra,26,17,"Rioja, La",ES230,26:142,nombre,L01261428,P2614200J,42.562542,-2.759021,San Vicente de la Sonsierra
26143,4,Sojuela,26,17,"Rioja, La",ES230,26:143,nombre,L01261434,P2614300H,42.369888,-2.545075,Sojuela
26144,9,Sorzano,26,17,"Rioja, La",ES230,26:144,nombre,L01261449,P2614400F,42.34246,-2.527692,Sorzano
26145,2,Sotés,26,17,"Rioja, La",ES230,26:145,nombre,L01261452,P2614500C,42.39994,-2.602243,Sotés
26146,5,Soto en Cameros,26,17,"Rioja, La",ES230,26:146,nombre,L01261465,P2614600A,42.286009,-2.425963,Soto en Cameros
26147,1,Terroba,26,17,"Rioja, La",ES230,26:147,nombre,L01261471,P2614700I,42.25731,-2.443385,Terroba
26148,7,Tirgo,26,17,"Rioja, La",ES230,26:148,nombre,L01261487,P2614800G,42.545842,-2.949631,Tirgo
26149,0,Tobía,26,17,"Rioja, La",ES230,26:149,nombre,L01261490,P2614900E,42.297885,-2.815766,Tobía
26150,3,Tormantos,26,17,"Rioja, La",ES230,26:150,nombre,L01261503,P2615000C,42.494445,-3.074271,Tormantos
26151,0,Torrecilla en Cameros,26,17,"Rioja, La",ES230,26:151,nombre,L01261510,P2615100A,42.25569,-2.629681,Torrecilla en Cameros
26152,5,Torrecilla sobre Alesanco,26,17,"Rioja, La",ES230,26:152,nombre,L01261525,P2615200I,42.408461,-2.833189,Torrecilla sobre Alesanco
26153,1,Torre en Cameros,26,17,"Rioja, La",ES230,26:153,nombre,L01261531,P2615300G,42.241677,-2.518137,Torre en Cameros
26154,6,Torremontalbo,26,17,"Rioja, La",ES230,26:154,nombre,L01261546,P2615400E,42.501566,-2.685149,Torremontalbo
26155,9,Treviana,26,17,"Rioja, La",ES230,26:155,nombre,L01261559,P2615500B,42.558258,-3.05137,Treviana
26157,8,Tricio,26,17,"Rioja, La",ES230,26:157,nombre,L01261578,P2615700H,42.401185,-2.719606,Tricio
26158,4,Tudelilla,26,17,"Rioja, La",ES230,26:158,nombre,L01261584,P2615800F,42.299507,-2.116122,Tudelilla
26160,1,Uruñuela,26,17,"Rioja, La",ES230,26:160,nombre,L01261601,P2616000B,42.442604,-2.707963,Uruñuela
26161,8,Valdemadera,26,17,"Rioja, La",ES230,26:161,nombre,L01261618,P2616100J,41.984126,-2.074363,Valdemadera
26162,3,Valgañón,26,17,"Rioja, La",ES230,26:162,nombre,L01261623,P2616200H,42.317576,-3.067346,Valgañón
26163,9,Ventosa,26,17,"Rioja, La",ES230,26:163,nombre,L01261639,P2616300F,42.403761,-2.626575,Ventosa
26164,4,Ventrosa,26,17,"Rioja, La",ES230,26:164,nombre,L01261644,P2616400D,42.155994,-2.852548,Ventrosa
26165,7,Viguera,26,17,"Rioja, La",ES230,26:165,nombre,L01261657,P2616500A,42.30794,-2.533753,Viguera
26166,0,Villalba de Rioja,26,17,"Rioja, La",ES230,26:167,nombre,L01261660,P2616700G,42.610248,-2.886853,Villalba de Rioja
26167,6,Villalobar de Rioja,26,17,"Rioja, La",ES230,26:168,nombre,L01261676,P2616800E,42.491254,-2.963232,Villalobar de Rioja
26168,2,Villamediana de Iregua,26,17,"Rioja, La",ES230,26:169,nombre,L01261682,P2616900C,42.426295,-2.419234,Villamediana de Iregua
26169,5,Villanueva de Cameros,26,17,"Rioja, La",ES230,26:170,nombre,L01261695,P2617000A,42.16734,-2.650129,Villanueva de Cameros
26170,9,"Villar de Arnedo, El",26,17,"Rioja, La",ES230,26:171,nombre,L01261709,P2617100I,42.320811,-2.095376,El Villar de Arnedo
26171,6,Villar de Torre,26,17,"Rioja, La",ES230,26:172,nombre,L01261716,P2617200G,42.37034,-2.866175,Villar de Torre
26172,1,Villarejo,26,17,"Rioja, La",ES230,26:173,nombre,L01261721,P2617300E,42.372754,-2.887945,Villarejo
26173,7,Villarroya,26,17,"Rioja, La",ES230,26:174,nombre,L01261737,P2617400C,42.131963,-2.067962,Villarroya
26174,2,Villarta-Quintana,26,17,"Rioja, La",ES230,26:175,nombre,L01261742,P2617500J,42.429751,-3.049234,Villarta-Quintana
26175,5,Villavelayo,26,17,"Rioja, La",ES230,26:176,nombre,L01261755,P2617600H,42.131171,-2.984726,Villavelayo
26176,8,Villaverde de Rioja,26,17,"Rioja, La",ES230,26:177,nombre,L01261768,P2617700F,42.320705,-2.813915,Villaverde de Rioja
26177,4,Villoslada de Cameros,26,17,"Rioja, La",ES230,26:178,nombre,L01261774,P2617800D,42.113042,-2.673187,Villoslada de Cameros
26178,0,Viniegra de Abajo,26,17,"Rioja, La",ES230,26:179,nombre,L01261780,P2617900B,42.151791,-2.888262,Viniegra de Abajo
26179,3,Viniegra de Arriba,26,17,"Rioja, La",ES230,26:180,nombre,L01261793,P2618000J,42.095791,-2.833525,Viniegra de Arriba
26180,7,Zarratón,26,17,"Rioja, La",ES230,26:181,nombre,L01261807,P2618100H,42.516245,-2.880511,Zarratón
26181,4,Zarzosa,26,17,"Rioja, La",ES230,26:182,nombre,L01261814,P2618200F,42.181409,-2.342366,Zarzosa
26183,5,Zorraquín,26,17,"Rioja, La",ES230,26:184,nombre,L01261835,P2618400B,42.325395,-3.039603,Zorraquín
27001,8,Abadín,27,12,Lugo,ES112,27:1,nombre,L01270018,P2700100G,43.363587,-7.474996,Abadín o Provecende
27002,3,Alfoz,27,12,Lugo,ES112,27:2,nombre,L01270023,P2700200E,43.527095,-7.418091,A Seara
27003,9,Antas de Ulla,27,12,Lugo,ES112,27:3,nombre,L01270039,P2700300C,42.782642,-7.890354,Antas de Ulla
27004,4,Baleira,27,12,Lugo,ES112,27:4,nombre,L01270044,P2700400A,43.015457,-7.24598,O Cádavo
27005,7,Barreiros,27,12,Lugo,ES112,27:5,nombre,L01270057,P2700500H,43.540481,-7.233441,San Cosme
27006,0,Becerreá,27,12,Lugo,ES112,27:6,nombre,L01270060,P2700600F,42.853151,-7.161554,Becerreá
27007,6,Begonte,27,12,Lugo,ES112,27:7,nombre,L01270076,P2700700D,43.14996,-7.685862,Begonte
27008,2,Bóveda,27,12,Lugo,ES112,27:8,nombre,L01270082,P2700800B,42.62359,-7.484945,Bóveda
27009,5,Carballedo,27,12,Lugo,ES112,27:9,nombre,L01270095,P2700900J,42.538714,-7.813409,A Barrela
27010,9,Castro de Rei,27,12,Lugo,ES112,27:10,nombre,L01270109,P2701000H,43.207327,-7.398832,Castro de Rei
27011,6,Castroverde,27,12,Lugo,ES112,27:11,nombre,L01270116,P2701100F,43.029532,-7.327239,Castroverde
27012,1,Cervantes,27,12,Lugo,ES112,27:12,nombre,L01270121,P2701200D,42.872903,-7.063502,San Román
27013,7,Cervo,27,12,Lugo,ES112,27:13,nombre,L01270137,P2701300B,43.671558,-7.411212,Cervo
27014,2,"Corgo, O",27,12,Lugo,ES112,27:14,nombre,L01270142,P2701400J,42.940944,-7.423694,O Corgo
27015,5,Cospeito,27,12,Lugo,ES112,27:15,nombre,L01270155,P2701500G,43.236444,-7.557139,A Feira do Monte
27016,8,Chantada,27,12,Lugo,ES112,27:16,nombre,L01270168,P2701600E,42.60747,-7.768863,Chantada
27017,4,Folgoso do Courel,27,12,Lugo,ES112,27:17,nombre,L01270174,P2701700C,42.587654,-7.19279,Folgoso do Courel
27018,0,"Fonsagrada, A",27,12,Lugo,ES112,27:18,nombre,L01270180,P2701800A,43.126389,-7.067361,A Fonsagrada
27019,3,Foz,27,12,Lugo,ES112,27:19,nombre,L01270193,P2701900I,43.568499,-7.259717,Foz
27020,7,Friol,27,12,Lugo,ES112,27:20,nombre,L01270207,P2702000G,43.028892,-7.791281,Friol
27021,4,Xermade,27,12,Lugo,ES112,27:21,nombre,L01270214,P2702100E,43.354785,-7.813337,Xermade
27022,9,Guitiriz,27,12,Lugo,ES112,27:22,nombre,L01270229,P2702200C,43.180897,-7.894119,Guitiriz
27023,5,Guntín,27,12,Lugo,ES112,27:23,nombre,L01270235,P2702300A,42.890804,-7.698065,Guntín de Pallares
27024,0,"Incio, O",27,12,Lugo,ES112,27:24,nombre,L01270240,P2702400I,42.656479,-7.363922,A Cruz do Incio
27025,3,Xove,27,12,Lugo,ES112,27:25,nombre,L01270253,P2702500F,43.686222,-7.509222,Xove
27026,6,Láncara,27,12,Lugo,ES112,27:26,nombre,L01270266,P2702600D,42.865246,-7.444,A Pobra de San Xiao
27027,2,Lourenzá,27,12,Lugo,ES112,27:27,nombre,L01270272,P2702700B,43.470916,-7.298794,Vilanova
27028,8,Lugo,27,12,Lugo,ES112,27:900,nombre,L01270288,P2702800J,43.010023,-7.555632,Lugo
27029,1,Meira,27,12,Lugo,ES112,27:29,nombre,L01270291,P2702900H,43.212806,-7.292076,Meira
27030,5,Mondoñedo,27,12,Lugo,ES112,27:30,nombre,L01270305,P2703000F,43.429726,-7.363835,Mondoñedo
27031,2,Monforte de Lemos,27,12,Lugo,ES112,27:31,nombre,L01270312,P2703100D,42.52284,-7.516844,Monforte de Lemos
27032,7,Monterroso,27,12,Lugo,ES112,27:32,nombre,L01270327,P2703200B,42.793085,-7.836525,Monterroso
27033,3,Muras,27,12,Lugo,ES112,27:33,nombre,L01270333,P2703300J,43.467202,-7.722895,Muras
27034,8,Navia de Suarna,27,12,Lugo,ES112,27:34,nombre,L01270348,P2703400H,42.964309,-7.006222,A Proba
27035,1,Negueira de Muñiz,27,12,Lugo,ES112,27:35,nombre,L01270351,P2703500E,43.134417,-6.893889,Negueira
27037,0,"Nogais, As",27,12,Lugo,ES112,27:37,nombre,L01270370,P2703700A,42.809158,-7.109326,As Nogais
27038,6,Ourol,27,12,Lugo,ES112,27:38,nombre,L01270386,P2703800I,43.564661,-7.642234,Ourol
27039,9,Outeiro de Rei,27,12,Lugo,ES112,27:39,nombre,L01270399,P2703900G,43.101889,-7.613667,Outeiro de Rei
27040,3,Palas de Rei,27,12,Lugo,ES112,27:40,nombre,L01270403,P2704000E,42.873118,-7.869268,Palas de Rei
27041,0,Pantón,27,12,Lugo,ES112,27:41,nombre,L01270410,P2704100C,42.505788,-7.623284,O Castro de Ferreira
27042,5,Paradela,27,12,Lugo,ES112,27:42,nombre,L01270425,P2704200A,42.761414,-7.565183,Paradela
27043,1,"Páramo, O",27,12,Lugo,ES112,27:43,nombre,L01270431,P2704300I,42.844379,-7.499128,O Páramo
27044,6,"Pastoriza, A",27,12,Lugo,ES112,27:44,nombre,L01270446,P2704400G,43.300241,-7.351704,Pastoriza
27045,9,Pedrafita do Cebreiro,27,12,Lugo,ES112,27:45,nombre,L01270459,P2704500D,42.726864,-7.021578,Pedrafita do Cebreiro
27046,2,Pol,27,12,Lugo,ES112,27:46,nombre,L01270462,P2704600B,43.12981,-7.353425,Mosteiro
27047,8,"Pobra do Brollón, A",27,12,Lugo,ES112,27:47,punto,L01270478,P2704700J,42.557313,-7.393327,A Pobra do Brollón
27048,4,"Pontenova, A",27,12,Lugo,ES112,27:48,nombre,L01270484,P2704800H,43.347556,-7.1925,A Pontenova
27049,7,Portomarín,27,12,Lugo,ES112,27:49,nombre,L01270497,P2704900F,42.807687,-7.615983,Portomarín
27050,0,Quiroga,27,12,Lugo,ES112,27:50,nombre,L01270500,P2705000D,42.476013,-7.272715,Quiroga
27051,7,Ribadeo,27,12,Lugo,ES112,27:51,nombre,L01270517,P2705100B,43.536292,-7.039512,Ribadeo
27052,2,Ribas de Sil,27,12,Lugo,ES112,27:52,nombre,L01270522,P2705200J,42.466375,-7.287607,San Clodio
27053,8,Ribeira de Piquín,27,12,Lugo,ES112,27:53,nombre,L01270538,P2705300H,43.200331,-7.202524,O Chao de Pousadoiro
27054,3,Riotorto,27,12,Lugo,ES112,27:54,nombre,L01270543,P2705400F,43.342039,-7.261118,As Rodrigas
27055,6,Samos,27,12,Lugo,ES112,27:55,nombre,L01270556,P2705500C,42.730772,-7.326522,Samos
27056,9,Rábade,27,12,Lugo,ES112,27:56,nombre,L01270569,P2705600A,43.120812,-7.622282,Rábade
27057,5,Sarria,27,12,Lugo,ES112,27:57,nombre,L01270575,P2705700I,42.776976,-7.416287,Sarria
27058,1,"Saviñao, O",27,12,Lugo,ES112,27:58,nombre,L01270581,P2705800G,42.586093,-7.640103,Escairón
27059,4,Sober,27,12,Lugo,ES112,27:59,nombre,L01270594,P2705900E,42.462114,-7.586634,Sober
27060,8,Taboada,27,12,Lugo,ES112,27:60,nombre,L01270608,P2706000C,42.716225,-7.761891,Taboada
27061,5,Trabada,27,12,Lugo,ES112,27:61,nombre,L01270615,P2706100A,43.447038,-7.19438,Trabada
27062,0,Triacastela,27,12,Lugo,ES112,27:62,nombre,L01270620,P2706200I,42.754558,-7.243143,Triacastela
27063,6,"Valadouro, O",27,12,Lugo,ES112,27:63,nombre,L01270636,P2706300G,43.549203,-7.437988,Ferreira
27064,1,"Vicedo, O",27,12,Lugo,ES112,27:64,nombre,L01270641,P2706400E,43.732511,-7.675139,O Vicedo
27065,4,Vilalba,27,12,Lugo,ES112,27:65,nombre,L01270654,P2706500B,43.297109,-7.680761,Vilalba
27066,7,Viveiro,27,12,Lugo,ES112,27:67,nombre,L01270667,P2706700H,43.662142,-7.595225,Viveiro
27901,9,Baralla,27,12,Lugo,ES112,27:36,nombre,L01279019,P2703600C,42.893861,-7.251083,Baralla
27902,4,Burela,27,12,Lugo,ES112,27:68,nombre,L01279024,P2706800F,43.659124,-7.357704,Burela
28001,4,"Acebeda, La",28,13,Madrid,ES300,28:1,nombre,L01280014,P2800100F,41.086853,-3.624793,La Acebeda
28002,9,Ajalvir,28,13,Madrid,ES300,28:2,nombre,L01280029,P2800200D,40.534271,-3.480942,Ajalvir
28003,5,Alameda del Valle,28,13,Madrid,ES300,28:3,nombre,L01280035,P2800300B,40.918056,-3.843636,Alameda del Valle
28004,0,"Álamo, El",28,13,Madrid,ES300,28:4,nombre,L01280040,P2800400J,40.230312,-3.990672,El Álamo
28005,3,Alcalá de Henares,28,13,Madrid,ES300,28:5,nombre,L01280053,P2800500G,40.481793,-3.364867,Alcalá de Henares
28006,6,Alcobendas,28,13,Madrid,ES300,28:6,nombre,L01280066,P2800600E,40.547459,-3.641871,Alcobendas
28007,2,Alcorcón,28,13,Madrid,ES300,28:7,nombre,L01280072,P2800700C,40.349499,-3.828794,Alcorcón
28008,8,Aldea del Fresno,28,13,Madrid,ES300,28:8,nombre,L01280088,P2800800A,40.324913,-4.203838,Aldea del Fresno
28009,1,Algete,28,13,Madrid,ES300,28:9,nombre,L01280091,P2800900I,40.596254,-3.497838,Algete
28010,5,Alpedrete,28,13,Madrid,ES300,28:10,nombre,L01280105,P2801000G,40.65887,-4.023479,Alpedrete
28011,2,Ambite,28,13,Madrid,ES300,28:11,nombre,L01280112,P2801100E,40.328997,-3.181565,Ambite
28012,7,Anchuelo,28,13,Madrid,ES300,28:12,nombre,L01280127,P2801200C,40.465517,-3.268668,Anchuelo
28013,3,Aranjuez,28,13,Madrid,ES300,28:13,nombre,L01280133,P2801300A,40.032192,-3.603525,Aranjuez
28014,8,Arganda del Rey,28,13,Madrid,ES300,28:14,nombre,L01280148,P2801400I,40.300794,-3.437457,Arganda del Rey
28015,1,Arroyomolinos,28,13,Madrid,ES300,28:15,nombre,L01280151,P2801500F,40.26771,-3.920199,Arroyomolinos
28016,4,"Atazar, El",28,13,Madrid,ES300,28:16,nombre,L01280164,P2801600D,40.933964,-3.471582,El Atazar
28017,0,Batres,28,13,Madrid,ES300,28:17,nombre,L01280170,P2801700B,40.209125,-3.920789,Batres
28018,6,Becerril de la Sierra,28,13,Madrid,ES300,28:18,nombre,L01280186,P2801800J,40.716264,-3.989401,Becerril de la Sierra
28019,9,Belmonte de Tajo,28,13,Madrid,ES300,28:19,nombre,L01280199,P2801900H,40.133747,-3.339569,Belmonte de Tajo
28020,3,Berzosa del Lozoya,28,13,Madrid,ES300,28:21,nombre,L01280203,P2802100D,40.975395,-3.523852,Berzosa del Lozoya
28021,0,"Berrueco, El",28,13,Madrid,ES300,28:20,nombre,L01280210,P2802000F,40.887569,-3.561347,El Berrueco
28022,5,Boadilla del Monte,28,13,Madrid,ES300,28:22,nombre,L01280225,P2802200B,40.407822,-3.879174,Boadilla del Monte
28023,1,"Boalo, El",28,13,Madrid,ES300,28:23,nombre,L01280231,P2802300J,40.717106,-3.920171,El Boalo
28024,6,Braojos,28,13,Madrid,ES300,28:24,nombre,L01280246,P2802400H,41.03944,-3.642385,Braojos
28025,9,Brea de Tajo,28,13,Madrid,ES300,28:25,nombre,L01280259,P2802500E,40.23002,-3.109662,Brea de Tajo
28026,2,Brunete,28,13,Madrid,ES300,28:26,nombre,L01280262,P2802600C,40.405433,-3.997741,Brunete
28027,8,Buitrago del Lozoya,28,13,Madrid,ES300,28:27,nombre,L01280278,P2802700A,40.993481,-3.636447,Buitrago del Lozoya
28028,4,Bustarviejo,28,13,Madrid,ES300,28:28,nombre,L01280284,P2802800I,40.859083,-3.709862,Bustarviejo
28029,7,Cabanillas de la Sierra,28,13,Madrid,ES300,28:29,nombre,L01280297,P2802900G,40.8196,-3.625928,Cabanillas de la Sierra
28030,1,"Cabrera, La",28,13,Madrid,ES300,28:30,nombre,L01280301,P2803000E,40.864194,-3.615635,La Cabrera
28031,8,Cadalso de los Vidrios,28,13,Madrid,ES300,28:31,nombre,L01280318,P2803100C,40.301621,-4.44146,Cadalso de los Vidrios
28032,3,Camarma de Esteruelas,28,13,Madrid,ES300,28:32,nombre,L01280323,P2803200A,40.549126,-3.378683,Camarma de Esteruelas
28033,9,Campo Real,28,13,Madrid,ES300,28:33,nombre,L01280339,P2803300I,40.338027,-3.381598,Campo Real
28034,4,Canencia,28,13,Madrid,ES300,28:34,nombre,L01280344,P2803400G,40.909774,-3.737669,Canencia
28035,7,Carabaña,28,13,Madrid,ES300,28:35,nombre,L01280357,P2803500D,40.257162,-3.237934,Carabaña
28036,0,Casarrubuelos,28,13,Madrid,ES300,28:36,nombre,L01280360,P2803600B,40.171171,-3.833194,Casarrubuelos
28037,6,Cenicientos,28,13,Madrid,ES300,28:37,nombre,L01280376,P2803700J,40.26345,-4.467561,Cenicientos
28038,2,Cercedilla,28,13,Madrid,ES300,28:38,nombre,L01280382,P2803800H,40.741608,-4.055288,Cercedilla
28039,5,Cervera de Buitrago,28,13,Madrid,ES300,28:39,nombre,L01280395,P2803900F,40.922508,-3.529811,Cervera de Buitrago
28040,9,Ciempozuelos,28,13,Madrid,ES300,28:40,nombre,L01280409,P2804000D,40.158953,-3.618284,Ciempozuelos
28041,6,Cobeña,28,13,Madrid,ES300,28:41,nombre,L01280416,P2804100B,40.567905,-3.50499,Cobeña
28042,1,Colmenar del Arroyo,28,13,Madrid,ES300,28:42,nombre,L01280421,P2804200J,40.418338,-4.198607,Colmenar del Arroyo
28043,7,Colmenar de Oreja,28,13,Madrid,ES300,28:43,nombre,L01280437,P2804300H,40.107721,-3.387465,Colmenar de Oreja
28044,2,Colmenarejo,28,13,Madrid,ES300,28:44,nombre,L01280442,P2804400F,40.560927,-4.016774,Colmenarejo
28045,5,Colmenar Viejo,28,13,Madrid,ES300,28:45,nombre,L01280455,P2804500C,40.658808,-3.76615,Colmenar Viejo
28046,8,Collado Mediano,28,13,Madrid,ES300,28:46,nombre,L01280468,P2804600A,40.693657,-4.024391,Collado Mediano
28047,4,Collado Villalba,28,13,Madrid,ES300,28:47,nombre,L01280474,P2804700I,40.645798,-3.991592,Collado Villalba
28048,0,Corpa,28,13,Madrid,ES300,28:48,nombre,L01280480,P2804800G,40.424794,-3.263012,Corpa
28049,3,Coslada,28,13,Madrid,ES300,28:49,nombre,L01280493,P2804900E,40.426279,-3.56556,Coslada
28050,6,Cubas de la Sagra,28,13,Madrid,ES300,28:50,nombre,L01280506,P2805000C,40.191264,-3.838345,Cubas de la Sagra
28051,3,Chapinería,28,13,Madrid,ES300,28:51,nombre,L01280513,P2805100A,40.379192,-4.209809,Chapinería
28052,8,Chinchón,28,13,Madrid,ES300,28:52,nombre,L01280528,P2805200I,40.139942,-3.423103,Chinchón
28053,4,Daganzo de Arriba,28,13,Madrid,ES300,28:53,nombre,L01280534,P2805300G,40.544939,-3.457894,Daganzo de Arriba
28054,9,"Escorial, El",28,13,Madrid,ES300,28:54,nombre,L01280549,P2805400E,40.585101,-4.129576,El Escorial
28055,2,Estremera,28,13,Madrid,ES300,28:55,nombre,L01280552,P2805500B,40.18466,-3.106621,Estremera
28056,5,Fresnedillas de la Oliva,28,13,Madrid,ES300,28:56,nombre,L01280565,P2805600J,40.486513,-4.172038,Fresnedillas de la Oliva
28057,1,Fresno de Torote,28,13,Madrid,ES300,28:57,nombre,L01280571,P2805700H,40.592792,-3.411881,Fresno de Torote
28058,7,Fuenlabrada,28,13,Madrid,ES300,28:58,nombre,L01280587,P2805800F,40.284031,-3.799803,Fuenlabrada
28059,0,Fuente el Saz de Jarama,28,13,Madrid,ES300,28:59,nombre,L01280590,P2805900D,40.634172,-3.51387,Fuente el Saz de Jarama
28060,4,Fuentidueña de Tajo,28,13,Madrid,ES300,28:60,nombre,L01280604,P2806000B,40.111854,-3.141753,Fuentidueña de Tajo
28061,1,Galapagar,28,13,Madrid,ES300,28:61,nombre,L01280611,P2806100J,40.580525,-4.006091,Galapagar
28062,6,Garganta de los Montes,28,13,Madrid,ES300,28:62,nombre,L01280626,P2806200H,40.921527,-3.687766,Garganta de los Montes
28063,2,Gargantilla del Lozoya y Pinilla de Buitrago,28,13,Madrid,ES300,28:63,punto,L01280632,P2806300F,40.964835,-3.71859,Gargantilla del Lozoya
28064,7,Gascones,28,13,Madrid,ES300,28:64,nombre,L01280647,P2806400D,41.017884,-3.641805,Gascones
28065,0,Getafe,28,13,Madrid,ES300,28:65,nombre,L01280650,P2806500A,40.305551,-3.732332,Getafe
28066,3,Griñón,28,13,Madrid,ES300,28:66,nombre,L01280663,P2806600I,40.213132,-3.852889,Griñón
28067,9,Guadalix de la Sierra,28,13,Madrid,ES300,28:67,nombre,L01280679,P2806700G,40.784873,-3.692753,Guadalix de la Sierra
28068,5,Guadarrama,28,13,Madrid,ES300,28:68,nombre,L01280685,P2806800E,40.672524,-4.08879,Guadarrama
28069,8,"Hiruela, La",28,13,Madrid,ES300,28:69,nombre,L01280698,P2806900C,41.077847,-3.454639,La Hiruela
28070,2,Horcajo de la Sierra-Aoslos,28,13,Madrid,ES300,28:70,nombre,L01280702,P2807000A,41.066684,-3.585785,Horcajo de la Sierra
28071,9,Horcajuelo de la Sierra,28,13,Madrid,ES300,28:71,nombre,L01280719,P2807100I,41.060208,-3.545381,Horcajuelo de la Sierra
28072,4,Hoyo de Manzanares,28,13,Madrid,ES300,28:72,nombre,L01280724,P2807200G,40.622864,-3.907251,Hoyo de Manzanares
28073,0,Humanes de Madrid,28,13,Madrid,ES300,28:73,nombre,L01280730,P2807300E,40.250806,-3.829042,Humanes de Madrid
28074,5,Leganés,28,13,Madrid,ES300,28:74,nombre,L01280745,P2807400C,40.327055,-3.758378,Leganés
28075,8,Loeches,28,13,Madrid,ES300,28:75,nombre,L01280758,P2807500J,40.383835,-3.409335,Loeches
28076,1,Lozoya,28,13,Madrid,ES300,28:76,nombre,L01280761,P2807600H,40.951341,-3.791819,Lozoya
28078,3,Madarcos,28,13,Madrid,ES300,28:78,nombre,L01280783,P2807800D,41.047515,-3.582031,Madarcos
28079,6,Madrid,28,13,Madrid,ES300,28:900,nombre,L01280796,P2807900B,40.419026,-3.691978,Madrid
28080,0,Majadahonda,28,13,Madrid,ES300,28:80,nombre,L01280800,P2808000J,40.472863,-3.872525,Majadahonda
28082,2,Manzanares el Real,28,13,Madrid,ES300,28:82,nombre,L01280822,P2808200F,40.726812,-3.865187,Manzanares el Real
28083,8,Meco,28,13,Madrid,ES300,28:83,nombre,L01280838,P2808300D,40.552564,-3.324452,Meco
28084,3,Mejorada del Campo,28,13,Madrid,ES300,28:84,nombre,L01280843,P2808400B,40.396072,-3.484677,Mejorada del Campo
28085,6,Miraflores de la Sierra,28,13,Madrid,ES300,28:85,nombre,L01280856,P2808500I,40.813802,-3.766721,Miraflores de la Sierra
28086,9,"Molar, El",28,13,Madrid,ES300,28:86,nombre,L01280869,P2808600G,40.732771,-3.582153,El Molar
28087,5,"Molinos, Los",28,13,Madrid,ES300,28:87,nombre,L01280875,P2808700E,40.714809,-4.073655,Los Molinos
28088,1,Montejo de la Sierra,28,13,Madrid,ES300,28:88,nombre,L01280881,P2808800C,41.059589,-3.530026,Montejo de la Sierra
28089,4,Moraleja de Enmedio,28,13,Madrid,ES300,28:89,nombre,L01280894,P2808900A,40.260236,-3.861669,Moraleja de Enmedio
28090,8,Moralzarzal,28,13,Madrid,ES300,28:90,nombre,L01280908,P2809000I,40.679074,-3.971736,Moralzarzal
28091,5,Morata de Tajuña,28,13,Madrid,ES300,28:91,nombre,L01280915,P2809100G,40.22951,-3.437003,Morata de Tajuña
28092,0,Móstoles,28,13,Madrid,ES300,28:92,nombre,L01280920,P2809200E,40.322714,-3.865399,Móstoles
28093,6,Navacerrada,28,13,Madrid,ES300,28:93,nombre,L01280936,P2809300C,40.728966,-4.014591,Navacerrada
28094,1,Navalafuente,28,13,Madrid,ES300,28:94,nombre,L01280941,P2809400A,40.823342,-3.676125,Navalafuente
28095,4,Navalagamella,28,13,Madrid,ES300,28:95,nombre,L01280954,P2809500H,40.46931,-4.122788,Navalagamella
28096,7,Navalcarnero,28,13,Madrid,ES300,28:96,nombre,L01280967,P2809600F,40.290824,-4.015144,Navalcarnero
28097,3,Navarredonda y San Mamés,28,13,Madrid,ES300,28:97,nombre,L01280973,P2809700D,40.990843,-3.725679,Navarredonda
28099,2,Navas del Rey,28,13,Madrid,ES300,28:99,nombre,L01280992,P2809900J,40.384099,-4.251577,Navas del Rey
28100,6,Nuevo Baztán,28,13,Madrid,ES300,28:100,nombre,L01281006,P2810000F,40.365452,-3.243415,Nuevo Baztán
28101,3,Olmeda de las Fuentes,28,13,Madrid,ES300,28:101,nombre,L01281013,P2810100D,40.368827,-3.222243,Olmeda de las Fuentes
28102,8,Orusco de Tajuña,28,13,Madrid,ES300,28:102,nombre,L01281028,P2810200B,40.285165,-3.208495,Orusco de Tajuña
28104,9,Paracuellos de Jarama,28,13,Madrid,ES300,28:104,nombre,L01281049,P2810400H,40.505131,-3.531863,Paracuellos de Jarama
28106,5,Parla,28,13,Madrid,ES300,28:106,nombre,L01281065,P2810600C,40.237594,-3.772703,Parla
28107,1,Patones,28,13,Madrid,ES300,28:107,nombre,L01281071,P2810700A,40.855687,-3.485073,Patones
28108,7,Pedrezuela,28,13,Madrid,ES300,28:108,nombre,L01281087,P2810800I,40.745327,-3.603095,Pedrezuela
28109,0,Pelayos de la Presa,28,13,Madrid,ES300,28:109,nombre,L01281090,P2810900G,40.359271,-4.334256,Pelayos de la Presa
28110,4,Perales de Tajuña,28,13,Madrid,ES300,28:110,nombre,L01281104,P2811000E,40.234544,-3.352146,Perales de Tajuña
28111,1,Pezuela de las Torres,28,13,Madrid,ES300,28:111,nombre,L01281111,P2811100C,40.418671,-3.177531,Pezuela de las Torres
28112,6,Pinilla del Valle,28,13,Madrid,ES300,28:112,nombre,L01281126,P2811200A,40.926428,-3.818417,Pinilla del Valle
28113,2,Pinto,28,13,Madrid,ES300,28:113,nombre,L01281132,P2811300I,40.240992,-3.700096,Pinto
28114,7,Piñuécar-Gandullas,28,13,Madrid,ES300,28:114,punto,L01281147,P2811400G,41.033223,-3.599559,Piñuécar
28115,0,Pozuelo de Alarcón,28,13,Madrid,ES300,28:115,nombre,L01281150,P2811500D,40.43438,-3.813933,Pozuelo de Alarcón
28116,3,Pozuelo del Rey,28,13,Madrid,ES300,28:116,nombre,L01281163,P2811600B,40.366225,-3.32198,Pozuelo del Rey
28117,9,Prádena del Rincón,28,13,Madrid,ES300,28:117,nombre,L01281179,P2811700J,41.043806,-3.540871,Prádena del Rincón
28118,5,Puebla de la Sierra,28,13,Madrid,ES300,28:118,nombre,L01281185,P2811800H,41.012212,-3.445002,Puebla de la Sierra
28119,8,Quijorna,28,13,Madrid,ES300,28:119,nombre,L01281198,P2811900F,40.426401,-4.057077,Quijorna
28120,2,Rascafría,28,13,Madrid,ES300,28:120,nombre,L01281202,P2812000D,40.904049,-3.880406,Rascafría
28121,9,Redueña,28,13,Madrid,ES300,28:121,nombre,L01281219,P2812100B,40.816439,-3.603701,Redueña
28122,4,Ribatejada,28,13,Madrid,ES300,28:122,nombre,L01281224,P2812200J,40.666661,-3.39273,Ribatejada
28123,0,Rivas-Vaciamadrid,28,13,Madrid,ES300,28:123,nombre,L01281230,P2812300H,40.328013,-3.516098,Vaciamadrid
28124,5,Robledillo de la Jara,28,13,Madrid,ES300,28:124,nombre,L01281245,P2812400F,40.952606,-3.525088,Robledillo de la Jara
28125,8,Robledo de Chavela,28,13,Madrid,ES300,28:125,nombre,L01281258,P2812500C,40.500796,-4.238262,Robledo de Chavela
28126,1,Robregordo,28,13,Madrid,ES300,28:126,nombre,L01281261,P2812600A,41.105639,-3.594005,Robregordo
28127,7,"Rozas de Madrid, Las",28,13,Madrid,ES300,28:127,nombre,L01281277,P2812700I,40.493131,-3.874369,Las Rozas de Madrid
28128,3,Rozas de Puerto Real,28,13,Madrid,ES300,28:128,nombre,L01281283,P2812800G,40.310236,-4.490769,Rozas de Puerto Real
28129,6,San Agustín del Guadalix,28,13,Madrid,ES300,28:129,nombre,L01281296,P2812900E,40.678382,-3.615755,San Agustín del Guadalix
28130,0,San Fernando de Henares,28,13,Madrid,ES300,28:130,nombre,L01281300,P2813000C,40.424993,-3.53516,San Fernando de Henares
28131,7,San Lorenzo de El Escorial,28,13,Madrid,ES300,28:131,nombre,L01281317,P2813100A,40.591435,-4.148963,San Lorenzo de El Escorial
28132,2,San Martín de la Vega,28,13,Madrid,ES300,28:132,nombre,L01281322,P2813200I,40.207839,-3.568595,San Martín de la Vega
28133,8,San Martín de Valdeiglesias,28,13,Madrid,ES300,28:133,nombre,L01281338,P2813300G,40.361931,-4.397571,San Martín de Valdeiglesias
28134,3,San Sebastián de los Reyes,28,13,Madrid,ES300,28:134,nombre,L01281343,P2813400E,40.547563,-3.626397,San Sebastián de los Reyes
28135,6,Santa María de la Alameda,28,13,Madrid,ES300,28:135,nombre,L01281356,P2813500B,40.595706,-4.257917,Santa María de la Alameda
28136,9,Santorcaz,28,13,Madrid,ES300,28:136,nombre,L01281369,P2813600J,40.472171,-3.233115,Santorcaz
28137,5,"Santos de la Humosa, Los",28,13,Madrid,ES300,28:137,nombre,L01281375,P2813700H,40.501676,-3.257621,Los Santos de la Humosa
28138,1,"Serna del Monte, La",28,13,Madrid,ES300,28:138,nombre,L01281381,P2813800F,41.029858,-3.625111,La Serna del Monte
28140,8,Serranillos del Valle,28,13,Madrid,ES300,28:140,nombre,L01281408,P2814000B,40.204689,-3.885784,Serranillos del Valle
28141,5,Sevilla la Nueva,28,13,Madrid,ES300,28:141,nombre,L01281415,P2814100J,40.347655,-4.027235,Sevilla la Nueva
28143,6,Somosierra,28,13,Madrid,ES300,28:143,nombre,L01281436,P2814300F,41.133155,-3.581784,Somosierra
28144,1,Soto del Real,28,13,Madrid,ES300,28:144,nombre,L01281441,P2814400D,40.753179,-3.786896,Soto del Real
28145,4,Talamanca de Jarama,28,13,Madrid,ES300,28:145,nombre,L01281454,P2814500A,40.745261,-3.511038,Talamanca de Jarama
28146,7,Tielmes,28,13,Madrid,ES300,28:146,nombre,L01281467,P2814600I,40.245995,-3.315155,Tielmes
28147,3,Titulcia,28,13,Madrid,ES300,28:147,nombre,L01281473,P2814700G,40.137154,-3.570814,Titulcia
28148,9,Torrejón de Ardoz,28,13,Madrid,ES300,28:148,nombre,L01281489,P2814800E,40.459174,-3.479824,Torrejón de Ardoz
28149,2,Torrejón de la Calzada,28,13,Madrid,ES300,28:149,nombre,L01281492,P2814900C,40.200892,-3.799326,Torrejón de la Calzada
28150,5,Torrejón de Velasco,28,13,Madrid,ES300,28:150,nombre,L01281505,P2815000A,40.187063,-3.777333,Torrejón de Velasco
28151,2,Torrelaguna,28,13,Madrid,ES300,28:151,nombre,L01281512,P2815100I,40.827901,-3.53854,Torrelaguna
28152,7,Torrelodones,28,13,Madrid,ES300,28:152,nombre,L01281527,P2815200G,40.5756,-3.929301,Torrelodones
28153,3,Torremocha de Jarama,28,13,Madrid,ES300,28:153,nombre,L01281533,P2815300E,40.835359,-3.496091,Torremocha de Jarama
28154,8,Torres de la Alameda,28,13,Madrid,ES300,28:154,nombre,L01281548,P2815400C,40.405946,-3.362815,Torres de la Alameda
28155,1,Valdaracete,28,13,Madrid,ES300,28:155,nombre,L01281551,P2815500J,40.211226,-3.19451,Valdaracete
28156,4,Valdeavero,28,13,Madrid,ES300,28:156,nombre,L01281564,P2815600H,40.631055,-3.333044,Valdeavero
28157,0,Valdelaguna,28,13,Madrid,ES300,28:157,nombre,L01281570,P2815700F,40.161988,-3.367288,Valdelaguna
28158,6,Valdemanco,28,13,Madrid,ES300,28:158,nombre,L01281586,P2815800D,40.872554,-3.662972,Valdemanco
28159,9,Valdemaqueda,28,13,Madrid,ES300,28:159,nombre,L01281599,P2815900B,40.511151,-4.295727,Valdemaqueda
28160,3,Valdemorillo,28,13,Madrid,ES300,28:160,nombre,L01281603,P2816000J,40.501042,-4.068353,Valdemorillo
28161,0,Valdemoro,28,13,Madrid,ES300,28:161,nombre,L01281610,P2816100H,40.190765,-3.677002,Valdemoro
28162,5,Valdeolmos-Alalpardo,28,13,Madrid,ES300,28:162,nombre,L01281625,P2816200F,40.628809,-3.474985,Alalpardo
28163,1,Valdepiélagos,28,13,Madrid,ES300,28:163,nombre,L01281631,P2816300D,40.760609,-3.465944,Valdepiélagos
28164,6,Valdetorres de Jarama,28,13,Madrid,ES300,28:164,nombre,L01281646,P2816400B,40.695172,-3.512413,Valdetorres de Jarama
28165,9,Valdilecha,28,13,Madrid,ES300,28:165,nombre,L01281659,P2816500I,40.295773,-3.303171,Valdilecha
28166,2,Valverde de Alcalá,28,13,Madrid,ES300,28:166,nombre,L01281662,P2816600G,40.419645,-3.298831,Valverde de Alcalá
28167,8,Velilla de San Antonio,28,13,Madrid,ES300,28:167,nombre,L01281678,P2816700E,40.366957,-3.487862,Velilla de San Antonio
28168,4,"Vellón, El",28,13,Madrid,ES300,28:168,nombre,L01281684,P2816800C,40.766029,-3.582103,El Vellón
28169,7,Venturada,28,13,Madrid,ES300,28:169,nombre,L01281697,P2816900A,40.798488,-3.620972,Venturada
28170,1,Villaconejos,28,13,Madrid,ES300,28:170,nombre,L01281701,P2817000I,40.10416,-3.485096,Villaconejos
28171,8,Villa del Prado,28,13,Madrid,ES300,28:171,nombre,L01281718,P2817100G,40.276717,-4.3055,Villa del Prado
28172,3,Villalbilla,28,13,Madrid,ES300,28:172,nombre,L01281723,P2817200E,40.43251,-3.298688,Villalbilla
28173,9,Villamanrique de Tajo,28,13,Madrid,ES300,28:173,nombre,L01281739,P2817300C,40.068809,-3.240184,Villamanrique de Tajo
28174,4,Villamanta,28,13,Madrid,ES300,28:174,nombre,L01281744,P2817400A,40.299556,-4.110129,Villamanta
28175,7,Villamantilla,28,13,Madrid,ES300,28:175,nombre,L01281757,P2817500H,40.338057,-4.130707,Villamantilla
28176,0,Villanueva de la Cañada,28,13,Madrid,ES300,28:176,nombre,L01281760,P2817600F,40.446576,-4.005406,Villanueva de la Cañada
28177,6,Villanueva del Pardillo,28,13,Madrid,ES300,28:177,nombre,L01281776,P2817700D,40.490696,-3.96427,Villanueva del Pardillo
28178,2,Villanueva de Perales,28,13,Madrid,ES300,28:178,nombre,L01281782,P2817800B,40.346599,-4.101506,Villanueva de Perales
28179,5,Villar del Olmo,28,13,Madrid,ES300,28:179,nombre,L01281795,P2817900J,40.33657,-3.235648,Villar del Olmo
28180,9,Villarejo de Salvanés,28,13,Madrid,ES300,28:180,nombre,L01281809,P2818000H,40.168887,-3.276156,Villarejo de Salvanés
28181,6,Villaviciosa de Odón,28,13,Madrid,ES300,28:181,nombre,L01281816,P2818100F,40.358607,-3.901882,Villaviciosa de Odón
28182,1,Villavieja del Lozoya,28,13,Madrid,ES300,28:182,nombre,L01281821,P2818200D,41.006481,-3.671651,Villavieja del Lozoya
28183,7,Zarzalejo,28,13,Madrid,ES300,28:183,nombre,L01281837,P2818300B,40.547309,-4.181378,Zarzalejo
28901,5,Lozoyuela-Navas-Sieteiglesias,28,13,Madrid,ES300,28:77,nombre,L01289015,P2807700F,40.926302,-3.617705,Lozoyuela
28902,0,Puentes Viejas,28,13,Madrid,ES300,28:185,nombre,L01289020,P2808100H,40.965285,-3.584358,Manjirón
28903,6,Tres Cantos,28,13,Madrid,ES300,28:184,nombre,L01289036,P2818400J,40.599068,-3.712207,Tres Cantos
29001,7,Alameda,29,01,Málaga,ES617,29:1,nombre,L01290017,P2900100E,37.207676,-4.658198,Alameda
29002,2,Alcaucín,29,01,Málaga,ES617,29:2,nombre,L01290022,P2900200C,36.902454,-4.114022,Alcaucín
29003,8,Alfarnate,29,01,Málaga,ES617,29:3,nombre,L01290038,P2900300A,36.995093,-4.260808,Alfarnate
29004,3,Alfarnatejo,29,01,Málaga,ES617,29:4,nombre,L01290043,P2900400I,36.979303,-4.272496,Alfarnatejo
29005,6,Algarrobo,29,01,Málaga,ES617,29:5,nombre,L01290056,P2900500F,36.772462,-4.039127,Algarrobo
29006,9,Algatocín,29,01,Málaga,ES617,29:6,nombre,L01290069,P2900600D,36.572818,-5.276554,Algatocín
29007,5,Alhaurín de la Torre,29,01,Málaga,ES617,29:7,nombre,L01290075,P2900700B,36.661666,-4.565559,Alhaurín de la Torre
29008,1,Alhaurín el Grande,29,01,Málaga,ES617,29:8,nombre,L01290081,P2900800J,36.641919,-4.691613,Alhaurín el Grande
29009,4,Almáchar,29,01,Málaga,ES617,29:9,nombre,L01290094,P2900900H,36.808707,-4.217352,Almáchar
29010,8,Almargen,29,01,Málaga,ES617,29:10,nombre,L01290108,P2901000F,37.004001,-5.021044,Almargen
29011,5,Almogía,29,01,Málaga,ES617,29:11,nombre,L01290115,P2901100D,36.825392,-4.540497,Almogía
29012,0,Álora,29,01,Málaga,ES617,29:12,nombre,L01290120,P2901200B,36.822876,-4.706982,Álora
29013,6,Alozaina,29,01,Málaga,ES617,29:13,nombre,L01290136,P2901300J,36.728055,-4.856462,Alozaina
29014,1,Alpandeire,29,01,Málaga,ES617,29:14,nombre,L01290141,P2901400H,36.633377,-5.20227,Alpandeire
29015,4,Antequera,29,01,Málaga,ES617,29:15,nombre,L01290154,P2901500E,37.019443,-4.562459,Antequera
29016,7,Árchez,29,01,Málaga,ES617,29:16,nombre,L01290167,P2901600C,36.838789,-3.991621,Árchez
29017,3,Archidona,29,01,Málaga,ES617,29:17,nombre,L01290173,P2901700A,37.094813,-4.390918,Archidona
29018,9,Ardales,29,01,Málaga,ES617,29:18,nombre,L01290189,P2901800I,36.877959,-4.846525,Ardales
29019,2,Arenas,29,01,Málaga,ES617,29:19,nombre,L01290192,P2901900G,36.816668,-4.047138,Arenas
29020,6,Arriate,29,01,Málaga,ES617,29:20,nombre,L01290206,P2902000E,36.795647,-5.138013,Arriate
29021,3,Atajate,29,01,Málaga,ES617,29:21,nombre,L01290213,P2902100C,36.640111,-5.245126,Atajate
29022,8,Benadalid,29,01,Málaga,ES617,29:22,nombre,L01290228,P2902200A,36.605857,-5.268926,Benadalid
29023,4,Benahavís,29,01,Málaga,ES617,29:23,nombre,L01290234,P2902300I,36.518636,-5.045313,Benahavís
29024,9,Benalauría,29,01,Málaga,ES617,29:24,nombre,L01290249,P2902400G,36.594173,-5.261112,Benalauría
29025,2,Benalmádena,29,01,Málaga,ES617,29:25,nombre,L01290252,P2902500D,36.595005,-4.573375,Benalmádena
29026,5,Benamargosa,29,01,Málaga,ES617,29:26,nombre,L01290265,P2902600B,36.834994,-4.194109,Benamargosa
29027,1,Benamocarra,29,01,Málaga,ES617,29:27,nombre,L01290271,P2902700J,36.791205,-4.159999,Benamocarra
29028,7,Benaoján,29,01,Málaga,ES617,29:28,nombre,L01290287,P2902800H,36.718783,-5.253091,Benaoján
29029,0,Benarrabá,29,01,Málaga,ES617,29:29,nombre,L01290290,P2902900F,36.551798,-5.276504,Benarrabá
29030,4,"Borge, El",29,01,Málaga,ES617,29:30,nombre,L01290304,P2903000D,36.814504,-4.234578,El Borge
29031,1,"Burgo, El",29,01,Málaga,ES617,29:31,nombre,L01290311,P2903100B,36.789204,-4.947676,El Burgo
29032,6,Campillos,29,01,Málaga,ES617,29:32,nombre,L01290326,P2903200J,37.045006,-4.861329,Campillos
29033,2,Canillas de Aceituno,29,01,Málaga,ES617,29:33,nombre,L01290332,P2903300H,36.873337,-4.081745,Canillas de Aceituno
29034,7,Canillas de Albaida,29,01,Málaga,ES617,29:34,nombre,L01290347,P2903400F,36.846121,-3.98751,Canillas de Albaida
29035,0,Cañete la Real,29,01,Málaga,ES617,29:35,nombre,L01290350,P2903500C,36.951554,-5.02445,Cañete la Real
29036,3,Carratraca,29,01,Málaga,ES617,29:36,nombre,L01290363,P2903600A,36.851582,-4.818139,Carratraca
29037,9,Cartajima,29,01,Málaga,ES617,29:37,nombre,L01290379,P2903700I,36.645428,-5.153987,Cartajima
29038,5,Cártama,29,01,Málaga,ES617,29:38,nombre,L01290385,P2903800G,36.710568,-4.632379,Cártama
29039,8,Casabermeja,29,01,Málaga,ES617,29:39,nombre,L01290398,P2903900E,36.894155,-4.429119,Casabermeja
29040,2,Casarabonela,29,01,Málaga,ES617,29:40,nombre,L01290402,P2904000C,36.785097,-4.84252,Casarabonela
29041,9,Casares,29,01,Málaga,ES617,29:41,nombre,L01290419,P2904100A,36.443318,-5.273273,Casares
29042,4,Coín,29,01,Málaga,ES617,29:42,nombre,L01290424,P2904200I,36.658302,-4.761027,Coín
29043,0,Colmenar,29,01,Málaga,ES617,29:43,nombre,L01290430,P2904300G,36.905204,-4.335205,Colmenar
29044,5,Comares,29,01,Málaga,ES617,29:44,nombre,L01290445,P2904400E,36.848742,-4.246819,Comares
29045,8,Cómpeta,29,01,Málaga,ES617,29:45,nombre,L01290458,P2904500B,36.832881,-3.975393,Cómpeta
29046,1,Cortes de la Frontera,29,01,Málaga,ES617,29:46,nombre,L01290461,P2904600J,36.616901,-5.34251,Cortes de la Frontera
29047,7,Cuevas Bajas,29,01,Málaga,ES617,29:47,nombre,L01290477,P2904700H,37.23583,-4.486983,Cuevas Bajas
29048,3,Cuevas del Becerro,29,01,Málaga,ES617,29:48,nombre,L01290483,P2904800F,36.876398,-5.045457,Cuevas del Becerro
29049,6,Cuevas de San Marcos,29,01,Málaga,ES617,29:49,nombre,L01290496,P2904900D,37.269482,-4.414232,Cuevas de San Marcos
29050,9,Cútar,29,01,Málaga,ES617,29:50,nombre,L01290509,P2905000B,36.830749,-4.22796,Cútar
29051,6,Estepona,29,01,Málaga,ES617,29:51,nombre,L01290516,P2905100J,36.42478,-5.149818,Estepona
29052,1,Faraján,29,01,Málaga,ES617,29:52,nombre,L01290521,P2905200H,36.616369,-5.188805,Faraján
29053,7,Frigiliana,29,01,Málaga,ES617,29:53,nombre,L01290537,P2905300F,36.792573,-3.898206,Frigiliana
29054,2,Fuengirola,29,01,Málaga,ES617,29:54,nombre,L01290542,P2905400D,36.537124,-4.626921,Fuengirola
29055,5,Fuente de Piedra,29,01,Málaga,ES617,29:55,nombre,L01290555,P2905500A,37.13531,-4.729729,Fuente de Piedra
29056,8,Gaucín,29,01,Málaga,ES617,29:56,nombre,L01290568,P2905600I,36.518367,-5.317525,Gaucín
29057,4,Genalguacil,29,01,Málaga,ES617,29:57,nombre,L01290574,P2905700G,36.544442,-5.235909,Genalguacil
29058,0,Guaro,29,01,Málaga,ES617,29:58,nombre,L01290580,P2905800E,36.656548,-4.833296,Guaro
29059,3,Humilladero,29,01,Málaga,ES617,29:59,nombre,L01290593,P2905900C,37.114858,-4.703343,Humilladero
29060,7,Igualeja,29,01,Málaga,ES617,29:60,nombre,L01290607,P2906000A,36.630451,-5.122398,Igualeja
29061,4,Istán,29,01,Málaga,ES617,29:61,nombre,L01290614,P2906100I,36.580223,-4.94785,Istán
29062,9,Iznate,29,01,Málaga,ES617,29:62,nombre,L01290629,P2906200G,36.77601,-4.183417,Iznate
29063,5,Jimera de Líbar,29,01,Málaga,ES617,29:63,nombre,L01290635,P2906300E,36.651862,-5.274063,Jimera de Líbar
29064,0,Jubrique,29,01,Málaga,ES617,29:64,nombre,L01290640,P2906400C,36.564338,-5.215189,Jubrique
29065,3,Júzcar,29,01,Málaga,ES617,29:65,nombre,L01290653,P2906500J,36.625533,-5.170852,Júzcar
29066,6,Macharaviaya,29,01,Málaga,ES617,29:66,nombre,L01290666,P2906600H,36.762061,-4.215304,Macharaviaya
29067,2,Málaga,29,01,Málaga,ES617,29:900,nombre,L01290672,,36.720262,-4.41498,Málaga
29068,8,Manilva,29,01,Málaga,ES617,29:68,nombre,L01290688,P2906800D,36.376895,-5.249233,Manilva
29069,1,Marbella,29,01,Málaga,ES617,29:69,nombre,L01290691,P2906900B,36.51052,-4.885136,Marbella
29070,5,Mijas,29,01,Málaga,ES617,29:70,nombre,L01290705,P2907000J,36.59658,-4.636749,Mijas
29071,2,Moclinejo,29,01,Málaga,ES617,29:71,nombre,L01290712,P2907100H,36.771197,-4.254085,Moclinejo
29072,7,Mollina,29,01,Málaga,ES617,29:72,nombre,L01290727,P2907200F,37.125625,-4.656671,Mollina
29073,3,Monda,29,01,Málaga,ES617,29:73,nombre,L01290733,P2907300D,36.630191,-4.83232,Monda
29074,8,Montejaque,29,01,Málaga,ES617,29:74,nombre,L01290748,P2907400B,36.733707,-5.251458,Montejaque
29075,1,Nerja,29,01,Málaga,ES617,29:75,nombre,L01290751,P2907500I,36.745463,-3.876783,Nerja
29076,4,Ojén,29,01,Málaga,ES617,29:76,nombre,L01290764,P2907600G,36.563714,-4.857328,Ojén
29077,0,Parauta,29,01,Málaga,ES617,29:77,nombre,L01290770,P2907700E,36.655325,-5.129557,Parauta
29079,9,Periana,29,01,Málaga,ES617,29:79,nombre,L01290799,P2907900A,36.926608,-4.188567,Periana
29080,3,Pizarra,29,01,Málaga,ES617,29:80,nombre,L01290803,P2908000I,36.76538,-4.708751,Pizarra
29081,0,Pujerra,29,01,Málaga,ES617,29:81,nombre,L01290810,P2908100G,36.612743,-5.149363,Pujerra
29082,5,Rincón de la Victoria,29,01,Málaga,ES617,29:82,nombre,L01290825,P2908200E,36.716037,-4.285359,Rincón de la Victoria
29083,1,Riogordo,29,01,Málaga,ES617,29:83,nombre,L01290831,P2908300C,36.914832,-4.293249,Riogordo
29084,6,Ronda,29,01,Málaga,ES617,29:84,nombre,L01290846,P2908400A,36.737028,-5.164912,Ronda
29085,9,Salares,29,01,Málaga,ES617,29:85,nombre,L01290859,P2908500H,36.854039,-4.024358,Salares
29086,2,Sayalonga,29,01,Málaga,ES617,29:86,nombre,L01290862,P2908600F,36.798051,-4.011798,Sayalonga
29087,8,Sedella,29,01,Málaga,ES617,29:87,nombre,L01290878,P2908700D,36.863029,-4.035055,Sedella
29088,4,Sierra de Yeguas,29,01,Málaga,ES617,29:88,nombre,L01290884,P2908800B,37.124729,-4.86879,Sierra de Yeguas
29089,7,Teba,29,01,Málaga,ES617,29:89,nombre,L01290897,P2908900J,36.983317,-4.920405,Teba
29090,1,Tolox,29,01,Málaga,ES617,29:90,nombre,L01290901,P2909000H,36.68708,-4.904456,Tolox
29091,8,Torrox,29,01,Málaga,ES617,29:91,nombre,L01290918,P2909100F,36.75847,-3.952652,Torrox
29092,3,Totalán,29,01,Málaga,ES617,29:92,nombre,L01290923,P2909200D,36.764389,-4.297476,Totalán
29093,9,Valle de Abdalajís,29,01,Málaga,ES617,29:93,nombre,L01290939,P2909300B,36.931267,-4.682982,Valle de Abdalajís
29094,4,Vélez-Málaga,29,01,Málaga,ES617,29:94,nombre,L01290944,P2909400J,36.781336,-4.104302,Vélez-Málaga
29095,7,Villanueva de Algaidas,29,01,Málaga,ES617,29:95,nombre,L01290957,P2909500G,37.185878,-4.450866,Villanueva de Algaidas
29096,0,Villanueva del Rosario,29,01,Málaga,ES617,29:96,nombre,L01290960,P2909600E,36.996453,-4.364844,Villanueva del Rosario
29097,6,Villanueva del Trabuco,29,01,Málaga,ES617,29:97,nombre,L01290976,P2909700C,37.027938,-4.338746,Villanueva del Trabuco
29098,2,Villanueva de Tapia,29,01,Málaga,ES617,29:98,nombre,L01290982,P2909800A,37.181788,-4.335521,Villanueva de Tapia
29099,5,Viñuela,29,01,Málaga,ES617,29:99,nombre,L01290995,P2909900I,36.862721,-4.141405,Viñuela
29100,9,Yunquera,29,01,Málaga,ES617,29:100,nombre,L01291009,P2910000E,36.734203,-4.917332,Yunquera
29901,8,Torremolinos,29,01,Málaga,ES617,29:103,nombre,L01299018,P2910300I,36.621362,-4.507747,Torremolinos
29902,3,Villanueva de la Concepción,29,01,Málaga,ES617,29:102,nombre,L01299023,P2900005F,36.932736,-4.528681,Villanueva de la Concepción
29903,9,Montecorto,29,01,Málaga,ES617,29:101,nombre,L01299039,P2900094J,36.815687,-5.296741,Montecorto
29904,4,Serrato,29,01,Málaga,ES617,29:104,nombre,L01299044,Q2900562F,36.886066,-4.981272,Serrato
30001,1,Abanilla,30,14,Murcia,ES620,30:1,nombre,L01300011,P3000100B,38.207261,-1.04153,Abanilla
30002,6,Abarán,30,14,Murcia,ES620,30:2,nombre,L01300026,P3000200J,38.202812,-1.400344,Abarán
30003,2,Águilas,30,14,Murcia,ES620,30:3,nombre,L01300032,P3000300H,37.404179,-1.58218,Águilas
30004,7,Albudeite,30,14,Murcia,ES620,30:4,nombre,L01300047,P3000400F,38.028421,-1.385337,Albudeite
30005,0,Alcantarilla,30,14,Murcia,ES620,30:5,nombre,L01300050,P3000500C,37.972038,-1.209537,Alcantarilla
30006,3,Aledo,30,14,Murcia,ES620,30:6,nombre,L01300063,P3000600A,37.791906,-1.573379,Aledo
30007,9,Alguazas,30,14,Murcia,ES620,30:7,nombre,L01300079,P3000700I,38.051298,-1.241815,Alguazas
30008,5,Alhama de Murcia,30,14,Murcia,ES620,30:8,nombre,L01300085,P3000800G,37.851511,-1.426431,Alhama de Murcia
30009,8,Archena,30,14,Murcia,ES620,30:9,nombre,L01300098,P3000900E,38.114164,-1.298716,Archena
30010,2,Beniel,30,14,Murcia,ES620,30:10,nombre,L01300102,P3001000C,38.046336,-1.001443,Beniel
30011,9,Blanca,30,14,Murcia,ES620,30:11,nombre,L01300119,P3001100A,38.180421,-1.376696,Blanca
30012,4,Bullas,30,14,Murcia,ES620,30:12,nombre,L01300124,P3001200I,38.049553,-1.670844,Bullas
30013,0,Calasparra,30,14,Murcia,ES620,30:13,nombre,L01300130,P3001300G,38.231252,-1.697533,Calasparra
30014,5,Campos del Río,30,14,Murcia,ES620,30:14,nombre,L01300145,P3001400E,38.039795,-1.35097,Campos del Río
30015,8,Caravaca de la Cruz,30,14,Murcia,ES620,30:15,nombre,L01300158,P3001500B,38.107668,-1.859877,Caravaca de la Cruz
30016,1,Cartagena,30,14,Murcia,ES620,30:16,nombre,L01300161,P3001600J,37.600888,-0.98493,Cartagena
30017,7,Cehegín,30,14,Murcia,ES620,30:17,nombre,L01300177,P3001700H,38.096011,-1.79867,Cehegín
30018,3,Ceutí,30,14,Murcia,ES620,30:18,nombre,L01300183,P3001800F,38.078016,-1.274458,Ceutí
30019,6,Cieza,30,14,Murcia,ES620,30:19,nombre,L01300196,P3001900D,38.236594,-1.42773,Cieza
30020,0,Fortuna,30,14,Murcia,ES620,30:20,nombre,L01300200,P3002000B,38.179873,-1.123225,Fortuna
30021,7,Fuente Álamo de Murcia,30,14,Murcia,ES620,30:21,nombre,L01300217,P3002100J,37.723358,-1.170095,Fuente Álamo de Murcia
30022,2,Jumilla,30,14,Murcia,ES620,30:22,nombre,L01300222,P3002200H,38.474684,-1.329098,Jumilla
30023,8,Librilla,30,14,Murcia,ES620,30:23,nombre,L01300238,P3002300F,37.886804,-1.350629,Librilla
30024,3,Lorca,30,14,Murcia,ES620,30:24,nombre,L01300243,P3002400D,37.676487,-1.699891,Lorca
30025,6,Lorquí,30,14,Murcia,ES620,30:25,nombre,L01300256,P3002500A,38.080427,-1.256801,Lorquí
30026,9,Mazarrón,30,14,Murcia,ES620,30:26,nombre,L01300269,P3002600I,37.597355,-1.316492,Mazarrón
30027,5,Molina de Segura,30,14,Murcia,ES620,30:27,nombre,L01300275,P3002700G,38.055005,-1.213098,Molina de Segura
30028,1,Moratalla,30,14,Murcia,ES620,30:28,nombre,L01300281,P3002800E,38.188438,-1.890934,Moratalla
30029,4,Mula,30,14,Murcia,ES620,30:29,nombre,L01300294,P3002900C,38.041605,-1.491089,Mula
30030,8,Murcia,30,14,Murcia,ES620,30:30,nombre,L01300308,P3003000A,37.983456,-1.130208,Murcia
30031,5,Ojós,30,14,Murcia,ES620,30:31,nombre,L01300315,P3003100I,38.147108,-1.342077,Ojós
30032,0,Pliego,30,14,Murcia,ES620,30:32,nombre,L01300320,P3003200G,37.990613,-1.505772,Pliego
30033,6,Puerto Lumbreras,30,14,Murcia,ES620,30:33,nombre,L01300336,P3000330E,37.561255,-1.808622,Puerto Lumbreras
30034,1,Ricote,30,14,Murcia,ES620,30:34,nombre,L01300341,P3003400C,38.15277,-1.362983,Ricote
30035,4,San Javier,30,14,Murcia,ES620,30:35,nombre,L01300354,P3003500J,37.805501,-0.834746,San Javier
30036,7,San Pedro del Pinatar,30,14,Murcia,ES620,30:36,nombre,L01300367,P3003600H,37.836164,-0.791855,San Pedro del Pinatar
30037,3,Torre-Pacheco,30,14,Murcia,ES620,30:37,nombre,L01300373,P3003700F,37.741201,-0.953765,Torre-Pacheco
30038,9,"Torres de Cotillas, Las",30,14,Murcia,ES620,30:38,nombre,L01300389,P3003800D,38.027707,-1.23972,Las Torres de Cotillas
30039,2,Totana,30,14,Murcia,ES620,30:39,nombre,L01300392,P3003900B,37.76993,-1.502796,Totana
30040,6,Ulea,30,14,Murcia,ES620,30:40,nombre,L01300406,P3004000J,38.138001,-1.332229,Ulea
30041,3,"Unión, La",30,14,Murcia,ES620,30:41,nombre,L01300413,P3004100H,37.617235,-0.878134,La Unión
30042,8,Villanueva del Río Segura,30,14,Murcia,ES620,30:42,nombre,L01300428,P3004200F,38.137245,-1.323932,Villanueva del Río Segura
30043,4,Yecla,30,14,Murcia,ES620,30:43,nombre,L01300434,P3004300D,38.612536,-1.116671,Yecla
30901,2,Santomera,30,14,Murcia,ES620,30:44,nombre,L01309012,P3004400B,38.061636,-1.048844,Santomera
30902,7,"Alcázares, Los",30,14,Murcia,ES620,30:45,nombre,L01309027,P3004500I,37.739226,-0.851936,Los Alcázares
31001,8,Abáigar,31,15,Navarra,ES220,31:1,nombre,L01310018,P3100100A,42.648559,-2.141324,Abáigar
31002,3,Abárzuza/Abartzuza,31,15,Navarra,ES220,31:2,nombre,L01310023,P3100200I,42.725929,-2.021781,Abárzuza/Abartzuza
31003,9,Abaurregaina/Abaurrea Alta,31,15,Navarra,ES220,31:3,nombre,L01310039,P3100300G,42.903489,-1.207911,Abaurregaina/Abaurrea Alta
31004,4,Abaurrepea/Abaurrea Baja,31,15,Navarra,ES220,31:4,nombre,L01310044,P3100400E,42.909819,-1.216846,Abaurrepea/Abaurrea Baja
31005,7,Aberin,31,15,Navarra,ES220,31:5,nombre,L01310057,P3100500B,42.619309,-2.012515,Muniáin de la Solana
31006,0,Ablitas,31,15,Navarra,ES220,31:6,nombre,L01310060,P3100600J,41.972485,-1.642891,Ablitas
31007,6,Adiós,31,15,Navarra,ES220,31:7,nombre,L01310076,P3100700H,42.687299,-1.73542,Adiós
31008,2,Aguilar de Codés,31,15,Navarra,ES220,31:8,nombre,L01310082,P3100800F,42.613078,-2.389611,Aguilar de Codés
31009,5,Aibar/Oibar,31,15,Navarra,ES220,31:9,nombre,L01310095,P3100900D,42.591322,-1.36035,Aibar/Oibar
31010,9,Altsasu/Alsasua,31,15,Navarra,ES220,31:10,nombre,L01310109,P3101000B,42.894974,-2.168818,Altsasu/Alsasua
31011,6,Allín/Allin,31,15,Navarra,ES220,31:11,nombre,L01310116,P3101100J,42.708482,-2.075931,Larrión
31012,1,Allo,31,15,Navarra,ES220,31:12,nombre,L01310121,P3101200H,42.567861,-2.019625,Allo
31013,7,Améscoa Baja,31,15,Navarra,ES220,31:13,nombre,L01310137,P3101300F,42.772586,-2.133507,Zudaire
31014,2,Ancín/Antzin,31,15,Navarra,ES220,31:14,nombre,L01310142,P3101400D,42.661234,-2.190101,Ancín/Antzin
31015,5,Andosilla,31,15,Navarra,ES220,31:15,nombre,L01310155,P3101500A,42.377833,-1.942067,Andosilla
31016,8,Ansoáin/Antsoain,31,15,Navarra,ES220,31:16,nombre,L01310168,P3132500D,42.833914,-1.638644,Ansoáin/Antsoain
31017,4,Anue,31,15,Navarra,ES220,31:17,nombre,L01310174,P3101700G,42.960695,-1.617221,Olague
31018,0,Añorbe,31,15,Navarra,ES220,31:18,nombre,L01310180,P3101800E,42.658087,-1.714023,Añorbe
31019,3,Aoiz/Agoitz,31,15,Navarra,ES220,31:19,nombre,L01310193,P3101900C,42.785849,-1.367873,Aoiz/Agoitz
31020,7,Araitz,31,15,Navarra,ES220,31:20,nombre,L01310207,P3102000A,43.034863,-1.983966,Arribe
31021,4,Aranarache/Aranaratxe,31,15,Navarra,ES220,31:21,nombre,L01310214,P3102100I,42.779053,-2.228617,Aranarache/Aranaratxe
31022,9,Arantza,31,15,Navarra,ES220,31:22,nombre,L01310229,P3102200G,43.196477,-1.726376,Arantza
31023,5,Aranguren,31,15,Navarra,ES220,31:23,nombre,L01310235,P3102300E,42.789318,-1.617833,Mutilva/Mutiloa
31024,0,Arano,31,15,Navarra,ES220,31:24,nombre,L01310240,P3102400C,43.199409,-1.895172,Arano
31025,3,Arakil,31,15,Navarra,ES220,31:25,nombre,L01310253,P3102500J,42.924927,-1.864018,Egiarreta
31026,6,Aras,31,15,Navarra,ES220,31:26,nombre,L01310266,P3102600H,42.562276,-2.354954,Aras
31027,2,Arbizu,31,15,Navarra,ES220,31:27,nombre,L01310272,P3102700F,42.914063,-2.039418,Arbizu
31028,8,Arce/Artzi,31,15,Navarra,ES220,31:28,nombre,L01310288,P3102800D,,,
31029,1,"Arcos, Los",31,15,Navarra,ES220,31:29,nombre,L01310291,P3102900B,42.570369,-2.192786,Los Arcos
31030,5,Arellano,31,15,Navarra,ES220,31:30,nombre,L01310305,P3103000J,42.606453,-2.046822,Arellano
31031,2,Areso,31,15,Navarra,ES220,31:31,nombre,L01310312,P3103100H,43.081138,-1.951984,Areso
31032,7,Arguedas,31,15,Navarra,ES220,31:32,nombre,L01310327,P3103200F,42.176667,-1.598326,Arguedas
31033,3,Aria,31,15,Navarra,ES220,31:33,nombre,L01310333,P3103300D,42.952847,-1.265602,Aria
31034,8,Aribe,31,15,Navarra,ES220,31:34,nombre,L01310348,P3103400B,42.943891,-1.263763,Aribe
31035,1,Armañanzas,31,15,Navarra,ES220,31:35,nombre,L01310351,P3103500I,42.559897,-2.285237,Armañanzas
31036,4,Arróniz,31,15,Navarra,ES220,31:36,nombre,L01310364,P3103600G,42.589001,-2.091116,Arróniz
31037,0,Arruazu,31,15,Navarra,ES220,31:37,nombre,L01310370,P3103700E,42.921993,-1.998801,Arruazu
31038,6,Artajona,31,15,Navarra,ES220,31:38,nombre,L01310386,P3103800C,42.590044,-1.764299,Artajona
31039,9,Artazu,31,15,Navarra,ES220,31:39,nombre,L01310399,P3103900A,42.6921,-1.839046,Artazu
31040,3,Atetz,31,15,Navarra,ES220,31:40,nombre,L01310403,P3104000I,42.939637,-1.709931,Erice/Eritzegoiti
31041,0,Ayegui/Aiegi,31,15,Navarra,ES220,31:41,nombre,L01310410,P3104100G,42.656703,-2.038428,Ayegui/Aiegi
31042,5,Azagra,31,15,Navarra,ES220,31:42,nombre,L01310425,P3104200E,42.307851,-1.894408,Azagra
31043,1,Azuelo,31,15,Navarra,ES220,31:43,nombre,L01310431,P3104300C,42.608725,-2.349599,Azuelo
31044,6,Bakaiku,31,15,Navarra,ES220,31:44,nombre,L01310446,P3104400A,42.892439,-2.102119,Bakaiku
31045,9,Barásoain,31,15,Navarra,ES220,31:45,nombre,L01310459,P3104500H,42.603463,-1.646423,Barásoain
31046,2,Barbarin,31,15,Navarra,ES220,31:46,nombre,L01310462,P3104600F,42.602024,-2.102945,Barbarin
31047,8,Bargota,31,15,Navarra,ES220,31:47,nombre,L01310478,P3104700D,42.561316,-2.31213,Bargota
31048,4,Barillas,31,15,Navarra,ES220,31:48,nombre,L01310484,P3104800B,41.970157,-1.663487,Barillas
31049,7,Basaburua,31,15,Navarra,ES220,31:49,nombre,L01310497,P3104900J,42.999488,-1.802479,Jauntsarats
31050,0,Baztan,31,15,Navarra,ES220,31:50,nombre,L01310500,P3105000H,43.146732,-1.517025,Elizondo
31051,7,Beire,31,15,Navarra,ES220,31:51,nombre,L01310517,P3105100F,42.454818,-1.621622,Beire
31052,2,Belascoáin,31,15,Navarra,ES220,31:52,nombre,L01310522,P3105200D,42.755953,-1.832243,Belascoáin
31053,8,Berbinzana,31,15,Navarra,ES220,31:53,nombre,L01310538,P3105300B,42.526337,-1.833792,Berbinzana
31054,3,Bertizarana,31,15,Navarra,ES220,31:54,nombre,L01310543,P3105400J,43.133507,-1.627117,Narbarte
31055,6,Betelu,31,15,Navarra,ES220,31:55,nombre,L01310556,P3105500G,43.02544,-1.980804,Betelu
31056,9,Biurrun-Olcoz,31,15,Navarra,ES220,31:56,nombre,L01310569,P3105600E,42.692676,-1.679302,Biurrun
31057,5,Buñuel,31,15,Navarra,ES220,31:57,nombre,L01310575,P3105700C,41.980333,-1.442374,Buñuel
31058,1,Auritz/Burguete,31,15,Navarra,ES220,31:58,nombre,L01310581,P3105800A,42.989426,-1.335654,Auritz/Burguete
31059,4,Burgui/Burgi,31,15,Navarra,ES220,31:59,nombre,L01310594,P3105900I,42.720582,-1.004636,Burgui/Burgi
31060,8,Burlada/Burlata,31,15,Navarra,ES220,31:60,nombre,L01310608,P3126600J,42.822904,-1.614002,Burlada/Burlata
31061,5,"Busto, El",31,15,Navarra,ES220,31:61,nombre,L01310615,P3106000G,42.548543,-2.241544,El Busto
31062,0,Cabanillas,31,15,Navarra,ES220,31:62,nombre,L01310620,P3106100E,42.030311,-1.523984,Cabanillas
31063,6,Cabredo,31,15,Navarra,ES220,31:63,nombre,L01310636,P3106200C,42.629426,-2.412559,Cabredo
31064,1,Cadreita,31,15,Navarra,ES220,31:64,nombre,L01310641,P3106300A,42.217495,-1.695544,Cadreita
31065,4,Caparroso,31,15,Navarra,ES220,31:65,nombre,L01310654,P3106400I,42.338491,-1.65435,Caparroso
31066,7,Cárcar,31,15,Navarra,ES220,31:66,nombre,L01310667,P3106500F,42.393389,-1.977019,Cárcar
31067,3,Carcastillo,31,15,Navarra,ES220,31:67,nombre,L01310673,P3106600D,42.379752,-1.445111,Carcastillo
31068,9,Cascante,31,15,Navarra,ES220,31:68,nombre,L01310689,P3106700B,41.999071,-1.679001,Cascante
31069,2,Cáseda,31,15,Navarra,ES220,31:69,nombre,L01310692,P3106800J,42.523161,-1.367619,Cáseda
31070,6,Castejón,31,15,Navarra,ES220,31:70,nombre,L01310706,P3106900H,42.170706,-1.692654,Castejón
31071,3,Castillonuevo/Gazteluberri,31,15,Navarra,ES220,31:71,punto,L01310713,P3107000F,42.678435,-1.044239,Castillonuevo/Gazteluberri
31072,8,Cintruénigo,31,15,Navarra,ES220,31:72,nombre,L01310728,P3107100D,42.082115,-1.807965,Cintruénigo
31073,4,Ziordia,31,15,Navarra,ES220,31:73,nombre,L01310734,P3107200B,42.870813,-2.228935,Ziordia
31074,9,Cirauqui/Zirauki,31,15,Navarra,ES220,31:74,nombre,L01310749,P3107300J,42.675373,-1.891241,Cirauqui/Zirauki
31075,2,Ciriza/Ziritza,31,15,Navarra,ES220,31:75,nombre,L01310752,P3107400H,42.791077,-1.825684,Ciriza/Ziritza
31076,5,Cizur,31,15,Navarra,ES220,31:76,nombre,L01310765,P3107500E,42.791887,-1.717787,Gazólaz
31077,1,Corella,31,15,Navarra,ES220,31:77,nombre,L01310771,P3107600C,42.114267,-1.78457,Corella
31078,7,Cortes,31,15,Navarra,ES220,31:78,nombre,L01310787,P3107700A,41.921334,-1.4203,Cortes
31079,0,Desojo,31,15,Navarra,ES220,31:79,nombre,L01310790,P3107800I,42.58708,-2.273536,Desojo
31080,4,Dicastillo,31,15,Navarra,ES220,31:80,nombre,L01310804,P3107900G,42.595844,-2.028162,Dicastillo
31081,1,Donamaria,31,15,Navarra,ES220,31:81,nombre,L01310811,P3108000E,43.115929,-1.659711,Uxarrea Auzoa
31082,6,Etxalar,31,15,Navarra,ES220,31:82,nombre,L01310826,P3108100C,43.234164,-1.636963,Etxalar
31083,2,Echarri/Etxarri,31,15,Navarra,ES220,31:83,nombre,L01310832,P3108200A,42.78029,-1.826213,Echarri/Etxarri
31084,7,Etxarri Aranatz,31,15,Navarra,ES220,31:84,nombre,L01310847,,42.907425,-2.064583,Etxarri Aranatz
31085,0,Etxauri,31,15,Navarra,ES220,31:85,nombre,L01310850,P3108400G,42.794191,-1.792119,Etxauri
31086,3,Valle de Egüés/Eguesibar,31,15,Navarra,ES220,31:86,nombre,L01310863,P3108500D,42.81149,-1.593911,Sarriguren
31087,9,Elgorriaga,31,15,Navarra,ES220,31:87,nombre,L01310879,P3108600B,43.138397,-1.687116,Elgorriaga
31088,5,Valle de Elorz/Elortzibar,31,15,Navarra,ES220,31:88,punto,L01310885,P3108700J,42.762481,-1.63582,Noáin/Noain
31089,8,Enériz/Eneritz,31,15,Navarra,ES220,31:89,nombre,L01310898,P3108800H,42.670855,-1.728549,Enériz/Eneritz
31090,2,Eratsun,31,15,Navarra,ES220,31:90,nombre,L01310902,P3108900F,43.082601,-1.79669,Eratsun
31091,9,Ergoiena,31,15,Navarra,ES220,31:91,nombre,L01310919,P3109000D,42.873871,-2.033694,Lizarraga
31092,4,Erro,31,15,Navarra,ES220,31:92,nombre,L01310924,P3109100B,42.957423,-1.433044,Lintzoain
31093,0,Ezcároz/Ezkaroze,31,15,Navarra,ES220,31:93,nombre,L01310930,P3109200J,42.886283,-1.097454,Ezcároz/Ezkaroze
31094,5,Eslava,31,15,Navarra,ES220,31:94,nombre,L01310945,P3109300H,42.564113,-1.458744,Eslava
31095,8,Esparza de Salazar/Espartza Zaraitzu,31,15,Navarra,ES220,31:95,punto,L01310958,P3109400F,42.853854,-1.099942,Esparza de Salazar/Espartza Zaraitzu
31096,1,Espronceda,31,15,Navarra,ES220,31:96,nombre,L01310961,P3109500C,42.597015,-2.303789,Espronceda
31097,7,Estella-Lizarra,31,15,Navarra,ES220,31:97,nombre,L01310977,P3109600A,42.670463,-2.030593,Estella-Lizarra
31098,3,Esteribar,31,15,Navarra,ES220,31:98,nombre,L01310983,P3109700I,42.926785,-1.507272,Zubiri
31099,6,Etayo,31,15,Navarra,ES220,31:99,nombre,L01310996,P3109800G,42.6172,-2.153641,Etayo
31100,0,Eulate,31,15,Navarra,ES220,31:100,nombre,L01311000,P3109900E,42.776639,-2.208,Eulate
31101,7,Ezcabarte,31,15,Navarra,ES220,31:101,nombre,L01311017,P3110000A,42.8512,-1.620022,Oricáin
31102,2,Ezkurra,31,15,Navarra,ES220,31:102,nombre,L01311022,P3110100I,43.084647,-1.825265,Ezkurra
31103,8,Ezprogui,31,15,Navarra,ES220,31:103,nombre,L01311038,P3110200G,42.571415,-1.421749,Ayesa
31104,3,Falces,31,15,Navarra,ES220,31:104,nombre,L01311043,P3110300E,42.388352,-1.795879,Falces
31105,6,Fitero,31,15,Navarra,ES220,31:105,nombre,L01311056,P3110400C,42.056042,-1.856351,Fitero
31106,9,Fontellas,31,15,Navarra,ES220,31:106,nombre,L01311069,P3110500J,42.02818,-1.575297,Fontellas
31107,5,Funes,31,15,Navarra,ES220,31:107,nombre,L01311075,P3110600H,42.313888,-1.802946,Funes
31108,1,Fustiñana,31,15,Navarra,ES220,31:108,nombre,L01311081,P3110700F,42.020046,-1.486241,Fustiñana
31109,4,Galar,31,15,Navarra,ES220,31:109,nombre,L01311094,P3110800D,42.755004,-1.64907,Salinas de Pamplona
31110,8,Gallipienzo/Galipentzu,31,15,Navarra,ES220,31:110,nombre,L01311108,P3110900B,42.52366,-1.409678,Gallipienzo/Galipentzu
31111,5,Gallués/Galoze,31,15,Navarra,ES220,31:111,nombre,L01311115,P3111000J,42.784323,-1.095928,Gallués/Galoze
31112,0,Garaioa,31,15,Navarra,ES220,31:112,nombre,L01311120,P3111100H,42.929721,-1.24426,Garaioa
31113,6,Garde,31,15,Navarra,ES220,31:113,punto,L01311136,P3111200F,42.788544,-0.924154,Garde
31114,1,Garínoain,31,15,Navarra,ES220,31:114,nombre,L01311141,P3111300D,42.599832,-1.644554,Garínoain
31115,4,Garralda,31,15,Navarra,ES220,31:115,nombre,L01311154,P3111400B,42.948312,-1.286287,Garralda
31116,7,Genevilla,31,15,Navarra,ES220,31:116,nombre,L01311167,P3111500I,42.644616,-2.390866,Genevilla
31117,3,Goizueta,31,15,Navarra,ES220,31:117,nombre,L01311173,P3111600G,43.170984,-1.864163,Goizueta
31118,9,Val de Goñi/Goñerri,31,15,Navarra,ES220,31:118,punto,L01311189,P3111700E,42.832714,-1.875167,Aizpún
31119,2,Güesa/Gorza,31,15,Navarra,ES220,31:119,nombre,L01311192,P3111800C,42.806216,-1.095911,Güesa/Gorza
31120,6,Guesálaz/Gesalatz,31,15,Navarra,ES220,31:120,nombre,L01311206,P3111900A,42.75379,-1.933536,Muez
31121,3,Guirguillano,31,15,Navarra,ES220,31:121,nombre,L01311213,P3112000I,42.724666,-1.87861,Echarren de Guirguillano
31122,8,Huarte/Uharte,31,15,Navarra,ES220,31:122,nombre,L01311228,P3112100G,42.831394,-1.590939,Huarte/Uharte
31123,4,Uharte Arakil,31,15,Navarra,ES220,31:123,nombre,L01311234,P3112200E,42.920638,-1.969515,Uharte Arakil
31124,9,Ibargoiti,31,15,Navarra,ES220,31:124,nombre,L01311249,P3112300C,42.68815,-1.472223,Idocin
31125,2,Igúzquiza,31,15,Navarra,ES220,31:125,nombre,L01311252,P3112400A,42.646836,-2.084401,Igúzquiza
31126,5,Imotz,31,15,Navarra,ES220,31:126,nombre,L01311265,P3112500H,42.968968,-1.793735,Etxaleku
31127,1,Irañeta,31,15,Navarra,ES220,31:127,nombre,L01311271,P3112600F,42.922241,-1.944842,Irañeta
31128,7,Isaba/Izaba,31,15,Navarra,ES220,31:128,nombre,L01311287,P3112700D,42.86129,-0.923046,Isaba/Izaba
31129,0,Ituren,31,15,Navarra,ES220,31:129,nombre,L01311290,P3112800B,43.128952,-1.707042,Ituren
31130,4,Iturmendi,31,15,Navarra,ES220,31:130,nombre,L01311304,P3112900J,42.889458,-2.118834,Iturmendi
31131,1,Iza/Itza,31,15,Navarra,ES220,31:131,nombre,L01311311,P3113000H,42.882079,-1.765663,Erice
31132,6,Izagaondoa,31,15,Navarra,ES220,31:132,nombre,L01311326,P3113100F,42.735323,-1.421806,Ardanaz
31133,2,Izalzu/Itzaltzu,31,15,Navarra,ES220,31:133,nombre,L01311332,P3113200D,42.91351,-1.053648,Izalzu/Itzaltzu
31134,7,Jaurrieta,31,15,Navarra,ES220,31:134,punto,L01311347,P3113300B,42.887199,-1.135817,Jaurrieta
31135,0,Javier,31,15,Navarra,ES220,31:135,nombre,L01311350,P3113400J,42.591652,-1.21004,Javier
31136,3,Juslapeña/Txulapain,31,15,Navarra,ES220,31:136,nombre,L01311363,P3113500G,42.897671,-1.695565,Marcaláin
31137,9,Beintza-Labaien,31,15,Navarra,ES220,31:137,punto,L01311379,P3113600E,43.087222,-1.743311,Beintza-Labaien
31138,5,Lakuntza,31,15,Navarra,ES220,31:138,nombre,L01311385,P3113700C,42.922031,-2.022794,Lakuntza
31139,8,Lana,31,15,Navarra,ES220,31:139,nombre,L01311398,P3113800A,42.708133,-2.248418,Galbarra
31140,2,Lantz,31,15,Navarra,ES220,31:140,nombre,L01311402,P3113900I,42.997718,-1.620768,Lantz
31141,9,Lapoblación,31,15,Navarra,ES220,31:141,nombre,L01311419,P3114000G,42.603721,-2.475616,Meano
31142,4,Larraga,31,15,Navarra,ES220,31:142,nombre,L01311424,P3114100E,42.558637,-1.848871,Larraga
31143,0,Larraona,31,15,Navarra,ES220,31:143,nombre,L01311430,P3114200C,42.779488,-2.257464,Larraona
31144,5,Larraun,31,15,Navarra,ES220,31:144,nombre,L01311445,P3114300A,42.999388,-1.889231,Mugiro
31145,8,Lazagurría,31,15,Navarra,ES220,31:145,nombre,L01311458,P3114400I,42.492747,-2.240412,Lazagurría
31146,1,Leache/Leatxe,31,15,Navarra,ES220,31:146,nombre,L01311461,P3114500F,42.60684,-1.408207,Leache/Leatxe
31147,7,Legarda,31,15,Navarra,ES220,31:147,nombre,L01311477,P3114600D,42.71137,-1.771723,Legarda
31148,3,Legaria,31,15,Navarra,ES220,31:148,nombre,L01311483,P3114700B,42.648472,-2.173676,Legaria
31149,6,Leitza,31,15,Navarra,ES220,31:149,nombre,L01311496,P3114800J,43.078766,-1.914559,Leitza
31150,9,Leoz/Leotz,31,15,Navarra,ES220,31:150,nombre,L01311509,P3114900H,42.645006,-1.51908,Leoz/Leotz
31151,6,Lerga,31,15,Navarra,ES220,31:151,nombre,L01311516,P3115000F,42.566215,-1.501006,Lerga
31152,1,Lerín,31,15,Navarra,ES220,31:152,nombre,L01311521,P3115100D,42.48414,-1.971082,Lerín
31153,7,Lesaka,31,15,Navarra,ES220,31:153,nombre,L01311537,P3115200B,43.246736,-1.703838,Lesaka
31154,2,Lezaun,31,15,Navarra,ES220,31:154,nombre,L01311542,P3115300J,42.778001,-1.994252,Lezaun
31155,5,Liédena,31,15,Navarra,ES220,31:155,nombre,L01311555,P3115400H,42.620191,-1.275407,Liédena
31156,8,Lizoain-Arriasgoiti/Lizoainibar-Arriasgoiti,31,15,Navarra,ES220,31:156,punto,L01311568,P3115500E,42.799286,-1.467596,Lizoáin
31157,4,Lodosa,31,15,Navarra,ES220,31:157,nombre,L01311574,P3115600C,42.424387,-2.078113,Lodosa
31158,0,Lónguida/Longida,31,15,Navarra,ES220,31:158,nombre,L01311580,P3115700A,42.756138,-1.386791,Aos
31159,3,Lumbier,31,15,Navarra,ES220,31:159,nombre,L01311593,P3115800I,42.652534,-1.306406,Lumbier
31160,7,Luquin,31,15,Navarra,ES220,31:160,nombre,L01311607,P3115900G,42.612616,-2.09966,Luquin
31161,4,Mañeru,31,15,Navarra,ES220,31:161,nombre,L01311614,P3116000E,42.668871,-1.863874,Mañeru
31162,9,Marañón,31,15,Navarra,ES220,31:162,nombre,L01311629,P3116100C,42.629565,-2.439228,Marañón
31163,5,Marcilla,31,15,Navarra,ES220,31:163,nombre,L01311635,P3116200A,42.326416,-1.739241,Marcilla
31164,0,Mélida,31,15,Navarra,ES220,31:164,nombre,L01311640,P3116300I,42.359238,-1.547166,Mélida
31165,3,Mendavia,31,15,Navarra,ES220,31:165,nombre,L01311653,P3116500D,42.441857,-2.200108,Mendavia
31166,6,Mendaza,31,15,Navarra,ES220,31:166,nombre,L01311666,P3116600B,42.64156,-2.235351,Mendaza
31167,2,Mendigorria,31,15,Navarra,ES220,31:167,nombre,L01311672,P3116700J,42.628424,-1.83549,Mendigorria
31168,8,Metauten,31,15,Navarra,ES220,31:168,nombre,L01311688,P3116800H,42.677495,-2.12677,Metauten
31169,1,Milagro,31,15,Navarra,ES220,31:169,nombre,L01311691,P3116900F,42.240403,-1.762425,Milagro
31170,5,Mirafuentes,31,15,Navarra,ES220,31:170,nombre,L01311705,P3117000D,42.622149,-2.278089,Mirafuentes
31171,2,Miranda de Arga,31,15,Navarra,ES220,31:171,nombre,L01311712,P3117100B,42.483183,-1.827361,Miranda de Arga
31172,7,Monreal/Elo,31,15,Navarra,ES220,31:172,nombre,L01311727,P3117200J,42.705163,-1.507809,Monreal/Elo
31173,3,Monteagudo,31,15,Navarra,ES220,31:173,nombre,L01311733,P3117300H,41.962679,-1.691572,Monteagudo
31174,8,Morentin,31,15,Navarra,ES220,31:174,nombre,L01311748,P3117400F,42.613164,-2.013861,Morentin
31175,1,Mues,31,15,Navarra,ES220,31:175,nombre,L01311751,P3117500C,42.606328,-2.227024,Mues
31176,4,Murchante,31,15,Navarra,ES220,31:176,nombre,L01311764,P3117600A,42.02906,-1.657163,Murchante
31177,0,Murieta,31,15,Navarra,ES220,31:177,nombre,L01311770,P3117700I,42.658391,-2.157874,Murieta
31178,6,Murillo el Cuende,31,15,Navarra,ES220,31:178,nombre,L01311786,P3117800G,42.319063,-1.572984,Rada
31179,9,Murillo el Fruto,31,15,Navarra,ES220,31:179,nombre,L01311799,P3117900E,42.392534,-1.462292,Murillo el Fruto
31180,3,Muruzábal,31,15,Navarra,ES220,31:180,nombre,L01311803,P3118000C,42.68953,-1.771463,Muruzábal
31181,0,Navascués/Nabaskoze,31,15,Navarra,ES220,31:181,nombre,L01311810,P3118100A,42.718207,-1.1158,Navascués/Nabaskoze
31182,5,Nazar,31,15,Navarra,ES220,31:182,nombre,L01311825,P3118200I,42.636807,-2.279447,Nazar
31183,1,Obanos,31,15,Navarra,ES220,31:183,nombre,L01311831,P3118300G,42.679543,-1.785728,Obanos
31184,6,Oco,31,15,Navarra,ES220,31:184,nombre,L01311846,P3118400E,42.638807,-2.164981,Oco
31185,9,Ochagavía/Otsagabia,31,15,Navarra,ES220,31:185,nombre,L01311859,P3118500B,42.905795,-1.090659,Ochagavía/Otsagabia
31186,2,Odieta,31,15,Navarra,ES220,31:186,nombre,L01311862,P3118600J,42.938559,-1.639287,Ripa/Erripa
31187,8,Oiz,31,15,Navarra,ES220,31:187,punto,L01311878,P3118700H,43.109343,-1.68685,Oiz
31188,4,Olaibar,31,15,Navarra,ES220,31:188,nombre,L01311884,P3118800F,42.885518,-1.603593,Olave/Olabe
31189,7,Olazti/Olazagutía,31,15,Navarra,ES220,31:189,nombre,L01311897,P3118900D,42.876769,-2.196007,Olazti/Olazagutía
31190,1,Olejua,31,15,Navarra,ES220,31:190,nombre,L01311901,P3119000B,42.623153,-2.141474,Olejua
31191,8,Olite/Erriberri,31,15,Navarra,ES220,31:191,nombre,L01311918,P3119100J,42.481408,-1.651575,Olite/Erriberri
31192,3,Olóriz/Oloritz,31,15,Navarra,ES220,31:192,nombre,L01311923,P3119200H,42.635265,-1.613241,Olóriz/Oloritz
31193,9,Cendea de Olza/Oltza Zendea,31,15,Navarra,ES220,31:193,punto,L01311939,P3119300F,42.816254,-1.747047,Ororbia
31194,4,Valle de Ollo/Ollaran,31,15,Navarra,ES220,31:194,punto,L01311944,P3119400D,42.866573,-1.858753,Ollo
31195,7,Orbaizeta,31,15,Navarra,ES220,31:195,punto,L01311957,P3119500A,42.974484,-1.229427,Orbaizeta
31196,0,Orbara,31,15,Navarra,ES220,31:196,nombre,L01311960,P3119600I,42.966395,-1.241702,Orbara
31197,6,Orísoain,31,15,Navarra,ES220,31:197,nombre,L01311976,P3119700G,42.601153,-1.604383,Orísoain
31198,2,Oronz/Orontze,31,15,Navarra,ES220,31:198,nombre,L01311982,P3119800E,42.868194,-1.096772,Oronz/Orontze
31199,5,Oroz-Betelu/Orotz-Betelu,31,15,Navarra,ES220,31:199,nombre,L01311995,P3119900C,42.895428,-1.304255,Oroz-Betelu/Orotz-Betelu
31200,9,Oteiza,31,15,Navarra,ES220,31:200,nombre,L01312009,P3120000I,42.61915,-1.953404,Oteiza
31201,6,Pamplona/Iruña,31,15,Navarra,ES220,31:201,nombre,L01312016,P3120100G,42.818565,-1.644406,Pamplona/Iruña
31202,1,Peralta/Azkoien,31,15,Navarra,ES220,31:202,nombre,L01312021,P3120200E,42.338626,-1.797282,Peralta/Azkoien
31203,7,Petilla de Aragón,31,15,Navarra,ES220,31:203,nombre,L01312037,P3120300C,42.461539,-1.092537,Petilla de Aragón
31204,2,Piedramillera,31,15,Navarra,ES220,31:204,nombre,L01312042,P3120400A,42.631749,-2.204001,Piedramillera
31205,5,Pitillas,31,15,Navarra,ES220,31:205,nombre,L01312055,P3120500H,42.421364,-1.622716,Pitillas
31206,8,Puente la Reina/Gares,31,15,Navarra,ES220,31:206,nombre,L01312068,P3120600F,42.671597,-1.815672,Puente la Reina/Gares
31207,4,Pueyo/Puiu,31,15,Navarra,ES220,31:207,nombre,L01312074,P3120700D,42.564718,-1.647663,Pueyo/Puiu
31208,0,Ribaforada,31,15,Navarra,ES220,31:208,nombre,L01312080,P3120800B,41.99787,-1.509074,Ribaforada
31209,3,Romanzado/Erromantzatua,31,15,Navarra,ES220,31:209,nombre,L01312093,P3120900J,42.675054,-1.239368,Domeño
31210,7,Roncal/Erronkari,31,15,Navarra,ES220,31:210,nombre,L01312107,P3121000H,42.807492,-0.955905,Roncal/Erronkari
31211,4,Orreaga/Roncesvalles,31,15,Navarra,ES220,31:211,nombre,L01312114,P3121100F,43.009546,-1.320066,Orreaga/Roncesvalles
31212,9,Sada,31,15,Navarra,ES220,31:212,nombre,L01312129,P3121200D,42.585825,-1.397668,Sada
31213,5,Saldías,31,15,Navarra,ES220,31:213,nombre,L01312135,P3121300B,43.088848,-1.78002,Saldías
31214,0,Salinas de Oro/Jaitz,31,15,Navarra,ES220,31:214,nombre,L01312140,P3121400J,42.774389,-1.889586,Salinas de Oro/Jaitz
31215,3,San Adrián,31,15,Navarra,ES220,31:215,nombre,L01312153,P3121500G,42.331756,-1.933282,San Adrián
31216,6,Sangüesa/Zangoza,31,15,Navarra,ES220,31:216,nombre,L01312166,P3121600E,42.575289,-1.282583,Sangüesa/Zangoza
31217,2,San Martín de Unx,31,15,Navarra,ES220,31:217,nombre,L01312172,P3121700C,42.523526,-1.561743,San Martín de Unx
31219,1,Sansol,31,15,Navarra,ES220,31:219,nombre,L01312191,P3121900I,42.553625,-2.265694,Sansol
31220,5,Santacara,31,15,Navarra,ES220,31:220,nombre,L01312205,P3122000G,42.375456,-1.552989,Santacara
31221,2,Doneztebe/Santesteban,31,15,Navarra,ES220,31:221,nombre,L01312212,P3122100E,43.130937,-1.668722,Doneztebe/Santesteban
31222,7,Sarriés/Sartze,31,15,Navarra,ES220,31:222,nombre,L01312227,P3122200C,42.835306,-1.10023,Sarriés/Sartze
31223,3,Sartaguda,31,15,Navarra,ES220,31:223,nombre,L01312233,P3122300A,42.380981,-2.058509,Sartaguda
31224,8,Sesma,31,15,Navarra,ES220,31:224,nombre,L01312248,P3122400I,42.479118,-2.084414,Sesma
31225,1,Sorlada,31,15,Navarra,ES220,31:225,nombre,L01312251,P3122500F,42.615317,-2.216365,Sorlada
31226,4,Sunbilla,31,15,Navarra,ES220,31:226,nombre,L01312264,P3122600D,43.163509,-1.669654,Sunbilla
31227,0,Tafalla,31,15,Navarra,ES220,31:227,nombre,L01312270,P3122700B,42.527854,-1.674841,Tafalla
31228,6,Tiebas-Muruarte de Reta,31,15,Navarra,ES220,31:228,nombre,L01312286,P3122800J,42.693109,-1.640619,Tiebas
31229,9,Tirapu,31,15,Navarra,ES220,31:229,nombre,L01312299,P3122900H,42.657461,-1.702644,Tirapu
31230,3,Torralba del Río,31,15,Navarra,ES220,31:230,nombre,L01312303,P3123000F,42.607703,-2.33099,Torralba del Río
31231,0,Torres del Río,31,15,Navarra,ES220,31:231,nombre,L01312310,P3123100D,42.55174,-2.270721,Torres del Río
31232,5,Tudela,31,15,Navarra,ES220,31:232,nombre,L01312325,P3123200B,42.06369,-1.606045,Tudela
31233,1,Tulebras,31,15,Navarra,ES220,31:233,nombre,L01312331,P3123300J,41.976726,-1.676437,Tulebras
31234,6,Ucar,31,15,Navarra,ES220,31:234,nombre,L01312346,P3123400H,42.675682,-1.706678,Ucar
31235,9,Ujué/Uxue,31,15,Navarra,ES220,31:235,nombre,L01312359,P3123500E,42.505265,-1.49836,Ujué/Uxue
31236,2,Ultzama,31,15,Navarra,ES220,31:236,nombre,L01312362,P3123600C,42.97972,-1.689509,Larraintzar
31237,8,Unciti,31,15,Navarra,ES220,31:237,nombre,L01312378,P3123700A,42.747998,-1.500292,Unciti
31238,4,Unzué/Untzue,31,15,Navarra,ES220,31:238,nombre,L01312384,P3123800I,42.651876,-1.625957,Unzué/Untzue
31239,7,Urdazubi/Urdax,31,15,Navarra,ES220,31:239,nombre,L01312397,P3123900G,43.267812,-1.504013,Urdazubi/Urdax
31240,1,Urdiain,31,15,Navarra,ES220,31:240,nombre,L01312401,P3124000E,42.886908,-2.136708,Urdiain
31241,8,Urraul Alto,31,15,Navarra,ES220,31:241,nombre,L01312418,P3124100C,42.758073,-1.255861,Santa Fe
31242,3,Urraul Bajo,31,15,Navarra,ES220,31:242,nombre,L01312423,P3124200A,42.6866,-1.324961,San Vicente
31243,9,Urroz-Villa,31,15,Navarra,ES220,31:243,punto,L01312439,P3124300I,42.777405,-1.458611,Urroz-Villa
31244,4,Urroz,31,15,Navarra,ES220,31:243,nombre,L01312444,P3124400G,43.10033,-1.707399,Urroz
31245,7,Urzainqui/Urzainki,31,15,Navarra,ES220,31:245,nombre,L01312457,P3124500D,42.831632,-0.945699,Urzainqui/Urzainki
31246,0,Uterga,31,15,Navarra,ES220,31:246,nombre,L01312460,P3124600B,42.710013,-1.759719,Uterga
31247,6,Uztárroz/Uztarroze,31,15,Navarra,ES220,31:247,nombre,L01312476,P3124700J,42.891885,-0.940535,Uztárroz/Uztarroze
31248,2,Luzaide/Valcarlos,31,15,Navarra,ES220,31:248,nombre,L01312482,P3124800H,43.091967,-1.302433,Luzaide/Valcarlos
31249,5,Valtierra,31,15,Navarra,ES220,31:249,nombre,L01312495,P3124900F,42.195046,-1.633926,Valtierra
31250,8,Bera,31,15,Navarra,ES220,31:250,nombre,L01312508,P3125000D,43.281749,-1.687191,Bera
31251,5,Viana,31,15,Navarra,ES220,31:251,nombre,L01312515,P3125100B,42.515039,-2.372143,Viana
31252,0,Vidángoz/Bidankoze,31,15,Navarra,ES220,31:252,nombre,L01312520,P3125200J,42.802224,-1.013963,Vidángoz/Bidankoze
31253,6,Bidaurreta,31,15,Navarra,ES220,31:253,nombre,L01312536,P3125300H,42.775698,-1.834123,Bidaurreta
31254,1,Villafranca,31,15,Navarra,ES220,31:254,nombre,L01312541,P3125400F,42.279268,-1.750179,Villafranca
31255,4,Villamayor de Monjardín,31,15,Navarra,ES220,31:255,nombre,L01312554,P3125500C,42.628826,-2.103915,Villamayor de Monjardín
31256,7,Hiriberri/Villanueva de Aezkoa,31,15,Navarra,ES220,31:256,nombre,L01312567,P3125600A,42.945463,-1.230663,Hiriberri/Villanueva de Aezkoa
31257,3,Villatuerta,31,15,Navarra,ES220,31:257,nombre,L01312573,P3125700I,42.658629,-1.993049,Villatuerta
31258,9,Villava/Atarrabia,31,15,Navarra,ES220,31:258,nombre,L01312589,P3125800G,42.832211,-1.607351,Villava/Atarrabia
31259,2,Igantzi,31,15,Navarra,ES220,31:259,nombre,L01312592,P3125900E,43.224833,-1.700515,Igantzi
31260,6,Valle de Yerri/Deierri,31,15,Navarra,ES220,31:260,punto,L01312606,P3126000C,42.727361,-2.000065,Arizala/Aritzala
31261,3,Yesa,31,15,Navarra,ES220,31:261,nombre,L01312613,P3126100A,42.620368,-1.201532,Yesa
31262,8,Zabalza/Zabaltza,31,15,Navarra,ES220,31:262,nombre,L01312628,P3126200I,42.767608,-1.806176,Arraiza
31263,4,Zubieta,31,15,Navarra,ES220,31:263,nombre,L01312634,P3126300G,43.124837,-1.74235,Zubieta
31264,9,Zugarramurdi,31,15,Navarra,ES220,31:264,nombre,L01312649,P3126400E,43.269489,-1.540953,Zugarramurdi
31265,2,Zúñiga,31,15,Navarra,ES220,31:265,nombre,L01312652,P3126500B,42.693279,-2.300598,Zúñiga
31901,9,Barañáin/Barañain,31,15,Navarra,ES220,31:901,nombre,L01319019,P3138600F,42.804726,-1.684323,Barañáin/Barañain
31902,4,Berrioplano/Berriobeiti,31,15,Navarra,ES220,31:902,nombre,L01319024,P3190200J,42.852938,-1.69324,Berrioplano/Berriobeiti
31903,0,Berriozar,31,15,Navarra,ES220,31:903,nombre,L01319030,P3190300H,42.83556,-1.674436,Berriozar
31904,5,Irurtzun,31,15,Navarra,ES220,31:904,nombre,L01319045,P3190400F,42.918573,-1.828976,Irurtzun
31905,8,Beriáin,31,15,Navarra,ES220,31:905,nombre,L01319058,P3190590D,42.734276,-1.644047,Beriáin
31906,1,Orkoien,31,15,Navarra,ES220,31:906,punto,L01319061,P3190800G,42.822927,-1.695893,Orkoien
31907,7,Zizur Mayor/Zizur Nagusia,31,15,Navarra,ES220,31:907,punto,L01319077,P3190700I,42.787229,-1.69248,Zizur Mayor/Zizur Nagusia
31908,3,Lekunberri,31,15,Navarra,ES220,31:908,nombre,L01319083,P3155300A,43.005276,-1.895701,Lekunberri
32001,3,Allariz,32,12,Ourense,ES113,32:2,nombre,L01320013,P3200200H,42.190169,-7.801553,Allariz
32002,8,Amoeiro,32,12,Ourense,ES113,32:3,nombre,L01320028,P3200300F,42.414761,-7.947326,Amoeiro
32003,4,"Arnoia, A",32,12,Ourense,ES113,32:4,nombre,L01320034,P3200400D,42.253066,-8.135751,Outeiro Cruz
32004,9,Avión,32,12,Ourense,ES113,32:5,nombre,L01320049,P3200500A,42.375921,-8.251439,San Xusto
32005,2,Baltar,32,12,Ourense,ES113,32:6,nombre,L01320052,P3200600I,41.953755,-7.714344,Baltar
32006,5,Bande,32,12,Ourense,ES113,32:7,nombre,L01320065,P3200700G,42.031621,-7.975272,Bande
32007,1,Baños de Molgas,32,12,Ourense,ES113,32:8,nombre,L01320071,P3200800E,42.244728,-7.668392,Baños de Molgas
32008,7,Barbadás,32,12,Ourense,ES113,32:9,nombre,L01320087,P3200900C,42.299054,-7.88747,Barbadás
32009,0,"Barco de Valdeorras, O",32,12,Ourense,ES113,32:10,nombre,L01320090,P3201000A,42.416447,-6.984649,O Barco
32010,4,Beade,32,12,Ourense,ES113,32:11,nombre,L01320104,P3201100I,42.32556,-8.123278,Beade
32011,1,Beariz,32,12,Ourense,ES113,32:12,nombre,L01320111,P3201200G,42.467056,-8.273015,Beariz
32012,6,"Blancos, Os",32,12,Ourense,ES113,32:13,nombre,L01320126,P3201300E,41.997163,-7.75231,Os Blancos
32013,2,Boborás,32,12,Ourense,ES113,32:14,nombre,L01320132,P3201400C,42.431568,-8.14326,Boborás
32014,7,"Bola, A",32,12,Ourense,ES113,32:15,nombre,L01320147,P3201500J,42.159628,-7.896631,Podentes
32015,0,"Bolo, O",32,12,Ourense,ES113,32:16,nombre,L01320150,P3201600H,42.307188,-7.09942,O Bolo
32016,3,Calvos de Randín,32,12,Ourense,ES113,32:17,nombre,L01320163,P3201700F,41.947167,-7.896541,Calvos
32017,9,Carballeda de Valdeorras,32,12,Ourense,ES113,32:18,nombre,L01320179,P3201800D,42.377336,-6.878429,Carballeda
32018,5,Carballeda de Avia,32,12,Ourense,ES113,32:19,nombre,L01320185,P3201900B,42.319976,-8.164192,Carballeda de Avia
32019,8,"Carballiño, O",32,12,Ourense,ES113,32:20,nombre,L01320198,P3202000J,42.429725,-8.077541,O Carballiño
32020,2,Cartelle,32,12,Ourense,ES113,32:21,nombre,L01320202,P3202100H,42.225004,-8.019505,Outomuro
32021,9,Castrelo do Val,32,12,Ourense,ES113,32:22,nombre,L01320219,P3202200F,41.987972,-7.421367,Castrelo do Val
32022,4,Castrelo de Miño,32,12,Ourense,ES113,32:23,nombre,L01320224,P3202300D,42.295837,-8.096141,Barral
32023,0,Castro Caldelas,32,12,Ourense,ES113,32:24,nombre,L01320230,P3202400B,42.374519,-7.4154,O Castro de Caldelas
32024,5,Celanova,32,12,Ourense,ES113,32:25,nombre,L01320245,P3202500I,42.152001,-7.95783,Celanova
32025,8,Cenlle,32,12,Ourense,ES113,32:26,nombre,L01320258,P3202600G,42.333625,-8.065848,Xubín
32026,1,Coles,32,12,Ourense,ES113,32:27,nombre,L01320261,P3202700E,42.411669,-7.839749,Vilarchao
32027,7,Cortegada,32,12,Ourense,ES113,32:28,nombre,L01320277,P3202800C,42.206581,-8.171867,Cortegada
32028,3,Cualedro,32,12,Ourense,ES113,32:29,nombre,L01320283,P3202900A,41.988136,-7.594054,Cualedro
32029,6,Chandrexa de Queixa,32,12,Ourense,ES113,32:30,nombre,L01320296,P3203000I,42.301447,-7.388208,Rabal
32030,0,Entrimo,32,12,Ourense,ES113,32:31,nombre,L01320300,P3203100G,41.932731,-8.118728,A Terrachá
32031,7,Esgos,32,12,Ourense,ES113,32:32,nombre,L01320317,P3203200E,42.325338,-7.696415,Esgos
32032,2,Xinzo de Limia,32,12,Ourense,ES113,32:33,nombre,L01320322,P3203300C,42.063622,-7.724675,Xinzo de Limia
32033,8,Gomesende,32,12,Ourense,ES113,32:34,nombre,L01320338,P3203400A,42.188991,-8.094232,Sobrado
32034,3,"Gudiña, A",32,12,Ourense,ES113,32:35,nombre,L01320343,P3203500H,42.060635,-7.139,A Gudiña
32035,6,"Irixo, O",32,12,Ourense,ES113,32:36,nombre,L01320356,P3203600F,42.522845,-8.106067,O Irixo
32036,9,Xunqueira de Ambía,32,12,Ourense,ES113,32:37,nombre,L01320369,P3203700D,42.204111,-7.735275,Xunqueira de Ambía
32037,5,Xunqueira de Espadanedo,32,12,Ourense,ES113,32:38,nombre,L01320375,P3203800B,42.317959,-7.629108,Xunqueira de Espadanedo
32038,1,Larouco,32,12,Ourense,ES113,32:39,nombre,L01320381,P3203900J,42.346737,-7.163276,Larouco
32039,4,Laza,32,12,Ourense,ES113,32:40,nombre,L01320394,P3204000H,42.061273,-7.460451,Laza
32040,8,Leiro,32,12,Ourense,ES113,32:41,nombre,L01320408,P3204100F,42.36953,-8.125178,Leiro
32041,5,Lobeira,32,12,Ourense,ES113,32:42,nombre,L01320415,P3204200D,41.98523,-8.040371,A Vila
32042,0,Lobios,32,12,Ourense,ES113,32:43,nombre,L01320420,P3204300B,41.903632,-8.083224,Fondevila
32043,6,Maceda,32,12,Ourense,ES113,32:44,nombre,L01320436,P3204400J,42.269964,-7.650776,Maceda
32044,1,Manzaneda,32,12,Ourense,ES113,32:45,nombre,L01320441,P3204500G,42.309703,-7.234143,Manzaneda
32045,4,Maside,32,12,Ourense,ES113,32:46,nombre,L01320454,P3204600E,42.41167,-8.025508,Maside
32046,7,Melón,32,12,Ourense,ES113,32:47,nombre,L01320467,P3204700C,42.25725,-8.216184,Melón
32047,3,"Merca, A",32,12,Ourense,ES113,32:48,nombre,L01320473,P3204800A,42.219156,-7.908477,A Merca
32048,9,"Mezquita, A",32,12,Ourense,ES113,32:49,nombre,L01320489,P3204900I,42.013696,-7.045363,A Mezquita
32049,2,Montederramo,32,12,Ourense,ES113,32:50,nombre,L01320492,P3205000G,42.275219,-7.50239,Montederramo
32050,5,Monterrei,32,12,Ourense,ES113,32:51,nombre,L01320505,P3205100E,41.947573,-7.449103,Monterrei
32051,2,Muíños,32,12,Ourense,ES113,32:52,nombre,L01320512,P3205200C,41.957836,-7.971773,Mugueimes
32052,7,Nogueira de Ramuín,32,12,Ourense,ES113,32:53,nombre,L01320527,P3205300A,42.411774,-7.727476,Luíntra
32053,3,Oímbra,32,12,Ourense,ES113,32:54,nombre,L01320533,P3205400I,41.884946,-7.476576,Oímbra
32054,8,Ourense,32,12,Ourense,ES113,32:900,nombre,L01320548,P3205500F,42.335531,-7.863837,Ourense
32055,1,Paderne de Allariz,32,12,Ourense,ES113,32:56,nombre,L01320551,P3205600D,42.279584,-7.751085,Rioseco
32056,4,Padrenda,32,12,Ourense,ES113,32:57,nombre,L01320564,P3205700B,42.138639,-8.158473,San Roque de Crespos
32057,0,Parada de Sil,32,12,Ourense,ES113,32:58,nombre,L01320570,P3205800J,42.383279,-7.571421,Parada de Sil
32058,6,"Pereiro de Aguiar, O",32,12,Ourense,ES113,32:59,nombre,L01320586,P3205900H,42.346552,-7.799997,O Pereiro de Aguiar
32059,9,"Peroxa, A",32,12,Ourense,ES113,32:60,nombre,L01320599,P3206000F,42.440496,-7.794303,A Peroxa
32060,3,Petín,32,12,Ourense,ES113,32:61,nombre,L01320603,P3206100D,42.382627,-7.124488,Petín
32061,0,Piñor,32,12,Ourense,ES113,32:62,nombre,L01320610,P3206200B,42.498389,-8.005283,Piñor
32062,5,Porqueira,32,12,Ourense,ES113,32:63,nombre,L01320625,P3206300J,42.018744,-7.847331,Forxa
32063,1,"Pobra de Trives, A",32,12,Ourense,ES113,32:64,nombre,L01320631,P3206400H,42.340694,-7.251922,A Pobra de Trives
32064,6,Pontedeva,32,12,Ourense,ES113,32:65,nombre,L01320646,P3206500E,42.165094,-8.133548,Aldea de Deva
32065,9,Punxín,32,12,Ourense,ES113,32:66,nombre,L01320659,P3206600C,42.369656,-8.000279,A Forxa
32066,2,Quintela de Leirado,32,12,Ourense,ES113,32:67,nombre,L01320662,P3206700A,42.139789,-8.101076,Quintela de Leirado
32067,8,Rairiz de Veiga,32,12,Ourense,ES113,32:68,nombre,L01320678,P3206800I,42.081756,-7.831646,Rairiz de Veiga
32068,4,Ramirás,32,12,Ourense,ES113,32:69,nombre,L01320684,P3206900G,42.193047,-8.050192,Vilavidal
32069,7,Ribadavia,32,12,Ourense,ES113,32:70,nombre,L01320697,P3207000E,42.287582,-8.143527,Ribadavia
32070,1,San Xoán de Río,32,12,Ourense,ES113,32:71,nombre,L01320701,P3207100C,42.371168,-7.298503,O Campo
32071,8,Riós,32,12,Ourense,ES113,32:72,nombre,L01320718,P3207200A,41.974198,-7.282548,Riós
32072,3,"Rúa, A",32,12,Ourense,ES113,32:73,nombre,L01320723,P3207300I,42.395137,-7.114129,A Rúa de Valdeorras
32073,9,Rubiá,32,12,Ourense,ES113,32:74,nombre,L01320739,P3207400G,42.447494,-6.946385,Rubiá
32074,4,San Amaro,32,12,Ourense,ES113,32:75,nombre,L01320744,P3207500D,42.374296,-8.072316,San Amaro
32075,7,San Cibrao das Viñas,32,12,Ourense,ES113,32:76,nombre,L01320757,P3207600B,42.298302,-7.874005,San Cibrao das Viñas
32076,0,San Cristovo de Cea,32,12,Ourense,ES113,32:77,nombre,L01320760,P3207700J,42.474783,-7.985128,Cea
32077,6,Sandiás,32,12,Ourense,ES113,32:78,nombre,L01320776,P3207800H,42.109563,-7.757488,Sandiás
32078,2,Sarreaus,32,12,Ourense,ES113,32:79,nombre,L01320782,P3207900F,42.087405,-7.603011,Sarreaus
32079,5,Taboadela,32,12,Ourense,ES113,32:80,nombre,L01320795,P3208000D,42.241254,-7.825169,Taboadela
32080,9,"Teixeira, A",32,12,Ourense,ES113,32:81,nombre,L01320809,P3208100B,42.391224,-7.472469,A Teixeira
32081,6,Toén,32,12,Ourense,ES113,32:82,nombre,L01320816,P3208200J,42.314168,-7.951613,Toén
32082,1,Trasmiras,32,12,Ourense,ES113,32:83,nombre,L01320821,P3208300H,42.020776,-7.611138,Trasmiras
32083,7,"Veiga, A",32,12,Ourense,ES113,32:84,nombre,L01320837,P3208400F,42.250069,-7.026103,A Veiga
32084,2,Verea,32,12,Ourense,ES113,32:85,nombre,L01320842,P3208500C,42.099122,-7.951136,Carballo
32085,5,Verín,32,12,Ourense,ES113,32:86,nombre,L01320855,P3208600A,41.938411,-7.437283,Verín
32086,8,Viana do Bolo,32,12,Ourense,ES113,32:87,nombre,L01320868,P3208700I,42.180343,-7.114776,Viana do Bolo
32087,4,Vilamarín,32,12,Ourense,ES113,32:88,nombre,L01320874,P3208800G,42.464853,-7.888358,Vilamarín
32088,0,Vilamartín de Valdeorras,32,12,Ourense,ES113,32:89,nombre,L01320880,P3208900E,42.415488,-7.064309,Vilamartín
32089,3,Vilar de Barrio,32,12,Ourense,ES113,32:90,nombre,L01320893,P3209000C,42.161122,-7.610481,Vilar de Barrio
32090,7,Vilar de Santos,32,12,Ourense,ES113,32:91,nombre,L01320907,P3209100A,42.087414,-7.794326,Vilar de Santos
32091,4,Vilardevós,32,12,Ourense,ES113,32:92,nombre,L01320914,P3209200I,41.906034,-7.311419,Vilardevós
32092,9,Vilariño de Conso,32,12,Ourense,ES113,32:93,nombre,L01320929,P3209300G,42.165919,-7.181942,Vilariño de Conso
33001,9,Allande,33,03,Asturias,ES120,33:1,nombre,L01330019,P3300100I,43.271356,-6.610625,Pola de Allande
33002,4,Aller,33,03,Asturias,ES120,33:2,nombre,L01330024,P3300200G,43.161048,-5.62242,Cabanaquinta/Cabañaquinta
33003,0,Amieva,33,03,Asturias,ES120,33:3,nombre,L01330030,P3300300E,43.270135,-5.128697,Sames
33004,5,Avilés,33,03,Asturias,ES120,33:4,nombre,L01330045,P3300400C,43.555693,-5.92189,Avilés
33005,8,Belmonte de Miranda,33,03,Asturias,ES120,33:5,nombre,L01330058,P3300500J,43.281927,-6.217829,Belmonte/Balmonte
33006,1,Bimenes,33,03,Asturias,ES120,33:6,nombre,L01330061,P3300600H,43.330502,-5.565561,Martimporra
33007,7,Boal,33,03,Asturias,ES120,33:7,nombre,L01330077,P3300700F,43.428502,-6.818491,Bual
33008,3,Cabrales,33,03,Asturias,ES120,33:8,nombre,L01330083,P3300800D,43.316017,-4.845805,Carreña
33009,6,Cabranes,33,03,Asturias,ES120,33:9,nombre,L01330096,P3300900B,43.416705,-5.410438,Santolaya
33010,0,Candamo,33,03,Asturias,ES120,33:10,nombre,L01330100,P3301000J,43.437378,-6.058794,Grullos
33011,7,Cangas del Narcea,33,03,Asturias,ES120,33:11,nombre,L01330117,P3301100H,43.176102,-6.548952,Cangas del Narcea
33012,2,Cangas de Onís,33,03,Asturias,ES120,33:12,nombre,L01330122,P3301200F,43.351256,-5.128147,Cangues d'Onís/Cangas de Onís
33013,8,Caravia,33,03,Asturias,ES120,33:13,nombre,L01330138,P3301300D,43.461881,-5.188031,Prado
33014,3,Carreño,33,03,Asturias,ES120,33:14,nombre,L01330143,P3301400B,43.590216,-5.763635,Candás
33015,6,Caso,33,03,Asturias,ES120,33:15,nombre,L01330156,P3301500I,43.182205,-5.344337,El Campu
33016,9,Castrillón,33,03,Asturias,ES120,33:16,nombre,L01330169,P3301600G,43.559557,-5.977688,Piedrasblancas
33017,5,Castropol,33,03,Asturias,ES120,33:17,nombre,L01330175,P3301700E,43.527771,-7.030127,Castropol
33018,1,Coaña,33,03,Asturias,ES120,33:18,nombre,L01330181,P3301800C,43.517065,-6.747162,Cuaña
33019,4,Colunga,33,03,Asturias,ES120,33:19,nombre,L01330194,P3301900A,43.485518,-5.272661,Colunga
33020,8,Corvera de Asturias,33,03,Asturias,ES120,33:20,nombre,L01330208,P3302000I,43.526015,-5.873948,Nubledo/Nubleo
33021,5,Cudillero,33,03,Asturias,ES120,33:21,nombre,L01330215,P3302100G,43.563059,-6.145717,Cudillero
33022,0,Degaña,33,03,Asturias,ES120,33:22,nombre,L01330220,P3302200E,42.940944,-6.573103,Degaña
33023,6,"Franco, El",33,03,Asturias,ES120,33:23,nombre,L01330236,P3302300C,43.551003,-6.829259,A Caridá
33024,1,Gijón,33,03,Asturias,ES120,33:24,nombre,L01330241,P3302400A,43.545052,-5.662125,Gijón/Xixón
33025,4,Gozón,33,03,Asturias,ES120,33:25,nombre,L01330254,P3302500H,43.613493,-5.793829,Lluanco/Luanco
33026,7,Grado,33,03,Asturias,ES120,33:26,nombre,L01330267,P3302600F,43.389439,-6.068146,Grau/Grado
33027,3,Grandas de Salime,33,03,Asturias,ES120,33:27,nombre,L01330273,P3302700D,43.217497,-6.875704,Grandas de Salime
33028,9,Ibias,33,03,Asturias,ES120,33:28,nombre,L01330289,P3302800B,43.037796,-6.872503,San Antolín
33029,2,Illano,33,03,Asturias,ES120,33:29,nombre,L01330292,P3302900J,43.333127,-6.865163,Illano
33030,6,Illas,33,03,Asturias,ES120,33:30,nombre,L01330306,P3303000H,43.495517,-5.969253,La Caizuela
33031,3,Langreo,33,03,Asturias,ES120,33:31,nombre,L01330313,P3303100F,43.295429,-5.684018,Llangréu/Langreo
33032,8,Laviana,33,03,Asturias,ES120,33:32,nombre,L01330328,P3303200D,43.247123,-5.563937,La Pola Llaviana/Pola de Laviana
33033,4,Lena,33,03,Asturias,ES120,33:33,nombre,L01330334,P3303300B,43.157838,-5.829139,La Pola
33034,9,Valdés,33,03,Asturias,ES120,33:34,nombre,L01330349,P3303400J,43.544059,-6.536025,L.luarca
33035,2,Llanera,33,03,Asturias,ES120,33:35,nombre,L01330352,P3303500G,43.439663,-5.850751,Posada
33036,5,Llanes,33,03,Asturias,ES120,33:36,nombre,L01330365,P3303600E,43.421192,-4.755637,Llanes
33037,1,Mieres,33,03,Asturias,ES120,33:37,nombre,L01330371,P3303700C,43.248794,-5.772657,Mieres del Camín
33038,7,Morcín,33,03,Asturias,ES120,33:38,nombre,L01330387,P3303800A,43.280281,-5.880465,Santolaya
33039,0,Muros de Nalón,33,03,Asturias,ES120,33:39,nombre,L01330390,P3303900I,43.542091,-6.104709,Muros
33040,4,Nava,33,03,Asturias,ES120,33:40,nombre,L01330404,P3304000G,43.358249,-5.505669,Nava
33041,1,Navia,33,03,Asturias,ES120,33:41,nombre,L01330411,P3304100E,43.539042,-6.723463,Navia
33042,6,Noreña,33,03,Asturias,ES120,33:42,nombre,L01330426,P3304200C,43.39295,-5.706851,Noreña
33043,2,Onís,33,03,Asturias,ES120,33:43,nombre,L01330432,P3304300A,43.334612,-4.969025,Benia
33044,7,Oviedo,33,03,Asturias,ES120,33:900,nombre,L01330447,P3304400I,43.360518,-5.844629,Oviedo/Uviéu
33045,0,Parres,33,03,Asturias,ES120,33:45,nombre,L01330450,P3304500F,43.389427,-5.184676,Arriondas/Les Arriondes
33046,3,Peñamellera Alta,33,03,Asturias,ES120,33:46,nombre,L01330463,P3304600D,43.332406,-4.703763,Alles
33047,9,Peñamellera Baja,33,03,Asturias,ES120,33:47,nombre,L01330479,P3304700B,43.32495,-4.583471,Panes
33048,5,Pesoz,33,03,Asturias,ES120,33:48,nombre,L01330485,P3304800J,43.257584,-6.876512,Pezós/Pesoz
33049,8,Piloña,33,03,Asturias,ES120,33:49,nombre,L01330498,P3304900H,43.3477,-5.363148,L'Infiestu
33050,1,Ponga,33,03,Asturias,ES120,33:50,nombre,L01330501,P3305000F,43.190758,-5.166116,San Xuan/San Juan de Beleño
33051,8,Pravia,33,03,Asturias,ES120,33:51,nombre,L01330518,P3305100D,43.488912,-6.11137,Pravia
33052,3,Proaza,33,03,Asturias,ES120,33:52,nombre,L01330523,P3305200B,43.250659,-6.016839,Proaza
33053,9,Quirós,33,03,Asturias,ES120,33:53,nombre,L01330539,P3305300J,43.160314,-5.973886,Bárzana
33054,4,"Regueras, Las",33,03,Asturias,ES120,33:54,nombre,L01330544,P3305400H,43.414422,-5.969134,Santuyanu
33055,7,Ribadedeva,33,03,Asturias,ES120,33:55,nombre,L01330557,P3305500E,43.374586,-4.540808,Colombres
33056,0,Ribadesella,33,03,Asturias,ES120,33:56,nombre,L01330560,P3305600C,43.461683,-5.058737,Ribadesella/Ribeseya
33057,6,Ribera de Arriba,33,03,Asturias,ES120,33:57,nombre,L01330576,P3305700A,43.307161,-5.880106,Soto Ribera
33058,2,Riosa,33,03,Asturias,ES120,33:58,nombre,L01330582,P3305800I,43.230037,-5.881295,La Vega
33059,5,Salas,33,03,Asturias,ES120,33:59,nombre,L01330595,P3305900G,43.40897,-6.26079,Salas
33060,9,San Martín del Rey Aurelio,33,03,Asturias,ES120,33:60,nombre,L01330609,P3306000E,43.275347,-5.6049,San Martín del Rey Aurelio
33061,6,San Martín de Oscos,33,03,Asturias,ES120,33:61,nombre,L01330616,P3306100C,43.264673,-6.962456,Samartín
33062,1,Santa Eulalia de Oscos,33,03,Asturias,ES120,33:62,nombre,L01330621,P3306200A,43.258955,-7.020477,Santalla
33063,7,San Tirso de Abres,33,03,Asturias,ES120,33:63,nombre,L01330637,P3306300I,43.409196,-7.142888,O Chao
33064,2,Santo Adriano,33,03,Asturias,ES120,33:64,nombre,L01330642,P3306400G,43.272299,-6.001147,Villanueva
33065,5,Sariego,33,03,Asturias,ES120,33:65,nombre,L01330655,P3306500D,43.409059,-5.558258,Vega
33066,8,Siero,33,03,Asturias,ES120,33:66,nombre,L01330668,P3306600B,43.392575,-5.660561,La Pola Siero
33067,4,Sobrescobio,33,03,Asturias,ES120,33:67,nombre,L01330674,P3306700J,43.220833,-5.454674,Rusecu/Rioseco
33068,0,Somiedo,33,03,Asturias,ES120,33:68,nombre,L01330680,P3306800H,43.092681,-6.25563,Pola de Somiedo
33069,3,Soto del Barco,33,03,Asturias,ES120,33:69,nombre,L01330693,P3306900F,43.530925,-6.072965,Sotu
33070,7,Tapia de Casariego,33,03,Asturias,ES120,33:70,nombre,L01330707,P3307000D,43.570065,-6.94403,Tapia de Casariego
33071,4,Taramundi,33,03,Asturias,ES120,33:71,nombre,L01330714,P3307100B,43.361004,-7.108311,Taramundi
33072,9,Teverga,33,03,Asturias,ES120,33:72,nombre,L01330729,P3307200J,43.159428,-6.104665,La Plaza
33073,5,Tineo,33,03,Asturias,ES120,33:73,nombre,L01330735,P3307300H,43.334095,-6.416402,Tinéu
33074,0,Vegadeo,33,03,Asturias,ES120,33:74,nombre,L01330740,P3307400F,43.464563,-7.049818,A Veiga/Vegadeo
33075,3,Villanueva de Oscos,33,03,Asturias,ES120,33:75,nombre,L01330753,P3307500C,43.311502,-6.98689,Vilanova
33076,6,Villaviciosa,33,03,Asturias,ES120,33:76,nombre,L01330766,P3307600A,43.48143,-5.433127,Villaviciosa
33077,2,Villayón,33,03,Asturias,ES120,33:77,nombre,L01330772,P3307700I,43.447712,-6.705035,Villayón
33078,8,Yernes y Tameza,33,03,Asturias,ES120,33:78,nombre,L01330788,P3307800G,43.251463,-6.127881,Villabre
34001,4,Abarca de Campos,34,07,Palencia,ES414,34:1,nombre,L01340014,P3400100H,42.062243,-4.840567,Abarca de Campos
34003,5,Abia de las Torres,34,07,Palencia,ES414,34:3,nombre,L01340035,P3400300D,42.42022,-4.421902,Abia de las Torres
34004,0,Aguilar de Campoo,34,07,Palencia,ES414,34:4,nombre,L01340040,P3400400B,42.793334,-4.262147,Aguilar de Campoo
34005,3,Alar del Rey,34,07,Palencia,ES414,34:5,nombre,L01340053,P3400500I,42.659084,-4.310683,Alar del Rey
34006,6,Alba de Cerrato,34,07,Palencia,ES414,34:6,nombre,L01340066,P3400600G,41.812807,-4.365285,Alba de Cerrato
34009,1,Amayuelas de Arriba,34,07,Palencia,ES414,34:9,nombre,L01340091,P3400900A,42.210869,-4.488893,Amayuelas de Arriba
34010,5,Ampudia,34,07,Palencia,ES414,34:10,nombre,L01340105,P3401000I,41.915814,-4.780883,Ampudia
34011,2,Amusco,34,07,Palencia,ES414,34:11,nombre,L01340112,P3401100G,42.172857,-4.469673,Amusco
34012,7,Antigüedad,34,07,Palencia,ES414,34:12,nombre,L01340127,P3401200E,41.945279,-4.118017,Antigüedad
34015,1,Arconada,34,07,Palencia,ES414,34:15,nombre,L01340151,P3401500H,42.328819,-4.496472,Arconada
34017,0,Astudillo,34,07,Palencia,ES414,34:17,nombre,L01340170,P3401700D,42.192574,-4.293493,Astudillo
34018,6,Autilla del Pino,34,07,Palencia,ES414,34:18,nombre,L01340186,P3401800B,41.991613,-4.63256,Autilla del Pino
34019,9,Autillo de Campos,34,07,Palencia,ES414,34:19,nombre,L01340199,P3401900J,42.088103,-4.831968,Autillo de Campos
34020,3,Ayuela,34,07,Palencia,ES414,34:20,nombre,L01340203,P3402000H,42.627127,-4.659032,Ayuela
34022,5,Baltanás,34,07,Palencia,ES414,34:22,nombre,L01340225,P3402200D,41.937951,-4.246442,Baltanás
34023,1,Venta de Baños,34,07,Palencia,ES414,34:23,nombre,L01340231,P3402300B,41.921047,-4.489468,Venta de Baños
34024,6,Baquerín de Campos,34,07,Palencia,ES414,34:24,nombre,L01340246,P3402400J,42.016343,-4.782132,Baquerín de Campos
34025,9,Bárcena de Campos,34,07,Palencia,ES414,34:25,nombre,L01340259,P3402500G,42.483646,-4.499157,Bárcena de Campos
34027,8,Barruelo de Santullán,34,07,Palencia,ES414,34:27,nombre,L01340278,P3402700C,42.907548,-4.287135,Barruelo de Santullán
34028,4,Báscones de Ojeda,34,07,Palencia,ES414,34:28,nombre,L01340284,P3402800A,42.670711,-4.526921,Báscones de Ojeda
34029,7,Becerril de Campos,34,07,Palencia,ES414,34:29,nombre,L01340297,P3402900I,42.108099,-4.640161,Becerril de Campos
34031,8,Belmonte de Campos,34,07,Palencia,ES414,34:31,nombre,L01340318,P3403100E,41.94158,-4.990163,Belmonte de Campos
34032,3,Berzosilla,34,07,Palencia,ES414,34:32,nombre,L01340323,P3403200C,42.781671,-4.036848,Berzosilla
34033,9,Boada de Campos,34,07,Palencia,ES414,34:33,nombre,L01340339,P3403300A,41.988383,-4.876984,Boada de Campos
34034,4,Boadilla del Camino,34,07,Palencia,ES414,34:34,nombre,L01340344,P3403400I,42.259228,-4.347407,Boadilla del Camino
34035,7,Boadilla de Rioseco,34,07,Palencia,ES414,34:35,nombre,L01340357,P3403500F,42.179981,-4.967908,Boadilla de Rioseco
34036,0,Brañosera,34,07,Palencia,ES414,34:36,nombre,L01340360,P3403600D,42.935967,-4.307937,Brañosera
34037,6,Buenavista de Valdavia,34,07,Palencia,ES414,34:37,nombre,L01340376,P3403700B,42.636809,-4.614069,Buenavista de Valdavia
34038,2,Bustillo de la Vega,34,07,Palencia,ES414,34:38,nombre,L01340382,P3403800J,42.455916,-4.740589,Bustillo de la Vega
34039,5,Bustillo del Páramo de Carrión,34,07,Palencia,ES414,34:39,nombre,L01340395,P3403900H,42.355169,-4.739463,Bustillo del Páramo
34041,6,Calahorra de Boedo,34,07,Palencia,ES414,34:41,nombre,L01340416,P3404100D,42.575371,-4.386044,Calahorra de Boedo
34042,1,Calzada de los Molinos,34,07,Palencia,ES414,34:42,nombre,L01340421,P3404200B,42.328075,-4.650781,Calzada de los Molinos
34045,5,Capillas,34,07,Palencia,ES414,34:45,nombre,L01340455,P3404500E,42.012687,-4.889185,Capillas
34046,8,Cardeñosa de Volpejera,34,07,Palencia,ES414,34:46,nombre,L01340468,P3404600C,42.231904,-4.70157,Cardeñosa de Volpejera
34047,4,Carrión de los Condes,34,07,Palencia,ES414,34:47,nombre,L01340474,P3404700A,42.33767,-4.604351,Carrión de los Condes
34048,0,Castil de Vela,34,07,Palencia,ES414,34:48,nombre,L01340480,P3404800I,41.984273,-4.95913,Castil de Vela
34049,3,Castrejón de la Peña,34,07,Palencia,ES414,34:49,nombre,L01340493,P3404900G,42.807846,-4.598854,Castrejón de la Peña
34050,6,Castrillo de Don Juan,34,07,Palencia,ES414,34:50,nombre,L01340506,P3405000E,41.791372,-4.070552,Castrillo de Don Juan
34051,3,Castrillo de Onielo,34,07,Palencia,ES414,34:51,nombre,L01340513,P3405100C,41.857982,-4.301879,Castrillo de Onielo
34052,8,Castrillo de Villavega,34,07,Palencia,ES414,34:52,nombre,L01340528,P3405200A,42.455875,-4.481411,Castrillo de Villavega
34053,4,Castromocho,34,07,Palencia,ES414,34:53,nombre,L01340534,P3405300I,42.03155,-4.824991,Castromocho
34055,2,Cervatos de la Cueza,34,07,Palencia,ES414,34:56,nombre,L01340552,P3405600B,42.291409,-4.768451,Cervatos de la Cueza
34056,5,Cervera de Pisuerga,34,07,Palencia,ES414,34:57,nombre,L01340565,P3405700J,42.862345,-4.498778,Cervera de Pisuerga
34057,1,Cevico de la Torre,34,07,Palencia,ES414,34:58,nombre,L01340571,P3405800H,41.851482,-4.409391,Cevico de la Torre
34058,7,Cevico Navero,34,07,Palencia,ES414,34:59,nombre,L01340587,P3405900F,41.861832,-4.185163,Cevico Navero
34059,0,Cisneros,34,07,Palencia,ES414,34:60,nombre,L01340590,P3406000D,42.22157,-4.858986,Cisneros
34060,4,Cobos de Cerrato,34,07,Palencia,ES414,34:61,nombre,L01340604,P3406100B,42.029192,-4.001855,Cobos de Cerrato
34061,1,Collazos de Boedo,34,07,Palencia,ES414,34:62,nombre,L01340611,P3406200J,42.619764,-4.483577,Collazos de Boedo
34062,6,Congosto de Valdavia,34,07,Palencia,ES414,34:63,nombre,L01340626,P3406300H,42.71565,-4.632368,Congosto de Valdavia
34063,2,Cordovilla la Real,34,07,Palencia,ES414,34:64,nombre,L01340632,P3406400F,42.079972,-4.259556,Cordovilla la Real
34066,3,Cubillas de Cerrato,34,07,Palencia,ES414,34:66,nombre,L01340663,P3406600A,41.799039,-4.466972,Cubillas de Cerrato
34067,9,Dehesa de Montejo,34,07,Palencia,ES414,34:67,nombre,L01340679,P3406700I,42.819042,-4.509346,Dehesa de Montejo
34068,5,Dehesa de Romanos,34,07,Palencia,ES414,34:68,nombre,L01340685,P3406800G,42.638407,-4.43596,Dehesa de Romanos
34069,8,Dueñas,34,07,Palencia,ES414,34:69,nombre,L01340698,P3406900E,41.877398,-4.546948,Dueñas
34070,2,Espinosa de Cerrato,34,07,Palencia,ES414,34:70,nombre,L01340702,P3407000C,41.968022,-3.951863,Espinosa de Cerrato
34071,9,Espinosa de Villagonzalo,34,07,Palencia,ES414,34:71,nombre,L01340719,P3407100A,42.478798,-4.372688,Espinosa de Villagonzalo
34072,4,Frechilla,34,07,Palencia,ES414,34:72,nombre,L01340724,P3407200I,42.137689,-4.841093,Frechilla
34073,0,Fresno del Río,34,07,Palencia,ES414,34:73,nombre,L01340730,P3407300G,42.68141,-4.817944,Fresno del Río
34074,5,Frómista,34,07,Palencia,ES414,34:74,nombre,L01340745,P3407400E,42.268299,-4.406174,Frómista
34076,1,Fuentes de Nava,34,07,Palencia,ES414,34:76,nombre,L01340761,P3407600J,42.083216,-4.783101,Fuentes de Nava
34077,7,Fuentes de Valdepero,34,07,Palencia,ES414,34:77,nombre,L01340777,P3407700H,42.074071,-4.50136,Fuentes de Valdepero
34079,6,Grijota,34,07,Palencia,ES414,34:79,nombre,L01340796,P3407900D,42.053795,-4.581783,Grijota
34080,0,Guardo,34,07,Palencia,ES414,34:80,nombre,L01340800,P3408000B,42.789477,-4.845066,Guardo
34081,7,Guaza de Campos,34,07,Palencia,ES414,34:81,nombre,L01340817,P3408100J,42.134927,-4.908208,Guaza de Campos
34082,2,Hérmedes de Cerrato,34,07,Palencia,ES414,34:82,nombre,L01340822,P3408200H,41.819147,-4.17431,Hérmedes de Cerrato
34083,8,Herrera de Pisuerga,34,07,Palencia,ES414,34:83,nombre,L01340838,P3408300F,42.595549,-4.329186,Herrera de Pisuerga
34084,3,Herrera de Valdecañas,34,07,Palencia,ES414,34:84,nombre,L01340843,P3408400D,42.048356,-4.200846,Herrera de Valdecañas
34086,9,Hontoria de Cerrato,34,07,Palencia,ES414,34:86,nombre,L01340869,P3408600I,41.910582,-4.442277,Hontoria de Cerrato
34087,5,Hornillos de Cerrato,34,07,Palencia,ES414,34:87,nombre,L01340875,P3408700G,41.988556,-4.273419,Hornillos de Cerrato
34088,1,Husillos,34,07,Palencia,ES414,34:88,nombre,L01340881,P3408800E,42.090361,-4.52715,Husillos
34089,4,Itero de la Vega,34,07,Palencia,ES414,34:89,nombre,L01340894,P3408900C,42.287703,-4.25788,Itero de la Vega
34091,5,Lagartos,34,07,Palencia,ES414,34:91,nombre,L01340915,P3409100I,42.406106,-4.904159,Lagartos
34092,0,Lantadilla,34,07,Palencia,ES414,34:92,nombre,L01340920,P3409200G,42.34068,-4.27664,Lantadilla
34093,6,"Vid de Ojeda, La",34,07,Palencia,ES414,34:93,nombre,L01340936,P3409300E,42.659776,-4.384919,La Vid de Ojeda
34094,1,Ledigos,34,07,Palencia,ES414,34:94,nombre,L01340941,P3409400C,42.354313,-4.865039,Ledigos
34096,7,Lomas,34,07,Palencia,ES414,34:96,nombre,L01340967,P3409600H,42.274145,-4.551431,Lomas
34098,9,Magaz de Pisuerga,34,07,Palencia,ES414,34:98,nombre,L01340989,P3409800D,41.983023,-4.427109,Magaz de Pisuerga
34099,2,Manquillos,34,07,Palencia,ES414,34:99,nombre,L01340992,P3409900B,42.205581,-4.570319,Manquillos
34100,6,Mantinos,34,07,Palencia,ES414,34:100,nombre,L01341006,P3410000H,42.752734,-4.840964,Mantinos
34101,3,Marcilla de Campos,34,07,Palencia,ES414,34:101,nombre,L01341013,P3410100F,42.317416,-4.396023,Marcilla de Campos
34102,8,Mazariegos,34,07,Palencia,ES414,34:102,nombre,L01341028,P3410200D,42.026193,-4.715656,Mazariegos
34103,4,Mazuecos de Valdeginate,34,07,Palencia,ES414,34:103,nombre,L01341034,P3410300B,42.168393,-4.840338,Mazuecos de Valdeginate
34104,9,Melgar de Yuso,34,07,Palencia,ES414,34:104,nombre,L01341049,P3410400J,42.253644,-4.253816,Melgar de Yuso
34106,5,Meneses de Campos,34,07,Palencia,ES414,34:106,nombre,L01341065,P3410600E,41.941773,-4.920185,Meneses de Campos
34107,1,Micieces de Ojeda,34,07,Palencia,ES414,34:107,nombre,L01341071,P3410700C,42.690169,-4.461386,Micieces de Ojeda
34108,7,Monzón de Campos,34,07,Palencia,ES414,34:108,nombre,L01341087,P3410800A,42.116763,-4.49408,Monzón de Campos
34109,0,Moratinos,34,07,Palencia,ES414,34:109,nombre,L01341090,P3410900I,42.360609,-4.926433,Moratinos
34110,4,Mudá,34,07,Palencia,ES414,34:110,nombre,L01341104,P3411000G,42.876806,-4.395294,Mudá
34112,6,Nogal de las Huertas,34,07,Palencia,ES414,34:112,nombre,L01341126,P3411200C,42.391224,-4.640413,Nogal de las Huertas
34113,2,Olea de Boedo,34,07,Palencia,ES414,34:113,nombre,L01341132,P3411300A,42.608971,-4.449412,Olea de Boedo
34114,7,Olmos de Ojeda,34,07,Palencia,ES414,34:114,nombre,L01341147,P3411400I,42.722155,-4.424454,Olmos de Ojeda
34116,3,Osornillo,34,07,Palencia,ES414,34:116,nombre,L01341163,P3411600D,42.369624,-4.291378,Osornillo
34120,2,Palencia,34,07,Palencia,ES414,34:900,nombre,L01341202,P3412000F,42.01112,-4.532801,Palencia
34121,9,Palenzuela,34,07,Palencia,ES414,34:121,nombre,L01341219,P3412100D,42.096354,-4.129532,Palenzuela
34122,4,Páramo de Boedo,34,07,Palencia,ES414,34:122,nombre,L01341224,P3412200B,42.578278,-4.399397,Páramo de Boedo
34123,0,Paredes de Nava,34,07,Palencia,ES414,34:123,nombre,L01341230,P3412300J,42.153845,-4.692171,Paredes de Nava
34124,5,Payo de Ojeda,34,07,Palencia,ES414,34:124,nombre,L01341245,P3412400H,42.719546,-4.478595,Payo de Ojeda
34125,8,Pedraza de Campos,34,07,Palencia,ES414,34:125,nombre,L01341258,P3412500E,41.983605,-4.734406,Pedraza de Campos
34126,1,Pedrosa de la Vega,34,07,Palencia,ES414,34:126,nombre,L01341261,P3412600C,42.481954,-4.746384,Pedrosa de la Vega
34127,7,Perales,34,07,Palencia,ES414,34:127,nombre,L01341277,P3412700A,42.194152,-4.580748,Perales
34129,6,Pino del Río,34,07,Palencia,ES414,34:129,nombre,L01341296,P3412900G,42.644121,-4.808258,Pino del Río
34130,0,Piña de Campos,34,07,Palencia,ES414,34:130,nombre,L01341300,P3413000E,42.214643,-4.437515,Piña de Campos
34131,7,Población de Arroyo,34,07,Palencia,ES414,34:131,nombre,L01341317,P3413100C,42.336453,-4.874206,Población de Arroyo
34132,2,Población de Campos,34,07,Palencia,ES414,34:132,nombre,L01341322,P3413200A,42.268948,-4.445964,Población de Campos
34133,8,Población de Cerrato,34,07,Palencia,ES414,34:133,nombre,L01341338,P3413300I,41.792982,-4.427656,Población de Cerrato
34134,3,Polentinos,34,07,Palencia,ES414,34:134,nombre,L01341343,P3413400G,42.939464,-4.527955,Polentinos
34135,6,Pomar de Valdivia,34,07,Palencia,ES414,34:135,nombre,L01341356,P3413500D,42.774667,-4.167809,Pomar de Valdivia
34136,9,Poza de la Vega,34,07,Palencia,ES414,34:136,nombre,L01341369,P3413600B,42.578042,-4.798878,Poza de la Vega
34137,5,Pozo de Urama,34,07,Palencia,ES414,34:137,nombre,L01341375,P3413700J,42.25361,-4.893932,Pozo de Urama
34139,4,Prádanos de Ojeda,34,07,Palencia,ES414,34:139,nombre,L01341394,P3413900F,42.68056,-4.346958,Prádanos de Ojeda
34140,8,"Puebla de Valdavia, La",34,07,Palencia,ES414,34:140,nombre,L01341408,P3414000D,42.675591,-4.609402,La Puebla de Valdavia
34141,5,Quintana del Puente,34,07,Palencia,ES414,34:141,nombre,L01341415,P3414100B,42.084939,-4.207955,Quintana del Puente
34143,6,Quintanilla de Onsoña,34,07,Palencia,ES414,34:143,nombre,L01341436,P3414300H,42.468798,-4.664752,Quintanilla de Onsoña
34146,7,Reinoso de Cerrato,34,07,Palencia,ES414,34:146,nombre,L01341467,P3414600A,41.977016,-4.384215,Reinoso de Cerrato
34147,3,Renedo de la Vega,34,07,Palencia,ES414,34:147,nombre,L01341473,P3414700I,42.452731,-4.703369,Renedo de la Vega
34149,2,Requena de Campos,34,07,Palencia,ES414,34:149,nombre,L01341492,P3414900E,42.308897,-4.342275,Requena de Campos
34151,2,Respenda de la Peña,34,07,Palencia,ES414,34:151,nombre,L01341512,P3415100A,42.764344,-4.686477,Respenda de la Peña
34152,7,Revenga de Campos,34,07,Palencia,ES414,34:152,nombre,L01341527,P3415200I,42.285639,-4.481317,Revenga de Campos
34154,8,Revilla de Collazos,34,07,Palencia,ES414,34:154,nombre,L01341548,P3415400E,42.629416,-4.503745,Revilla de Collazos
34155,1,Ribas de Campos,34,07,Palencia,ES414,34:155,nombre,L01341551,P3415500B,42.153265,-4.51669,Ribas de Campos
34156,4,Riberos de la Cueza,34,07,Palencia,ES414,34:156,nombre,L01341564,P3415600J,42.277943,-4.725219,Riberos de la Cueza
34157,0,Saldaña,34,07,Palencia,ES414,34:157,nombre,L01341570,P3415700H,42.522471,-4.736075,Saldaña
34158,6,Salinas de Pisuerga,34,07,Palencia,ES414,34:158,nombre,L01341586,P3415800F,42.85046,-4.377875,Salinas de Pisuerga
34159,9,San Cebrián de Campos,34,07,Palencia,ES414,34:159,nombre,L01341599,P3415900D,42.201556,-4.530487,San Cebrián de Campos
34160,3,San Cebrián de Mudá,34,07,Palencia,ES414,34:160,nombre,L01341603,P3416000B,42.892334,-4.386324,San Cebrián de Mudá
34161,0,San Cristóbal de Boedo,34,07,Palencia,ES414,34:161,nombre,L01341610,P3416100J,42.542075,-4.352424,San Cristóbal de Boedo
34163,1,San Mamés de Campos,34,07,Palencia,ES414,34:163,nombre,L01341631,P3416300F,42.35592,-4.56535,San Mamés de Campos
34165,9,San Román de la Cuba,34,07,Palencia,ES414,34:165,nombre,L01341659,P3416500A,42.263088,-4.8567,San Román de la Cuba
34167,8,Santa Cecilia del Alcor,34,07,Palencia,ES414,34:167,nombre,L01341678,P3416700G,41.933463,-4.659048,Santa Cecilia del Alcor
34168,4,Santa Cruz de Boedo,34,07,Palencia,ES414,34:168,nombre,L01341684,P3416800E,42.524464,-4.373327,Santa Cruz de Boedo
34169,7,Santervás de la Vega,34,07,Palencia,ES414,34:169,nombre,L01341697,P3416900C,42.506787,-4.798733,Santervás de la Vega
34170,1,Santibáñez de Ecla,34,07,Palencia,ES414,34:170,nombre,L01341701,P3417000A,42.708129,-4.373217,Santibáñez de Ecla
34171,8,Santibáñez de la Peña,34,07,Palencia,ES414,34:171,nombre,L01341718,P3417100I,42.809195,-4.729973,Santibáñez de la Peña
34174,4,Santoyo,34,07,Palencia,ES414,34:174,nombre,L01341744,P3417400C,42.21458,-4.342614,Santoyo
34175,7,"Serna, La",34,07,Palencia,ES414,34:175,nombre,L01341757,P3417500J,42.416783,-4.664124,La Serna
34176,0,Sotobañado y Priorato,34,07,Palencia,ES414,34:176,nombre,L01341760,P3417600H,42.590411,-4.441664,Sotobañado y Priorato
34177,6,Soto de Cerrato,34,07,Palencia,ES414,34:177,nombre,L01341776,P3417700F,41.953625,-4.429272,Soto de Cerrato
34178,2,Tabanera de Cerrato,34,07,Palencia,ES414,34:178,nombre,L01341782,P3417800D,42.025888,-4.123491,Tabanera de Cerrato
34179,5,Tabanera de Valdavia,34,07,Palencia,ES414,34:179,nombre,L01341795,P3417900B,42.647116,-4.693055,Tabanera de Valdavia
34180,9,Támara de Campos,34,07,Palencia,ES414,34:180,nombre,L01341809,P3418000J,42.202636,-4.393431,Támara de Campos
34181,6,Tariego de Cerrato,34,07,Palencia,ES414,34:181,nombre,L01341816,P3418100H,41.905075,-4.481763,Tariego de Cerrato
34182,1,Torquemada,34,07,Palencia,ES414,34:182,nombre,L01341821,P3418200F,42.034614,-4.318831,Torquemada
34184,2,Torremormojón,34,07,Palencia,ES414,34:184,nombre,L01341842,P3418400B,41.960094,-4.777758,Torremormojón
34185,5,Triollo,34,07,Palencia,ES414,34:185,nombre,L01341855,P3418500I,42.92443,-4.681282,Triollo
34186,8,Valbuena de Pisuerga,34,07,Palencia,ES414,34:186,nombre,L01341868,P3418600G,42.146084,-4.238404,Valbuena de Pisuerga
34189,3,Valdeolmillos,34,07,Palencia,ES414,34:189,nombre,L01341893,P3418900A,42.041259,-4.399487,Valdeolmillos
34190,7,Valderrábano,34,07,Palencia,ES414,34:190,nombre,L01341907,P3419000I,42.60591,-4.654571,Valderrábano
34192,9,Valde-Ucieza,34,07,Palencia,ES414,34:192,nombre,L01341929,P3419200E,42.399351,-4.575368,Robladillo de Ucieza
34196,6,Valle de Cerrato,34,07,Palencia,ES414,34:196,nombre,L01341966,P3419600F,41.879961,-4.362249,Valle de Cerrato
34199,1,Velilla del Río Carrión,34,07,Palencia,ES414,34:199,nombre,L01341991,P3419900J,42.827658,-4.843841,Velilla del Río Carrión
34201,2,Vertavillo,34,07,Palencia,ES414,34:201,nombre,L01342012,P3420100D,41.83222,-4.327058,Vertavillo
34202,7,Villabasta de Valdavia,34,07,Palencia,ES414,34:202,nombre,L01342027,P3420200B,42.560728,-4.603228,Villabasta de Valdavia
34204,8,Villacidaler,34,07,Palencia,ES414,34:204,nombre,L01342048,P3420400H,42.2214,-4.977131,Villacidaler
34205,1,Villaconancio,34,07,Palencia,ES414,34:205,nombre,L01342051,P3420500E,41.872191,-4.222882,Villaconancio
34206,4,Villada,34,07,Palencia,ES414,34:206,nombre,L01342064,P3420600C,42.250984,-4.967721,Villada
34208,6,Villaeles de Valdavia,34,07,Palencia,ES414,34:208,nombre,L01342086,P3420800I,42.565601,-4.584046,Villaeles de Valdavia
34210,3,Villahán,34,07,Palencia,ES414,34:210,nombre,L01342103,P3421000E,42.050652,-4.132757,Villahán
34211,0,Villaherreros,34,07,Palencia,ES414,34:211,nombre,L01342110,P3421100C,42.389391,-4.462421,Villaherreros
34213,1,Villalaco,34,07,Palencia,ES414,34:213,nombre,L01342131,P3421300I,42.154729,-4.258753,Villalaco
34214,6,Villalba de Guardo,34,07,Palencia,ES414,34:214,nombre,L01342146,P3421400G,42.72322,-4.824347,Villalba de Guardo
34215,9,Villalcázar de Sirga,34,07,Palencia,ES414,34:215,nombre,L01342159,P3421500D,42.316271,-4.542681,Villalcázar de Sirga
34216,2,Villalcón,34,07,Palencia,ES414,34:216,nombre,L01342162,P3421600B,42.292989,-4.855778,Villalcón
34217,8,Villalobón,34,07,Palencia,ES414,34:217,nombre,L01342178,P3421700J,42.03037,-4.503217,Villalobón
34218,4,Villaluenga de la Vega,34,07,Palencia,ES414,34:218,nombre,L01342184,P3421800H,42.523832,-4.765371,Villaluenga de la Vega
34220,1,Villamartín de Campos,34,07,Palencia,ES414,34:220,nombre,L01342201,P3422000D,42.015823,-4.663222,Villamartín de Campos
34221,8,Villamediana,34,07,Palencia,ES414,34:221,nombre,L01342218,P3422100B,42.050663,-4.361785,Villamediana
34222,3,Villameriel,34,07,Palencia,ES414,34:222,nombre,L01342223,P3422200J,42.527888,-4.475047,Villameriel
34223,9,Villamoronta,34,07,Palencia,ES414,34:223,nombre,L01342239,P3422300H,42.403293,-4.700162,Villamoronta
34224,4,Villamuera de la Cueza,34,07,Palencia,ES414,34:224,nombre,L01342244,P3422400F,42.259719,-4.688106,Villamuera de la Cueza
34225,7,Villamuriel de Cerrato,34,07,Palencia,ES414,34:225,nombre,L01342257,P3422500C,41.949611,-4.514338,Villamuriel de Cerrato
34227,6,Villanueva del Rebollar,34,07,Palencia,ES414,34:228,nombre,L01342276,P3422800G,42.240762,-4.742982,Villanueva del Rebollar
34228,2,Villanuño de Valdavia,34,07,Palencia,ES414,34:229,nombre,L01342282,P3422900E,42.508303,-4.518353,Villanuño de Valdavia
34229,5,Villaprovedo,34,07,Palencia,ES414,34:230,nombre,L01342295,P3423000C,42.516762,-4.397308,Villaprovedo
34230,9,Villarmentero de Campos,34,07,Palencia,ES414,34:231,nombre,L01342309,P3423100A,42.297501,-4.499256,Villarmentero de Campos
34231,6,Villarrabé,34,07,Palencia,ES414,34:232,nombre,L01342316,P3423200I,42.421464,-4.783737,Villarrabé
34232,1,Villarramiel,34,07,Palencia,ES414,34:233,nombre,L01342321,P3423300G,42.042614,-4.911435,Villarramiel
34233,7,Villasarracino,34,07,Palencia,ES414,34:234,nombre,L01342337,P3423400E,42.412101,-4.496965,Villasarracino
34234,2,Villasila de Valdavia,34,07,Palencia,ES414,34:235,nombre,L01342342,P3423500B,42.532057,-4.559612,Villasila de Valdavia
34236,8,Villaturde,34,07,Palencia,ES414,34:237,nombre,L01342368,P3423700H,42.379273,-4.672298,Villaturde
34237,4,Villaumbrales,34,07,Palencia,ES414,34:238,nombre,L01342374,P3423800F,42.08891,-4.614457,Villaumbrales
34238,0,Villaviudas,34,07,Palencia,ES414,34:239,nombre,L01342380,P3423900D,41.962167,-4.341703,Villaviudas
34240,7,Villerías de Campos,34,07,Palencia,ES414,34:241,nombre,L01342407,P3424100J,41.944768,-4.855721,Villerías de Campos
34241,4,Villodre,34,07,Palencia,ES414,34:242,nombre,L01342414,P3424200H,42.211761,-4.247282,Villodre
34242,9,Villodrigo,34,07,Palencia,ES414,34:243,nombre,L01342429,P3424300F,42.144213,-4.095273,Villodrigo
34243,5,Villoldo,34,07,Palencia,ES414,34:244,nombre,L01342435,P3424400D,42.243848,-4.597621,Villoldo
34245,3,Villota del Páramo,34,07,Palencia,ES414,34:246,nombre,L01342453,P3424600I,42.552758,-4.848179,Villota del Páramo
34246,6,Villovieco,34,07,Palencia,ES414,34:247,nombre,L01342466,P3424700G,42.29574,-4.482227,Villovieco
34901,5,Osorno la Mayor,34,07,Palencia,ES414,34:117,nombre,L01349015,P3411700B,42.411708,-4.362096,Osorno
34902,0,Valle del Retortillo,34,07,Palencia,ES414,34:219,nombre,L01349020,P3421900F,42.190079,-4.771953,Villalumbroso
34903,6,Loma de Ucieza,34,07,Palencia,ES414,34:90,nombre,L01349036,P3409000A,42.442023,-4.577589,Bahillo
34904,1,"Pernía, La",34,07,Palencia,ES414,34:166,nombre,L01349041,P3416600I,42.964832,-4.497951,San Salvador de Cantamuda
35001,7,Agaete,35,05,"Palmas, Las",ES705,35:1,nombre,L01350017,P3500100G,28.09908,-15.698472,Agaete
35002,2,Agüimes,35,05,"Palmas, Las",ES705,35:2,nombre,L01350022,P3500200E,27.903832,-15.445772,Agüimes
35003,8,Antigua,35,05,"Palmas, Las",ES704,35:3,nombre,L01350038,P3500300C,28.423442,-14.013949,Antigua
35004,3,Arrecife,35,05,"Palmas, Las",ES708,35:4,nombre,L01350043,P3500400A,28.959427,-13.546661,Arrecife
35005,6,Artenara,35,05,"Palmas, Las",ES705,35:5,nombre,L01350056,P3500500H,28.020265,-15.646296,Artenara
35006,9,Arucas,35,05,"Palmas, Las",ES705,35:6,nombre,L01350069,P3500600F,28.11861,-15.52538,Arucas
35007,5,Betancuria,35,05,"Palmas, Las",ES704,35:7,nombre,L01350075,P3500700D,28.42472,-14.057778,Betancuria
35008,1,Firgas,35,05,"Palmas, Las",ES705,35:8,nombre,L01350081,P3500800B,28.107762,-15.563365,Firgas
35009,4,Gáldar,35,05,"Palmas, Las",ES705,35:9,nombre,L01350094,P3500900J,28.145624,-15.653205,Gáldar
35010,8,Haría,35,05,"Palmas, Las",ES708,35:11,nombre,L01350108,P3501100F,29.145867,-13.500103,Haría
35011,5,Ingenio,35,05,"Palmas, Las",ES705,35:12,nombre,L01350115,P3501200D,27.9196,-15.443586,Ingenio
35012,0,Mogán,35,05,"Palmas, Las",ES705,35:13,nombre,L01350120,P3501300B,27.883938,-15.723838,Mogán
35013,6,Moya,35,05,"Palmas, Las",ES705,35:14,nombre,L01350136,P3501400J,28.110898,-15.58332,Moya
35014,1,"Oliva, La",35,05,"Palmas, Las",ES704,35:15,nombre,L01350141,P3501500G,28.610236,-13.927729,La Oliva
35015,4,Pájara,35,05,"Palmas, Las",ES704,35:16,nombre,L01350154,P3501600E,28.350982,-14.107866,Pájara
35016,7,"Palmas de Gran Canaria, Las",35,05,"Palmas, Las",ES705,35:17,nombre,L01350167,P3501700C,28.124924,-15.42847,Las Palmas de Gran Canaria
35017,3,Puerto del Rosario,35,05,"Palmas, Las",ES704,35:18,nombre,L01350173,P3501800A,28.498768,-13.859713,Puerto del Rosario
35018,9,San Bartolomé,35,05,"Palmas, Las",ES708,35:19,nombre,L01350189,P3501900I,29.001444,-13.614066,San Bartolomé
35019,2,San Bartolomé de Tirajana,35,05,"Palmas, Las",ES705,35:20,nombre,L01350192,P3502000G,27.924988,-15.572881,San Bartolomé de Tirajana
35020,6,"Aldea de San Nicolás, La",35,05,"Palmas, Las",ES705,35:21,nombre,L01350206,P3502100E,27.984747,-15.780296,La Aldea de San Nicolás
35021,3,Santa Brígida,35,05,"Palmas, Las",ES705,35:22,nombre,L01350213,P3502200C,28.033841,-15.499178,Santa Brígida
35022,8,Santa Lucía de Tirajana,35,05,"Palmas, Las",ES705,35:23,nombre,L01350228,P3502300A,27.912061,-15.540641,Santa Lucía de Tirajana
35023,4,Santa María de Guía de Gran Canaria,35,05,"Palmas, Las",ES705,35:10,punto,L01350234,P3501000H,28.138942,-15.632904,Santa María de Guía de Gran Canaria
35024,9,Teguise,35,05,"Palmas, Las",ES708,35:24,nombre,L01350249,P3502400I,29.057226,-13.561329,Teguise
35025,2,Tejeda,35,05,"Palmas, Las",ES705,35:25,nombre,L01350252,P3502500F,27.995066,-15.615706,Tejeda
35026,5,Telde,35,05,"Palmas, Las",ES705,35:26,nombre,L01350265,P3502600D,28.003215,-15.414695,Telde
35027,1,Teror,35,05,"Palmas, Las",ES705,35:27,nombre,L01350271,P3502700B,28.059551,-15.54842,Teror
35028,7,Tías,35,05,"Palmas, Las",ES708,35:28,nombre,L01350287,P3502800J,28.952211,-13.654355,Tías
35029,0,Tinajo,35,05,"Palmas, Las",ES708,35:29,nombre,L01350290,P3502900H,29.066558,-13.676456,Tinajo
35030,4,Tuineje,35,05,"Palmas, Las",ES704,35:30,nombre,L01350304,P3503000F,28.324744,-14.049484,Tuineje
35031,1,Valsequillo de Gran Canaria,35,05,"Palmas, Las",ES705,35:31,punto,L01350311,P3503100D,27.990994,-15.499296,Valsequillo
35032,6,Valleseco,35,05,"Palmas, Las",ES705,35:32,nombre,L01350326,P3503200B,28.050572,-15.574198,Valleseco
35033,2,Vega de San Mateo,35,05,"Palmas, Las",ES705,35:33,nombre,L01350332,P3503300J,28.011154,-15.532766,Vega de San Mateo
35034,7,Yaiza,35,05,"Palmas, Las",ES708,35:34,nombre,L01350347,P3503400H,28.952478,-13.764485,Yaiza
36001,0,Arbo,36,12,Pontevedra,ES114,36:1,nombre,L01360010,P3600100F,42.110721,-8.312808,O Pazo
36002,5,Barro,36,12,Pontevedra,ES114,36:2,nombre,L01360025,P3600200D,42.524184,-8.637161,Santo Antoniño
36003,1,Baiona,36,12,Pontevedra,ES114,36:3,nombre,L01360031,P3600300B,42.11921,-8.849618,Baiona
36004,6,Bueu,36,12,Pontevedra,ES114,36:4,nombre,L01360046,P3600400J,42.326629,-8.784617,Bueu
36005,9,Caldas de Reis,36,12,Pontevedra,ES114,36:5,nombre,L01360059,P3600500G,42.60688,-8.646842,Caldas de Reis
36006,2,Cambados,36,12,Pontevedra,ES114,36:6,nombre,L01360062,P3600600E,42.515475,-8.814659,Cambados
36007,8,Campo Lameiro,36,12,Pontevedra,ES114,36:7,nombre,L01360078,P3600700C,42.540429,-8.544039,A Lagoa
36008,4,Cangas,36,12,Pontevedra,ES114,36:8,nombre,L01360084,P3600800A,42.261739,-8.78618,Cangas
36009,7,"Cañiza, A",36,12,Pontevedra,ES114,36:9,nombre,L01360097,P3600900I,42.212754,-8.273359,A Cañiza
36010,1,Catoira,36,12,Pontevedra,ES114,36:10,nombre,L01360101,P3601000G,42.668167,-8.724246,Catoira
36013,9,Covelo,36,12,Pontevedra,ES114,36:13,punto,L01360139,P3601300A,42.232111,-8.3633,Santiago de Covelo
36014,4,Crecente,36,12,Pontevedra,ES114,36:14,nombre,L01360144,P3601400I,42.152009,-8.222977,Crecente
36015,7,Cuntis,36,12,Pontevedra,ES114,36:15,nombre,L01360157,P3601500F,42.632884,-8.562994,Cuntis
36016,0,Dozón,36,12,Pontevedra,ES114,36:16,nombre,L01360160,P3601600D,42.566799,-8.046406,O Castro
36017,6,"Estrada, A",36,12,Pontevedra,ES114,36:17,nombre,L01360176,P3601700B,42.68852,-8.489019,A Estrada
36018,2,Forcarei,36,12,Pontevedra,ES114,36:18,nombre,L01360182,P3601800J,42.591992,-8.350911,Forcarei
36019,5,Fornelos de Montes,36,12,Pontevedra,ES114,36:19,nombre,L01360195,P3601900H,42.340585,-8.452987,A Igrexa
36020,9,Agolada,36,12,Pontevedra,ES114,36:20,nombre,L01360209,P3602000F,42.762672,-8.019001,Agolada
36021,6,Gondomar,36,12,Pontevedra,ES114,36:21,nombre,L01360216,P3602100D,42.110639,-8.761521,Gondomar
36022,1,"Grove, O",36,12,Pontevedra,ES114,36:22,nombre,L01360221,P3602200B,42.496507,-8.86522,O Grove
36023,7,"Guarda, A",36,12,Pontevedra,ES114,36:23,nombre,L01360237,P3602300J,41.90117,-8.874219,A Guarda
36024,2,Lalín,36,12,Pontevedra,ES114,36:24,nombre,L01360242,P3602400H,42.660612,-8.116609,Lalín
36025,5,"Lama, A",36,12,Pontevedra,ES114,36:25,nombre,L01360255,P3602500E,42.398478,-8.435628,A Pedreira
36026,8,Marín,36,12,Pontevedra,ES114,36:26,nombre,L01360268,P3602600C,42.392829,-8.698978,Marín
36027,4,Meaño,36,12,Pontevedra,ES114,36:27,nombre,L01360274,P3602700A,42.44427,-8.781783,As Covas
36028,0,Meis,36,12,Pontevedra,ES114,36:28,nombre,L01360280,P3602800I,42.518411,-8.703611,O Mosteiro
36029,3,Moaña,36,12,Pontevedra,ES114,36:29,nombre,L01360293,P3602900G,42.29188,-8.738605,Redondo
36030,7,Mondariz,36,12,Pontevedra,ES114,36:30,nombre,L01360307,P3603000E,42.234413,-8.455311,Mondariz
36031,4,Mondariz-Balneario,36,12,Pontevedra,ES114,36:31,nombre,L01360314,P3603100C,42.225144,-8.470392,Mondariz-Balneario o Troncoso
36032,9,Moraña,36,12,Pontevedra,ES114,36:32,nombre,L01360329,P3603200A,42.589219,-8.590856,Santa Lucía de Moraña
36033,5,Mos,36,12,Pontevedra,ES114,36:33,nombre,L01360335,P3603300I,42.207717,-8.655464,A Portela de Puxeiros
36034,0,"Neves, As",36,12,Pontevedra,ES114,36:34,nombre,L01360340,P3603400G,42.08835,-8.415415,As Neves
36035,3,Nigrán,36,12,Pontevedra,ES114,36:35,nombre,L01360353,P3603500D,42.14261,-8.806791,Vilameán
36036,6,Oia,36,12,Pontevedra,ES114,36:36,nombre,L01360366,P3603600B,42.002009,-8.873694,O Arrabal
36037,2,Pazos de Borbén,36,12,Pontevedra,ES114,36:37,nombre,L01360372,P3603700J,42.293552,-8.531697,Pazos
36038,8,Pontevedra,36,12,Pontevedra,ES114,36:900,nombre,L01360388,P3603800H,42.431994,-8.646859,Pontevedra
36039,1,"Porriño, O",36,12,Pontevedra,ES114,36:39,nombre,L01360391,P3603900F,42.161784,-8.620778,O Porriño
36040,5,Portas,36,12,Pontevedra,ES114,36:40,nombre,L01360405,P3604000D,42.552588,-8.672385,Xagobe-Vilavedra
36041,2,Poio,36,12,Pontevedra,ES114,36:41,nombre,L01360412,P3604100B,42.446136,-8.685773,O Convento
36042,7,Ponteareas,36,12,Pontevedra,ES114,36:42,nombre,L01360427,P3604200J,42.17364,-8.503198,Ponteareas
36043,3,Ponte Caldelas,36,12,Pontevedra,ES114,36:43,nombre,L01360433,P3604300H,42.390707,-8.503215,Ponte Caldelas
36044,8,Pontecesures,36,12,Pontevedra,ES114,36:44,nombre,L01360448,P3604400F,42.719977,-8.649618,Infesta
36045,1,Redondela,36,12,Pontevedra,ES114,36:45,nombre,L01360451,P3604500C,42.283782,-8.608908,Redondela
36046,4,Ribadumia,36,12,Pontevedra,ES114,36:46,nombre,L01360464,P3604600A,42.503159,-8.767606,A Escusa
36047,0,Rodeiro,36,12,Pontevedra,ES114,36:47,nombre,L01360470,P3604700I,42.64951,-7.949988,Rodeiro
36048,6,"Rosal, O",36,12,Pontevedra,ES114,36:48,nombre,L01360486,P3604800G,41.937061,-8.837308,O Calvario
36049,9,Salceda de Caselas,36,12,Pontevedra,ES114,36:49,nombre,L01360499,P3604900E,42.102371,-8.557863,A Esfarrapada
36050,2,Salvaterra de Miño,36,12,Pontevedra,ES114,36:50,nombre,L01360502,P3605000C,42.080421,-8.497902,O Castelo
36051,9,Sanxenxo,36,12,Pontevedra,ES114,36:51,nombre,L01360519,P3605100A,42.400284,-8.806675,Sanxenxo
36052,4,Silleda,36,12,Pontevedra,ES114,36:52,nombre,L01360524,P3605200I,42.697611,-8.248002,Silleda
36053,0,Soutomaior,36,12,Pontevedra,ES114,36:53,nombre,L01360530,P3605300G,42.340854,-8.609531,A Calle
36054,5,Tomiño,36,12,Pontevedra,ES114,36:54,nombre,L01360545,P3605400E,41.991325,-8.742831,O Seixo
36055,8,Tui,36,12,Pontevedra,ES114,36:55,nombre,L01360558,P3605500B,42.0465,-8.644314,Tui
36056,1,Valga,36,12,Pontevedra,ES114,36:56,nombre,L01360561,P3605600J,42.699558,-8.648554,Ponte Valga
36057,7,Vigo,36,12,Pontevedra,ES114,36:57,nombre,L01360577,P3605700H,42.235886,-8.726788,Vigo
36058,3,Vilaboa,36,12,Pontevedra,ES114,36:58,nombre,L01360583,P3605800F,42.354228,-8.62354,Paredes
36059,6,Vila de Cruces,36,12,Pontevedra,ES114,36:59,nombre,L01360596,P3605900D,42.794033,-8.169983,Vila de Cruces
36060,0,Vilagarcía de Arousa,36,12,Pontevedra,ES114,36:60,nombre,L01360600,P3606000B,42.597258,-8.763574,Vilagarcía
36061,7,Vilanova de Arousa,36,12,Pontevedra,ES114,36:61,nombre,L01360617,P3606100J,42.56208,-8.826643,Vilanova de Arousa
36901,1,"Illa de Arousa, A",36,12,Pontevedra,ES114,36:62,nombre,L01369011,P8600004I,42.56383,-8.873913,Arousa
36902,6,Cerdedo-Cotobade,36,12,Pontevedra,ES114,36:12,punto,L01369026,P3600048G,42.471928,-8.482026,A Chan
37001,6,Abusejo,37,07,Salamanca,ES415,37:1,nombre,L01370016,P3700100E,40.708149,-6.140172,Abusejo
37002,1,Agallas,37,07,Salamanca,ES415,37:2,nombre,L01370021,P3700200C,40.449531,-6.441955,Agallas
37003,7,Ahigal de los Aceiteros,37,07,Salamanca,ES415,37:3,nombre,L01370037,P3700300A,40.872065,-6.747208,Ahigal de los Aceiteros
37004,2,Ahigal de Villarino,37,07,Salamanca,ES415,37:4,nombre,L01370042,P3700400I,41.158055,-6.37905,Ahigal de Villarino
37005,5,"Alameda de Gardón, La",37,07,Salamanca,ES415,37:5,nombre,L01370055,P3700500F,40.651046,-6.758593,La Alameda de Gardón
37006,8,"Alamedilla, La",37,07,Salamanca,ES415,37:6,nombre,L01370068,P3700600D,40.472227,-6.829251,La Alamedilla
37007,4,Alaraz,37,07,Salamanca,ES415,37:7,nombre,L01370074,P3700700B,40.747878,-5.28743,Alaraz
37008,0,Alba de Tormes,37,07,Salamanca,ES415,37:8,nombre,L01370080,P3700800J,40.827422,-5.514767,Alba de Tormes
37009,3,Alba de Yeltes,37,07,Salamanca,ES415,37:9,nombre,L01370093,P3700900H,40.672092,-6.317409,Alba de Yeltes
37010,7,"Alberca, La",37,07,Salamanca,ES415,37:10,nombre,L01370107,P3701000F,40.489065,-6.110676,La Alberca
37011,4,"Alberguería de Argañán, La",37,07,Salamanca,ES415,37:11,nombre,L01370114,P3701100D,40.411821,-6.81426,La Alberguería de Argañán
37012,9,Alconada,37,07,Salamanca,ES415,37:12,nombre,L01370129,P3701200B,40.909748,-5.363091,Alconada
37013,5,Aldeacipreste,37,07,Salamanca,ES415,37:13,nombre,L01370135,P3701300J,40.380539,-5.897521,Aldeacipreste
37014,0,Aldeadávila de la Ribera,37,07,Salamanca,ES415,37:14,nombre,L01370140,P3701400H,41.218459,-6.620071,Aldeadávila de la Ribera
37015,3,Aldea del Obispo,37,07,Salamanca,ES415,37:15,nombre,L01370153,P3701500E,40.707231,-6.792354,Aldea del Obispo
37016,6,Aldealengua,37,07,Salamanca,ES415,37:16,nombre,L01370166,P3701600C,40.981108,-5.549072,Aldealengua
37017,2,Aldeanueva de Figueroa,37,07,Salamanca,ES415,37:17,nombre,L01370172,P3701700A,41.148063,-5.524835,Aldeanueva de Figueroa
37018,8,Aldeanueva de la Sierra,37,07,Salamanca,ES415,37:18,nombre,L01370188,P3701800I,40.61526,-6.100347,Aldeanueva de la Sierra
37019,1,Aldearrodrigo,37,07,Salamanca,ES415,37:19,nombre,L01370191,P3701900G,41.109807,-5.805871,Aldearrodrigo
37020,5,Aldearrubia,37,07,Salamanca,ES415,37:20,nombre,L01370205,P3702000E,41.007721,-5.498368,Aldearrubia
37021,2,Aldeaseca de Alba,37,07,Salamanca,ES415,37:21,nombre,L01370212,P3702100C,40.818921,-5.447165,Aldeaseca de Alba
37022,7,Aldeaseca de la Frontera,37,07,Salamanca,ES415,37:22,nombre,L01370227,P3702200A,40.941953,-5.207297,Aldeaseca de la Frontera
37023,3,Aldeatejada,37,07,Salamanca,ES415,37:23,nombre,L01370233,P3702300I,40.921197,-5.692548,Aldeatejada
37024,8,Aldeavieja de Tormes,37,07,Salamanca,ES415,37:24,nombre,L01370248,P3702400G,40.584325,-5.617361,Aldeavieja de Tormes
37025,1,Aldehuela de la Bóveda,37,07,Salamanca,ES415,37:25,nombre,L01370251,P3702500D,40.842308,-6.048743,Aldehuela de la Bóveda
37026,4,Aldehuela de Yeltes,37,07,Salamanca,ES415,37:26,nombre,L01370264,P3702600B,40.662572,-6.244355,Aldehuela de Yeltes
37027,0,Almenara de Tormes,37,07,Salamanca,ES415,37:27,nombre,L01370270,P3702700J,41.064141,-5.823359,Almenara de Tormes
37028,6,Almendra,37,07,Salamanca,ES415,37:28,nombre,L01370286,P3702800H,41.229727,-6.341074,Almendra
37029,9,Anaya de Alba,37,07,Salamanca,ES415,37:29,nombre,L01370299,P3702900F,40.728532,-5.492465,Anaya de Alba
37030,3,Añover de Tormes,37,07,Salamanca,ES415,37:30,nombre,L01370303,P3703000D,41.136277,-5.914888,Añover de Tormes
37031,0,Arabayona de Mógica,37,07,Salamanca,ES415,37:31,nombre,L01370310,P3703100B,41.046902,-5.383459,Arabayona de Mógica
37032,5,Arapiles,37,07,Salamanca,ES415,37:32,nombre,L01370325,P3703200J,40.893666,-5.645952,Arapiles
37033,1,Arcediano,37,07,Salamanca,ES415,37:33,nombre,L01370331,P3703300H,41.093351,-5.560698,Arcediano
37034,6,"Arco, El",37,07,Salamanca,ES415,37:34,nombre,L01370346,P3703400F,41.109704,-5.824117,El Arco
37035,9,Armenteros,37,07,Salamanca,ES415,37:35,nombre,L01370359,P3703500C,40.593403,-5.448678,Armenteros
37036,2,San Miguel del Robledo,37,07,Salamanca,ES415,37:36,nombre,L01370362,P3703600A,40.537598,-6.045741,San Miguel del Robledo
37037,8,"Atalaya, La",37,07,Salamanca,ES415,37:37,nombre,L01370378,P3703700I,40.502646,-6.413933,La Atalaya
37038,4,Babilafuente,37,07,Salamanca,ES415,37:38,nombre,L01370384,P3703800G,40.977409,-5.425495,Babilafuente
37039,7,Bañobárez,37,07,Salamanca,ES415,37:39,nombre,L01370397,P3703900E,40.850865,-6.61306,Bañobárez
37040,1,Barbadillo,37,07,Salamanca,ES415,37:40,nombre,L01370401,P3704000C,40.931923,-5.881003,Barbadillo
37041,8,Barbalos,37,07,Salamanca,ES415,37:41,nombre,L01370418,P3704100A,40.676368,-5.942722,Barbalos
37042,3,Barceo,37,07,Salamanca,ES415,37:42,nombre,L01370423,P3704200I,41.061184,-6.453211,Barceo
37044,4,Barruecopardo,37,07,Salamanca,ES415,37:44,nombre,L01370444,P3704400E,41.072626,-6.665812,Barruecopardo
37045,7,"Bastida, La",37,07,Salamanca,ES415,37:45,nombre,L01370457,P3704500B,40.584649,-6.058045,La Bastida
37046,0,Béjar,37,07,Salamanca,ES415,37:46,nombre,L01370460,P3704600J,40.387797,-5.772811,Béjar
37047,6,Beleña,37,07,Salamanca,ES415,37:47,nombre,L01370476,P3704700H,40.749816,-5.628156,Beleña
37049,5,Bermellar,37,07,Salamanca,ES415,37:49,nombre,L01370495,P3704900D,40.99938,-6.670707,Bermellar
37050,8,Berrocal de Huebra,37,07,Salamanca,ES415,37:50,nombre,L01370508,P3705000B,40.717976,-5.999867,Berrocal de Huebra
37051,5,Berrocal de Salvatierra,37,07,Salamanca,ES415,37:51,nombre,L01370515,P3705100J,40.633066,-5.689128,Berrocal de Salvatierra
37052,0,Boada,37,07,Salamanca,ES415,37:52,nombre,L01370520,P3705200H,40.815338,-6.308296,Boada
37054,1,"Bodón, El",37,07,Salamanca,ES415,37:54,nombre,L01370541,P3705400D,40.488428,-6.575948,El Bodón
37055,4,Bogajo,37,07,Salamanca,ES415,37:55,nombre,L01370554,P3705500A,40.906905,-6.529875,Bogajo
37056,7,"Bouza, La",37,07,Salamanca,ES415,37:56,nombre,L01370567,P3705600I,40.835558,-6.795199,La Bouza
37057,3,Bóveda del Río Almar,37,07,Salamanca,ES415,37:57,nombre,L01370573,P3705700G,40.857118,-5.210606,Bóveda del Río Almar
37058,9,Brincones,37,07,Salamanca,ES415,37:58,nombre,L01370589,P3705800E,41.112149,-6.34868,Brincones
37059,2,Buenamadre,37,07,Salamanca,ES415,37:59,nombre,L01370592,P3705900C,40.856713,-6.250962,Buenamadre
37060,6,Buenavista,37,07,Salamanca,ES415,37:60,nombre,L01370606,P3706000A,40.768567,-5.611339,Buenavista
37061,3,"Cabaco, El",37,07,Salamanca,ES415,37:61,nombre,L01370613,P3706100I,40.565119,-6.126768,El Cabaco
37062,8,Cabezabellosa de la Calzada,37,07,Salamanca,ES415,37:62,nombre,L01370628,P3706200G,41.044522,-5.489153,Cabezabellosa de la Calzada
37063,4,"Cabeza de Béjar, La",37,07,Salamanca,ES415,37:63,nombre,L01370634,P3706300E,40.495125,-5.663536,La Cabeza de Béjar
37065,2,Cabeza del Caballo,37,07,Salamanca,ES415,37:65,nombre,L01370652,P3706500J,41.129982,-6.559185,Cabeza del Caballo
37067,1,Cabrerizos,37,07,Salamanca,ES415,37:67,nombre,L01370671,P3706700F,40.97698,-5.609902,Cabrerizos
37068,7,Cabrillas,37,07,Salamanca,ES415,37:68,nombre,L01370687,P3706800D,40.741523,-6.180627,Cabrillas
37069,0,Calvarrasa de Abajo,37,07,Salamanca,ES415,37:69,nombre,L01370690,P3706900B,40.945789,-5.55147,Calvarrasa de Abajo
37070,4,Calvarrasa de Arriba,37,07,Salamanca,ES415,37:70,nombre,L01370704,P3707000J,40.905892,-5.593051,Calvarrasa de Arriba
37071,1,"Calzada de Béjar, La",37,07,Salamanca,ES415,37:71,nombre,L01370711,P3707100H,40.410594,-5.816735,La Calzada de Béjar
37072,6,Calzada de Don Diego,37,07,Salamanca,ES415,37:72,nombre,L01370726,P3707200F,40.906218,-5.901536,Calzada de Don Diego
37073,2,Calzada de Valdunciel,37,07,Salamanca,ES415,37:73,nombre,L01370732,P3707300D,41.086875,-5.703483,Calzada de Valdunciel
37074,7,Campillo de Azaba,37,07,Salamanca,ES415,37:74,nombre,L01370747,P3707400B,40.51087,-6.689129,Campillo de Azaba
37077,9,"Campo de Peñaranda, El",37,07,Salamanca,ES415,37:77,nombre,L01370779,P3707700E,40.986124,-5.257498,El Campo de Peñaranda
37078,5,Candelario,37,07,Salamanca,ES415,37:78,nombre,L01370785,P3707800C,40.365717,-5.742101,Candelario
37079,8,Canillas de Abajo,37,07,Salamanca,ES415,37:79,nombre,L01370798,P3707900A,40.921633,-5.929728,Canillas de Abajo
37080,2,Cantagallo,37,07,Salamanca,ES415,37:80,nombre,L01370802,P3708000I,40.372213,-5.817752,Cantagallo
37081,9,Cantalapiedra,37,07,Salamanca,ES415,37:81,nombre,L01370819,P3708100G,41.126023,-5.183474,Cantalapiedra
37082,4,Cantalpino,37,07,Salamanca,ES415,37:82,nombre,L01370824,P3708200E,41.052605,-5.330225,Cantalpino
37083,0,Cantaracillo,37,07,Salamanca,ES415,37:83,nombre,L01370830,P3708300C,40.903745,-5.163081,Cantaracillo
37085,8,Carbajosa de la Sagrada,37,07,Salamanca,ES415,37:85,nombre,L01370858,P3708500H,40.932608,-5.650982,Carbajosa de la Sagrada
37086,1,Carpio de Azaba,37,07,Salamanca,ES415,37:86,nombre,L01370861,P3708600F,40.59588,-6.64658,Carpio de Azaba
37087,7,Carrascal de Barregas,37,07,Salamanca,ES415,37:87,nombre,L01370877,P3708700D,40.978695,-5.761913,Carrascal de Barregas
37088,3,Carrascal del Obispo,37,07,Salamanca,ES415,37:88,nombre,L01370883,P3708800B,40.763875,-5.999088,Carrascal del Obispo
37089,6,Casafranca,37,07,Salamanca,ES415,37:89,nombre,L01370896,P3708900J,40.592951,-5.760764,Casafranca
37090,0,"Casas del Conde, Las",37,07,Salamanca,ES415,37:90,nombre,L01370900,P3709000H,40.507585,-6.041466,Las Casas del Conde
37091,7,Casillas de Flores,37,07,Salamanca,ES415,37:91,nombre,L01370917,P3709100F,40.382772,-6.753776,Casillas de Flores
37092,2,Castellanos de Moriscos,37,07,Salamanca,ES415,37:92,nombre,L01370922,P3709200D,41.018764,-5.590558,Castellanos de Moriscos
37096,9,Castillejo de Martín Viejo,37,07,Salamanca,ES415,37:96,nombre,L01370969,P3709600E,40.700494,-6.644316,Castillejo de Martín Viejo
37097,5,Castraz,37,07,Salamanca,ES415,37:97,nombre,L01370975,P3709700C,40.705108,-6.334569,Castraz
37098,1,Cepeda,37,07,Salamanca,ES415,37:98,nombre,L01370981,P3709800A,40.46562,-6.040308,Cepeda
37099,4,Cereceda de la Sierra,37,07,Salamanca,ES415,37:99,nombre,L01370994,P3709900I,40.566167,-6.091218,Cereceda de la Sierra
37100,8,Cerezal de Peñahorcada,37,07,Salamanca,ES415,37:100,nombre,L01371008,P3710000E,41.130335,-6.653686,Cerezal de Peñahorcada
37101,5,Cerralbo,37,07,Salamanca,ES415,37:101,nombre,L01371015,P3710100C,40.974628,-6.585218,Cerralbo
37102,0,"Cerro, El",37,07,Salamanca,ES415,37:102,nombre,L01371020,P3710200A,40.327438,-5.916145,El Cerro
37103,6,Cespedosa de Tormes,37,07,Salamanca,ES415,37:103,nombre,L01371036,P3710300I,40.543674,-5.580216,Cespedosa de Tormes
37104,1,Cilleros de la Bastida,37,07,Salamanca,ES415,37:104,nombre,L01371041,P3710400G,40.576966,-6.061057,Cilleros de la Bastida
37106,7,Cipérez,37,07,Salamanca,ES415,37:106,nombre,L01371067,P3710600B,40.962053,-6.265412,Cipérez
37107,3,Ciudad Rodrigo,37,07,Salamanca,ES415,37:107,nombre,L01371073,P3710700J,40.59724,-6.533183,Ciudad Rodrigo
37108,9,Coca de Alba,37,07,Salamanca,ES415,37:108,nombre,L01371089,P3710800H,40.87655,-5.36725,Coca de Alba
37109,2,Colmenar de Montemayor,37,07,Salamanca,ES415,37:109,nombre,L01371092,P3710900F,40.399922,-5.956604,Colmenar de Montemayor
37110,6,Cordovilla,37,07,Salamanca,ES415,37:110,nombre,L01371106,P3711000D,40.95061,-5.406543,Cordovilla
37112,8,Cristóbal,37,07,Salamanca,ES415,37:112,nombre,L01371128,P3711200J,40.469426,-5.889571,Cristóbal
37113,4,"Cubo de Don Sancho, El",37,07,Salamanca,ES415,37:113,nombre,L01371134,P3711300H,40.892105,-6.305255,El Cubo de Don Sancho
37114,9,Chagarcía Medianero,37,07,Salamanca,ES415,37:114,nombre,L01371149,P3711400F,40.650075,-5.38316,Chagarcía Medianero
37115,2,Dios le Guarde,37,07,Salamanca,ES415,37:115,nombre,L01371152,P3711500C,40.64208,-6.314508,Dios le Guarde
37116,5,Doñinos de Ledesma,37,07,Salamanca,ES415,37:116,nombre,L01371165,P3711600A,41.011732,-6.035681,Doñinos de Ledesma
37117,1,Doñinos de Salamanca,37,07,Salamanca,ES415,37:117,nombre,L01371171,P3711700I,40.959199,-5.746025,Doñinos de Salamanca
37118,7,Éjeme,37,07,Salamanca,ES415,37:118,nombre,L01371187,P3711800G,40.766788,-5.538591,Éjeme
37119,0,"Encina, La",37,07,Salamanca,ES415,37:119,nombre,L01371190,P3711900E,40.498812,-6.530532,La Encina
37120,4,Encina de San Silvestre,37,07,Salamanca,ES415,37:120,nombre,L01371204,P3712000C,41.014483,-6.092982,Encina de San Silvestre
37121,1,Encinas de Abajo,37,07,Salamanca,ES415,37:121,nombre,L01371211,P3712100A,40.933568,-5.470119,Encinas de Abajo
37122,6,Encinas de Arriba,37,07,Salamanca,ES415,37:122,nombre,L01371226,P3712200I,40.770679,-5.556633,Encinas de Arriba
37123,2,Encinasola de los Comendadores,37,07,Salamanca,ES415,37:123,nombre,L01371232,P3712300G,41.030622,-6.531516,Encinasola de los Comendadores
37124,7,Endrinal,37,07,Salamanca,ES415,37:124,nombre,L01371247,P3712400E,40.590616,-5.804678,Endrinal
37125,0,Escurial de la Sierra,37,07,Salamanca,ES415,37:125,nombre,L01371250,P3712500B,40.61679,-5.956772,Escurial de la Sierra
37126,3,Espadaña,37,07,Salamanca,ES415,37:126,nombre,L01371263,P3712600J,41.061833,-6.284934,Espadaña
37127,9,Espeja,37,07,Salamanca,ES415,37:127,nombre,L01371279,P3712700H,40.565685,-6.715488,Espeja
37128,5,Espino de la Orbada,37,07,Salamanca,ES415,37:128,nombre,L01371285,P3712800F,41.10561,-5.42524,Espino de la Orbada
37129,8,Florida de Liébana,37,07,Salamanca,ES415,37:129,nombre,L01371298,P3712900D,41.024358,-5.762119,Florida de Liébana
37130,2,Forfoleda,37,07,Salamanca,ES415,37:130,nombre,L01371302,P3713000B,41.097958,-5.750306,Forfoleda
37131,9,Frades de la Sierra,37,07,Salamanca,ES415,37:131,nombre,L01371319,P3713100J,40.657423,-5.785743,Frades de la Sierra
37132,4,"Fregeneda, La",37,07,Salamanca,ES415,37:132,nombre,L01371324,P3713200H,40.987849,-6.866324,La Fregeneda
37133,0,Fresnedoso,37,07,Salamanca,ES415,37:133,nombre,L01371330,P3713300F,40.436117,-5.710518,Fresnedoso
37134,5,Fresno Alhándiga,37,07,Salamanca,ES415,37:134,nombre,L01371345,P3713400D,40.712854,-5.616941,Fresno Alhándiga
37135,8,"Fuente de San Esteban, La",37,07,Salamanca,ES415,37:135,nombre,L01371358,P3713500A,40.801572,-6.257144,La Fuente de San Esteban
37136,1,Fuenteguinaldo,37,07,Salamanca,ES415,37:136,nombre,L01371361,P3713600I,40.428386,-6.675912,Fuenteguinaldo
37137,7,Fuenteliante,37,07,Salamanca,ES415,37:137,nombre,L01371377,P3713700G,40.87468,-6.572838,Fuenteliante
37138,3,Fuenterroble de Salvatierra,37,07,Salamanca,ES415,37:138,nombre,L01371383,P3713800E,40.564947,-5.732206,Fuenterroble de Salvatierra
37139,6,Fuentes de Béjar,37,07,Salamanca,ES415,37:139,nombre,L01371396,P3713900C,40.507698,-5.694415,Fuentes de Béjar
37140,0,Fuentes de Oñoro,37,07,Salamanca,ES415,37:140,nombre,L01371400,P3714000A,40.588318,-6.813375,Fuentes de Oñoro
37141,7,Gajates,37,07,Salamanca,ES415,37:141,nombre,L01371417,P3714100I,40.783232,-5.365574,Gajates
37142,2,Galindo y Perahuy,37,07,Salamanca,ES415,37:142,nombre,L01371422,P3714200G,40.942993,-5.872308,Galindo y Perahuy
37143,8,Galinduste,37,07,Salamanca,ES415,37:143,nombre,L01371438,P3714300E,40.662247,-5.539592,Galinduste
37144,3,Galisancho,37,07,Salamanca,ES415,37:144,nombre,L01371443,P3714400C,40.743049,-5.554619,Galisancho
37145,6,Gallegos de Argañán,37,07,Salamanca,ES415,37:145,nombre,L01371456,P3714500J,40.631087,-6.70253,Gallegos de Argañán
37146,9,Gallegos de Solmirón,37,07,Salamanca,ES415,37:146,nombre,L01371469,P3714600H,40.53702,-5.448091,Gallegos de Solmirón
37147,5,Garcibuey,37,07,Salamanca,ES415,37:147,nombre,L01371475,P3714700F,40.515702,-5.994604,Garcibuey
37148,1,Garcihernández,37,07,Salamanca,ES415,37:148,nombre,L01371481,P3714800D,40.861663,-5.434047,Garcihernández
37149,4,Garcirrey,37,07,Salamanca,ES415,37:149,nombre,L01371494,P3714900B,40.900979,-6.129291,Garcirrey
37150,7,Gejuelo del Barro,37,07,Salamanca,ES415,37:151,nombre,L01371507,P3715100H,41.075242,-6.123468,Gejuelo del Barro
37151,4,Golpejas,37,07,Salamanca,ES415,37:152,nombre,L01371514,P3715200F,40.999995,-5.906673,Golpejas
37152,9,Gomecello,37,07,Salamanca,ES415,37:153,nombre,L01371529,P3715300D,41.042718,-5.53364,Gomecello
37154,0,Guadramiro,37,07,Salamanca,ES415,37:155,nombre,L01371540,P3715500I,41.01661,-6.494538,Guadramiro
37155,3,Guijo de Ávila,37,07,Salamanca,ES415,37:156,nombre,L01371553,P3715600G,40.531124,-5.639821,Guijo de Ávila
37156,6,Guijuelo,37,07,Salamanca,ES415,37:157,nombre,L01371566,P3715700E,40.557749,-5.671058,Guijuelo
37157,2,Herguijuela de Ciudad Rodrigo,37,07,Salamanca,ES415,37:158,nombre,L01371572,P3715800C,40.458349,-6.52089,Herguijuela de Ciudad Rodrigo
37158,8,Herguijuela de la Sierra,37,07,Salamanca,ES415,37:159,nombre,L01371588,P3715900A,40.445091,-6.074304,Herguijuela de la Sierra
37159,1,Herguijuela del Campo,37,07,Salamanca,ES415,37:160,nombre,L01371591,P3716000I,40.630526,-5.864189,Herguijuela del Campo
37160,5,Hinojosa de Duero,37,07,Salamanca,ES415,37:161,nombre,L01371605,P3716100G,40.985537,-6.796954,Hinojosa de Duero
37161,2,Horcajo de Montemayor,37,07,Salamanca,ES415,37:162,nombre,L01371612,P3716200E,40.421755,-5.894206,Horcajo de Montemayor
37162,7,Horcajo Medianero,37,07,Salamanca,ES415,37:163,nombre,L01371627,P3716300C,40.639953,-5.406163,Horcajo Medianero
37163,3,"Hoya, La",37,07,Salamanca,ES415,37:164,nombre,L01371633,P3716400A,40.406356,-5.698151,La Hoya
37164,8,Huerta,37,07,Salamanca,ES415,37:165,nombre,L01371648,P3716500H,40.967945,-5.467084,Huerta
37165,1,Iruelos,37,07,Salamanca,ES415,37:166,nombre,L01371651,P3716600F,41.140205,-6.328773,Iruelos
37166,4,Ituero de Azaba,37,07,Salamanca,ES415,37:167,nombre,L01371664,P3716700D,40.484769,-6.691634,Ituero de Azaba
37167,0,Juzbado,37,07,Salamanca,ES415,37:168,nombre,L01371670,P3716800B,41.077345,-5.861546,Juzbado
37168,6,Lagunilla,37,07,Salamanca,ES415,37:169,nombre,L01371686,P3716900J,40.324492,-5.972365,Lagunilla
37169,9,Larrodrigo,37,07,Salamanca,ES415,37:170,nombre,L01371699,P3717000H,40.736807,-5.448793,Larrodrigo
37170,3,Ledesma,37,07,Salamanca,ES415,37:171,nombre,L01371703,P3717100F,41.090206,-5.998373,Ledesma
37171,0,Ledrada,37,07,Salamanca,ES415,37:172,nombre,L01371710,P3717200D,40.46932,-5.720735,Ledrada
37172,5,Linares de Riofrío,37,07,Salamanca,ES415,37:173,nombre,L01371725,P3717300B,40.583411,-5.921574,Linares de Riofrío
37173,1,Lumbrales,37,07,Salamanca,ES415,37:174,nombre,L01371731,P3717400J,40.934224,-6.720967,Lumbrales
37174,6,Macotera,37,07,Salamanca,ES415,37:175,nombre,L01371746,P3717500G,40.830702,-5.28497,Macotera
37175,9,Machacón,37,07,Salamanca,ES415,37:176,nombre,L01371759,P3717600E,40.92505,-5.525699,Machacón
37176,2,Madroñal,37,07,Salamanca,ES415,37:177,nombre,L01371762,P3717700C,40.464587,-6.063032,Madroñal
37177,8,"Maíllo, El",37,07,Salamanca,ES415,37:178,nombre,L01371778,P3717800A,40.565876,-6.180262,El Maíllo
37178,4,Malpartida,37,07,Salamanca,ES415,37:179,nombre,L01371784,P3717900I,40.762644,-5.231999,Malpartida
37179,7,Mancera de Abajo,37,07,Salamanca,ES415,37:180,nombre,L01371797,P3718000G,40.83961,-5.198653,Mancera de Abajo
37180,1,"Manzano, El",37,07,Salamanca,ES415,37:181,nombre,L01371801,P3718100E,41.173487,-6.288277,El Manzano
37181,8,Martiago,37,07,Salamanca,ES415,37:182,nombre,L01371818,P3718200C,40.454326,-6.490179,Martiago
37182,3,Martinamor,37,07,Salamanca,ES415,37:183,nombre,L01371823,P3718300A,40.806174,-5.598366,Martinamor
37183,9,Martín de Yeltes,37,07,Salamanca,ES415,37:184,nombre,L01371839,P3718400I,40.776332,-6.290573,Martín de Yeltes
37184,4,Masueco,37,07,Salamanca,ES415,37:185,nombre,L01371844,P3718500F,41.203414,-6.589004,Masueco
37185,7,Castellanos de Villiquera,37,07,Salamanca,ES415,37:186,nombre,L01371857,P3709300B,41.05124,-5.694873,Castellanos de Villiquera
37186,0,"Mata de Ledesma, La",37,07,Salamanca,ES415,37:187,nombre,L01371860,P3718700B,41.001058,-5.972082,La Mata de Ledesma
37187,6,Matilla de los Caños del Río,37,07,Salamanca,ES415,37:188,nombre,L01371876,P3718800J,40.825284,-5.941964,Matilla de los Caños del Río
37188,2,"Maya, La",37,07,Salamanca,ES415,37:189,nombre,L01371882,P3718900H,40.686514,-5.613288,La Maya
37189,5,Membribe de la Sierra,37,07,Salamanca,ES415,37:190,nombre,L01371895,P3719000F,40.690346,-5.806149,Membribe de la Sierra
37190,9,Mieza,37,07,Salamanca,ES415,37:191,nombre,L01371909,P3719100D,41.163153,-6.690223,Mieza
37191,6,"Milano, El",37,07,Salamanca,ES415,37:192,nombre,L01371916,P3719200B,41.092481,-6.598713,El Milano
37192,1,Miranda de Azán,37,07,Salamanca,ES415,37:193,nombre,L01371921,P3719300J,40.886097,-5.682064,Miranda de Azán
37193,7,Miranda del Castañar,37,07,Salamanca,ES415,37:194,nombre,L01371937,P3719400H,40.484674,-5.999151,Miranda del Castañar
37194,2,Mogarraz,37,07,Salamanca,ES415,37:195,nombre,L01371942,P3719500E,40.491866,-6.052908,Mogarraz
37195,5,Molinillo,37,07,Salamanca,ES415,37:196,nombre,L01371955,P3719600C,40.468966,-5.944957,Molinillo
37196,8,Monforte de la Sierra,37,07,Salamanca,ES415,37:197,nombre,L01371968,P3719700A,40.482878,-6.055161,Monforte de la Sierra
37197,4,Monleón,37,07,Salamanca,ES415,37:198,nombre,L01371974,P3719800I,40.584298,-5.846974,Monleón
37198,0,Monleras,37,07,Salamanca,ES415,37:199,nombre,L01371980,P3719900G,41.186303,-6.226106,Monleras
37199,3,Monsagro,37,07,Salamanca,ES415,37:200,nombre,L01371993,P3720000C,40.503326,-6.270933,Monsagro
37200,7,Montejo,37,07,Salamanca,ES415,37:201,nombre,L01372007,P3720100A,40.631954,-5.621821,Montejo
37201,4,Montemayor del Río,37,07,Salamanca,ES415,37:202,nombre,L01372014,P3720200I,40.348076,-5.89358,Montemayor del Río
37202,9,Monterrubio de Armuña,37,07,Salamanca,ES415,37:203,nombre,L01372029,P3720300G,41.026451,-5.643379,Monterrubio de Armuña
37203,5,Monterrubio de la Sierra,37,07,Salamanca,ES415,37:204,nombre,L01372035,P3720400E,40.756109,-5.692766,Monterrubio de la Sierra
37204,0,Morasverdes,37,07,Salamanca,ES415,37:205,nombre,L01372040,P3720500B,40.601123,-6.274288,Morasverdes
37205,3,Morille,37,07,Salamanca,ES415,37:206,nombre,L01372053,P3720600J,40.807177,-5.698153,Morille
37206,6,Moríñigo,37,07,Salamanca,ES415,37:207,nombre,L01372066,P3720700H,40.970174,-5.413564,Moríñigo
37207,2,Moriscos,37,07,Salamanca,ES415,37:208,nombre,L01372072,P3720800F,41.008183,-5.582009,Moriscos
37208,8,Moronta,37,07,Salamanca,ES415,37:209,nombre,L01372088,P3720900D,40.977268,-6.430677,Moronta
37209,1,Mozárbez,37,07,Salamanca,ES415,37:210,nombre,L01372091,P3721000B,40.85681,-5.650867,Mozárbez
37211,2,Narros de Matalayegua,37,07,Salamanca,ES415,37:212,nombre,L01372112,P3721200H,40.699593,-5.926225,Narros de Matalayegua
37212,7,Navacarros,37,07,Salamanca,ES415,37:213,nombre,L01372127,P3721300F,40.39891,-5.71536,Navacarros
37213,3,Nava de Béjar,37,07,Salamanca,ES415,37:214,nombre,L01372133,P3721400D,40.474823,-5.678939,Nava de Béjar
37214,8,Nava de Francia,37,07,Salamanca,ES415,37:215,nombre,L01372148,P3721500A,40.535514,-6.116555,Nava de Francia
37215,1,Nava de Sotrobal,37,07,Salamanca,ES415,37:216,nombre,L01372151,P3721600I,40.888742,-5.285794,Nava de Sotrobal
37216,4,Navales,37,07,Salamanca,ES415,37:217,nombre,L01372164,P3721700G,40.788058,-5.478283,Navales
37217,0,Navalmoral de Béjar,37,07,Salamanca,ES415,37:218,nombre,L01372170,P3721800E,40.422683,-5.783951,Navalmoral de Béjar
37218,6,Navamorales,37,07,Salamanca,ES415,37:219,nombre,L01372186,P3721900C,40.477178,-5.478546,Navamorales
37219,9,Navarredonda de la Rinconada,37,07,Salamanca,ES415,37:220,nombre,L01372199,P3722000A,40.605772,-6.01158,Navarredonda de la Rinconada
37221,0,Navasfrías,37,07,Salamanca,ES415,37:222,nombre,L01372210,P3722200G,40.295884,-6.819055,Navasfrías
37222,5,Negrilla de Palencia,37,07,Salamanca,ES415,37:223,nombre,L01372225,P3722300E,41.091848,-5.592269,Negrilla de Palencia
37223,1,Olmedo de Camaces,37,07,Salamanca,ES415,37:224,nombre,L01372231,P3722400C,40.878799,-6.623084,Olmedo de Camaces
37224,6,"Orbada, La",37,07,Salamanca,ES415,37:225,nombre,L01372246,P3722500J,41.102482,-5.482974,La Orbada
37225,9,Pajares de la Laguna,37,07,Salamanca,ES415,37:226,nombre,L01372259,P3722600H,41.086974,-5.509614,Pajares de la Laguna
37226,2,Palacios del Arzobispo,37,07,Salamanca,ES415,37:227,nombre,L01372262,P3722700F,41.165652,-5.889713,Palacios del Arzobispo
37228,4,Palaciosrubios,37,07,Salamanca,ES415,37:229,nombre,L01372284,P3722900B,41.052403,-5.193604,Palaciosrubios
37229,7,Palencia de Negrilla,37,07,Salamanca,ES415,37:230,nombre,L01372297,P3723000J,41.094291,-5.601632,Palencia de Negrilla
37230,1,Parada de Arriba,37,07,Salamanca,ES415,37:232,nombre,L01372301,P3723200F,40.98707,-5.792775,Parada de Arriba
37231,8,Parada de Rubiales,37,07,Salamanca,ES415,37:233,nombre,L01372318,P3723300D,41.14813,-5.436405,Parada de Rubiales
37232,3,Paradinas de San Juan,37,07,Salamanca,ES415,37:234,nombre,L01372323,P3723400B,40.983979,-5.153824,Paradinas de San Juan
37233,9,Pastores,37,07,Salamanca,ES415,37:235,nombre,L01372339,P3723500I,40.515199,-6.510932,Pastores
37234,4,"Payo, El",37,07,Salamanca,ES415,37:236,nombre,L01372344,P3723600G,40.287216,-6.727648,El Payo
37235,7,Pedraza de Alba,37,07,Salamanca,ES415,37:237,nombre,L01372357,P3723700E,40.754756,-5.374819,Pedraza de Alba
37236,0,Pedrosillo de Alba,37,07,Salamanca,ES415,37:238,nombre,L01372360,P3723800C,40.821284,-5.395313,Pedrosillo de Alba
37237,6,Pedrosillo de los Aires,37,07,Salamanca,ES415,37:239,nombre,L01372376,P3723900A,40.715258,-5.705955,Pedrosillo de los Aires
37238,2,Pedrosillo el Ralo,37,07,Salamanca,ES415,37:240,nombre,L01372382,P3724000I,41.063026,-5.547968,Pedrosillo el Ralo
37239,5,"Pedroso de la Armuña, El",37,07,Salamanca,ES415,37:241,nombre,L01372395,P3724100G,41.081365,-5.400169,El Pedroso de la Armuña
37240,9,Pelabravo,37,07,Salamanca,ES415,37:242,nombre,L01372409,P3724200E,40.937576,-5.579658,Pelabravo
37241,6,Pelarrodríguez,37,07,Salamanca,ES415,37:243,nombre,L01372416,P3724300C,40.887168,-6.212887,Pelarrodríguez
37242,1,Pelayos,37,07,Salamanca,ES415,37:244,nombre,L01372421,P3724400A,40.649738,-5.575468,Pelayos
37243,7,"Peña, La",37,07,Salamanca,ES415,37:245,nombre,L01372437,P3724500H,41.174719,-6.51931,La Peña
37244,2,Peñacaballera,37,07,Salamanca,ES415,37:246,nombre,L01372442,P3724600F,40.343985,-5.861169,Peñacaballera
37245,5,Peñaparda,37,07,Salamanca,ES415,37:247,nombre,L01372455,P3724700D,40.320451,-6.670336,Peñaparda
37246,8,Peñaranda de Bracamonte,37,07,Salamanca,ES415,37:248,nombre,L01372468,P3724800B,40.90256,-5.200931,Peñaranda de Bracamonte
37247,4,Peñarandilla,37,07,Salamanca,ES415,37:249,nombre,L01372474,P3724900J,40.881885,-5.392934,Peñarandilla
37248,0,Peralejos de Abajo,37,07,Salamanca,ES415,37:250,nombre,L01372480,P3725000H,41.00531,-6.361106,Peralejos de Abajo
37249,3,Peralejos de Arriba,37,07,Salamanca,ES415,37:251,nombre,L01372493,P3725100F,41.004541,-6.333719,Peralejos de Arriba
37250,6,Pereña de la Ribera,37,07,Salamanca,ES415,37:252,nombre,L01372506,P3725200D,41.240944,-6.524261,Pereña de la Ribera
37251,3,Peromingo,37,07,Salamanca,ES415,37:253,nombre,L01372513,P3725300B,40.463011,-5.772395,Peromingo
37252,8,Pinedas,37,07,Salamanca,ES415,37:254,nombre,L01372528,P3725400J,40.445196,-5.960833,Pinedas
37253,4,"Pino de Tormes, El",37,07,Salamanca,ES415,37:255,nombre,L01372534,P3725500G,41.039325,-5.793915,El Pino de Tormes
37254,9,Pitiegua,37,07,Salamanca,ES415,37:256,nombre,L01372549,P3725600E,41.062192,-5.466063,Pitiegua
37255,2,Pizarral,37,07,Salamanca,ES415,37:257,nombre,L01372552,P3725700C,40.616311,-5.65093,Pizarral
37256,5,Poveda de las Cintas,37,07,Salamanca,ES415,37:258,nombre,L01372565,P3725800A,41.046064,-5.259957,Poveda de las Cintas
37257,1,Pozos de Hinojo,37,07,Salamanca,ES415,37:259,nombre,L01372571,P3725900I,40.913804,-6.410296,Pozos de Hinojo
37258,7,Puebla de Azaba,37,07,Salamanca,ES415,37:260,nombre,L01372587,P3726000G,40.447169,-6.74553,Puebla de Azaba
37259,0,Puebla de San Medel,37,07,Salamanca,ES415,37:261,nombre,L01372590,P3726100E,40.511414,-5.737315,Puebla de San Medel
37260,4,Puebla de Yeltes,37,07,Salamanca,ES415,37:262,nombre,L01372604,P3726200C,40.626293,-6.182405,Puebla de Yeltes
37261,1,Puente del Congosto,37,07,Salamanca,ES415,37:263,nombre,L01372611,P3726300A,40.489758,-5.526442,Puente del Congosto
37262,6,Puertas,37,07,Salamanca,ES415,37:264,nombre,L01372626,P3726400I,41.096998,-6.287636,Puertas
37263,2,Puerto de Béjar,37,07,Salamanca,ES415,37:265,nombre,L01372632,P3726500F,40.350236,-5.836776,Puerto de Béjar
37264,7,Puerto Seguro,37,07,Salamanca,ES415,37:266,nombre,L01372647,P3726600D,40.828139,-6.760656,Puerto Seguro
37265,0,Rágama,37,07,Salamanca,ES415,37:267,nombre,L01372650,P3726700B,40.996993,-5.127458,Rágama
37266,3,"Redonda, La",37,07,Salamanca,ES415,37:268,nombre,L01372663,P3726800J,40.909214,-6.750011,La Redonda
37267,9,Retortillo,37,07,Salamanca,ES415,37:269,nombre,L01372679,P3726900H,40.801542,-6.359964,Retortillo
37268,5,"Rinconada de la Sierra, La",37,07,Salamanca,ES415,37:270,nombre,L01372685,P3727000F,40.612489,-6.0198,La Rinconada de la Sierra
37269,8,Robleda,37,07,Salamanca,ES415,37:271,nombre,L01372698,P3727100D,40.384923,-6.607345,Robleda
37270,2,Robliza de Cojos,37,07,Salamanca,ES415,37:272,nombre,L01372702,P3727200B,40.867944,-5.977707,Robliza de Cojos
37271,9,Rollán,37,07,Salamanca,ES415,37:273,nombre,L01372719,P3727300J,40.962281,-5.917213,Rollán
37272,4,Saelices el Chico,37,07,Salamanca,ES415,37:274,nombre,L01372724,P3727400H,40.670344,-6.633578,Saelices el Chico
37273,0,"Sagrada, La",37,07,Salamanca,ES415,37:275,nombre,L01372730,P3727500E,40.744643,-6.073883,La Sagrada
37274,5,Salamanca,37,07,Salamanca,ES415,37:900,nombre,L01372745,P3727600C,40.965505,-5.663629,Salamanca
37275,8,Saldeana,37,07,Salamanca,ES415,37:277,nombre,L01372758,P3727700A,41.019882,-6.639125,Saldeana
37276,1,Salmoral,37,07,Salamanca,ES415,37:278,nombre,L01372761,P3727800I,40.801102,-5.219439,Salmoral
37277,7,Salvatierra de Tormes,37,07,Salamanca,ES415,37:279,nombre,L01372777,P3727900G,40.588686,-5.598321,Salvatierra de Tormes
37278,3,San Cristóbal de la Cuesta,37,07,Salamanca,ES415,37:280,nombre,L01372783,P3728000E,41.029382,-5.618928,San Cristóbal de la Cuesta
37279,6,Sancti-Spíritus,37,07,Salamanca,ES415,37:281,nombre,L01372796,P3728100C,40.705794,-6.402454,Sancti-Spíritus
37280,0,Sanchón de la Ribera,37,07,Salamanca,ES415,37:282,nombre,L01372800,P3728200A,41.088345,-6.41387,Sanchón de la Ribera
37281,7,Sanchón de la Sagrada,37,07,Salamanca,ES415,37:283,nombre,L01372817,P3728300I,40.742924,-6.024651,Sanchón de la Sagrada
37282,2,Sanchotello,37,07,Salamanca,ES415,37:284,nombre,L01372822,P3728400G,40.438325,-5.752179,Sanchotello
37283,8,Sando,37,07,Salamanca,ES415,37:285,nombre,L01372838,P3728500D,40.968985,-6.112651,Sando
37284,3,San Esteban de la Sierra,37,07,Salamanca,ES415,37:286,nombre,L01372843,P3728600B,40.506333,-5.906553,San Esteban de la Sierra
37285,6,San Felices de los Gallegos,37,07,Salamanca,ES415,37:287,nombre,L01372856,P3728700J,40.850029,-6.708481,San Felices de los Gallegos
37286,9,San Martín del Castañar,37,07,Salamanca,ES415,37:288,nombre,L01372869,P3728800H,40.522045,-6.064725,San Martín del Castañar
37287,5,San Miguel de Valero,37,07,Salamanca,ES415,37:289,nombre,L01372875,P3728900F,40.544142,-5.923819,San Miguel de Valero
37288,1,San Morales,37,07,Salamanca,ES415,37:290,nombre,L01372881,P3729000D,40.992258,-5.503352,San Morales
37289,4,San Muñoz,37,07,Salamanca,ES415,37:291,nombre,L01372894,P3729100B,40.782741,-6.126655,San Muñoz
37290,8,San Pedro del Valle,37,07,Salamanca,ES415,37:292,nombre,L01372908,P3729200J,41.033124,-5.86091,San Pedro del Valle
37291,5,San Pedro de Rozados,37,07,Salamanca,ES415,37:293,nombre,L01372915,P3729300H,40.790523,-5.738336,San Pedro de Rozados
37292,0,San Pelayo de Guareña,37,07,Salamanca,ES415,37:294,nombre,L01372920,P3729400F,41.116118,-5.857648,San Pelayo de Guareña
37293,6,Santa María de Sando,37,07,Salamanca,ES415,37:295,nombre,L01372936,P3729500C,40.979627,-6.129355,Santa María de Sando
37294,1,Santa Marta de Tormes,37,07,Salamanca,ES415,37:296,nombre,L01372941,P3729600A,40.949012,-5.630866,Santa Marta de Tormes
37296,7,Santiago de la Puebla,37,07,Salamanca,ES415,37:298,nombre,L01372967,P3729800G,40.801825,-5.279461,Santiago de la Puebla
37297,3,Santibáñez de Béjar,37,07,Salamanca,ES415,37:299,nombre,L01372973,P3729900E,40.488857,-5.611003,Santibáñez de Béjar
37298,9,Santibáñez de la Sierra,37,07,Salamanca,ES415,37:300,nombre,L01372989,P3730000A,40.494575,-5.915879,Santibáñez de la Sierra
37299,2,Santiz,37,07,Salamanca,ES415,37:301,nombre,L01372992,P3730100I,41.204421,-5.895589,Santiz
37300,6,"Santos, Los",37,07,Salamanca,ES415,37:302,nombre,L01373006,P3730200G,40.544248,-5.798708,Los Santos
37301,3,Sardón de los Frailes,37,07,Salamanca,ES415,37:303,nombre,L01373013,P3730300E,41.211839,-6.271791,Sardón de los Frailes
37302,8,Saucelle,37,07,Salamanca,ES415,37:304,nombre,L01373028,P3730400C,41.047341,-6.752953,Saucelle
37303,4,"Sahugo, El",37,07,Salamanca,ES415,37:305,nombre,L01373034,P3730500J,40.414689,-6.542985,El Sahugo
37304,9,Sepulcro-Hilario,37,07,Salamanca,ES415,37:306,nombre,L01373049,P3730600H,40.699971,-6.186648,Sepulcro-Hilario
37305,2,Sequeros,37,07,Salamanca,ES415,37:307,nombre,L01373052,P3730700F,40.513672,-6.023774,Sequeros
37306,5,Serradilla del Arroyo,37,07,Salamanca,ES415,37:308,nombre,L01373065,P3730800D,40.521328,-6.359816,Serradilla del Arroyo
37307,1,Serradilla del Llano,37,07,Salamanca,ES415,37:309,nombre,L01373071,P3730900B,40.500521,-6.357892,Serradilla del Llano
37309,0,"Sierpe, La",37,07,Salamanca,ES415,37:311,nombre,L01373090,P3731100H,40.644552,-5.856619,La Sierpe
37310,4,Sieteiglesias de Tormes,37,07,Salamanca,ES415,37:312,nombre,L01373104,P3731200F,40.740982,-5.579307,Sieteiglesias de Tormes
37311,1,Sobradillo,37,07,Salamanca,ES415,37:313,nombre,L01373111,P3731300D,40.917577,-6.799035,Sobradillo
37312,6,Sorihuela,37,07,Salamanca,ES415,37:314,nombre,L01373126,P3731400B,40.444146,-5.67753,Sorihuela
37313,2,Sotoserrano,37,07,Salamanca,ES415,37:315,nombre,L01373132,P3731500I,40.437528,-6.033251,Sotoserrano
37314,7,Tabera de Abajo,37,07,Salamanca,ES415,37:316,nombre,L01373147,P3731600G,40.909503,-6.001469,Tabera de Abajo
37315,0,"Tala, La",37,07,Salamanca,ES415,37:317,nombre,L01373150,P3731700E,40.589948,-5.535913,La Tala
37316,3,Tamames,37,07,Salamanca,ES415,37:318,nombre,L01373163,P3731800C,40.658087,-6.105769,Tamames
37317,9,Tarazona de Guareña,37,07,Salamanca,ES415,37:319,nombre,L01373179,P3731900A,41.17208,-5.250238,Tarazona de Guareña
37318,5,Tardáguila,37,07,Salamanca,ES415,37:320,nombre,L01373185,P3732000I,41.114732,-5.575304,Tardáguila
37319,8,"Tejado, El",37,07,Salamanca,ES415,37:321,nombre,L01373198,P3732100G,40.442263,-5.538563,El Tejado
37320,2,Tejeda y Segoyuela,37,07,Salamanca,ES415,37:323,nombre,L01373202,P3732300C,40.631206,-6.023251,Tejeda y Segoyuela
37321,9,Tenebrón,37,07,Salamanca,ES415,37:324,nombre,L01373219,P3732400A,40.624692,-6.355285,Tenebrón
37322,4,Terradillos,37,07,Salamanca,ES415,37:325,nombre,L01373224,P3732500H,40.838968,-5.541085,Terradillos
37323,0,Topas,37,07,Salamanca,ES415,37:326,nombre,L01373230,P3732600F,41.156955,-5.633069,Topas
37324,5,Tordillos,37,07,Salamanca,ES415,37:327,nombre,L01373245,P3732700D,40.85234,-5.35269,Tordillos
37325,8,"Tornadizo, El",37,07,Salamanca,ES415,37:328,nombre,L01373258,P3732800B,40.541318,-5.893388,El Tornadizo
37327,7,Torresmenudas,37,07,Salamanca,ES415,37:330,nombre,L01373277,P3733000H,41.102449,-5.784701,Torresmenudas
37328,3,Trabanca,37,07,Salamanca,ES415,37:331,nombre,L01373283,P3733100F,41.232602,-6.384081,Trabanca
37329,6,Tremedal de Tormes,37,07,Salamanca,ES415,37:332,nombre,L01373296,P3733200D,41.074438,-6.180841,Tremedal de Tormes
37330,0,Valdecarros,37,07,Salamanca,ES415,37:333,nombre,L01373300,P3733300B,40.770796,-5.422414,Valdecarros
37331,7,Valdefuentes de Sangusín,37,07,Salamanca,ES415,37:334,nombre,L01373317,P3733400J,40.465514,-5.83381,Valdefuentes de Sangusín
37332,2,Valdehijaderos,37,07,Salamanca,ES415,37:335,nombre,L01373322,P3733500G,40.418695,-5.84903,Valdehijaderos
37333,8,Valdelacasa,37,07,Salamanca,ES415,37:336,nombre,L01373338,P3733600E,40.506155,-5.763169,Valdelacasa
37334,3,Valdelageve,37,07,Salamanca,ES415,37:337,nombre,L01373343,P3733700C,40.369426,-5.990811,Valdelageve
37335,6,Valdelosa,37,07,Salamanca,ES415,37:338,nombre,L01373356,P3733800A,41.170998,-5.783451,Valdelosa
37336,9,Valdemierque,37,07,Salamanca,ES415,37:339,nombre,L01373369,P3733900I,40.821585,-5.580747,Valdemierque
37337,5,Valderrodrigo,37,07,Salamanca,ES415,37:340,nombre,L01373375,P3734000G,41.065622,-6.50773,Valderrodrigo
37338,1,Valdunciel,37,07,Salamanca,ES415,37:341,nombre,L01373381,P3734100E,41.085722,-5.671368,Valdunciel
37339,4,Valero,37,07,Salamanca,ES415,37:342,nombre,L01373394,P3734200C,40.5345,-5.94162,Valero
37340,8,Valsalabroso,37,07,Salamanca,ES415,37:343,nombre,L01373408,P3734300A,41.110141,-6.502962,Valsalabroso
37341,5,Valverde de Valdelacasa,37,07,Salamanca,ES415,37:344,nombre,L01373415,P3734400I,40.482099,-5.781376,Valverde de Valdelacasa
37342,0,Valverdón,37,07,Salamanca,ES415,37:345,nombre,L01373420,P3734500F,41.046342,-5.768542,Valverdón
37343,6,Vallejera de Riofrío,37,07,Salamanca,ES415,37:346,nombre,L01373436,P3734600D,40.409139,-5.720931,Vallejera de Riofrío
37344,1,Vecinos,37,07,Salamanca,ES415,37:347,nombre,L01373441,P3734700B,40.778556,-5.877147,Vecinos
37345,4,Vega de Tirados,37,07,Salamanca,ES415,37:348,nombre,L01373454,P3734800J,41.025205,-5.886883,Vega de Tirados
37346,7,"Veguillas, Las",37,07,Salamanca,ES415,37:349,nombre,L01373467,P3734900H,40.714754,-5.831625,Las Veguillas
37347,3,"Vellés, La",37,07,Salamanca,ES415,37:350,nombre,L01373473,P3735000F,41.073536,-5.568111,La Vellés
37348,9,Ventosa del Río Almar,37,07,Salamanca,ES415,37:351,nombre,L01373489,P3735100D,40.927194,-5.348699,Ventosa del Río Almar
37349,2,"Vídola, La",37,07,Salamanca,ES415,37:352,nombre,L01373492,P3735200B,41.152608,-6.487777,La Vídola
37350,5,Vilvestre,37,07,Salamanca,ES415,37:353,nombre,L01373505,P3735300J,41.104533,-6.726387,Vilvestre
37351,2,Villaflores,37,07,Salamanca,ES415,37:354,nombre,L01373512,P3735400H,41.084176,-5.233175,Villaflores
37352,7,Villagonzalo de Tormes,37,07,Salamanca,ES415,37:355,nombre,L01373527,P3735500E,40.892148,-5.496922,Villagonzalo de Tormes
37353,3,Villalba de los Llanos,37,07,Salamanca,ES415,37:356,nombre,L01373533,P3735600C,40.799223,-5.975601,Villalba de los Llanos
37354,8,Villamayor,37,07,Salamanca,ES415,37:357,nombre,L01373548,P3735700A,40.999687,-5.69617,Villamayor
37355,1,Villanueva del Conde,37,07,Salamanca,ES415,37:358,nombre,L01373551,P3735800I,40.510507,-6.011934,Villanueva del Conde
37356,4,Villar de Argañán,37,07,Salamanca,ES415,37:359,nombre,L01373564,P3735900G,40.673642,-6.719285,Villar de Argañán
37357,0,Villar de Ciervo,37,07,Salamanca,ES415,37:360,nombre,L01373570,P3736000E,40.737419,-6.73947,Villar de Ciervo
37358,6,Villar de Gallimazo,37,07,Salamanca,ES415,37:361,nombre,L01373586,P3736100C,40.953974,-5.288787,Villar de Gallimazo
37359,9,Villar de la Yegua,37,07,Salamanca,ES415,37:362,nombre,L01373599,P3736200A,40.724769,-6.704289,Villar de la Yegua
37360,3,Villar de Peralonso,37,07,Salamanca,ES415,37:363,nombre,L01373603,P3736300I,41.032396,-6.222298,Villar de Peralonso
37361,0,Villar de Samaniego,37,07,Salamanca,ES415,37:364,nombre,L01373610,P3736400G,41.123237,-6.446846,Villar de Samaniego
37362,5,Villares de la Reina,37,07,Salamanca,ES415,37:365,nombre,L01373625,P3736500D,41.008334,-5.646475,Villares de la Reina
37363,1,Villares de Yeltes,37,07,Salamanca,ES415,37:366,nombre,L01373631,P3736600B,40.866764,-6.41275,Villares de Yeltes
37364,6,Villarino de los Aires,37,07,Salamanca,ES415,37:367,nombre,L01373646,P3736700J,41.270058,-6.468042,Villarino de los Aires
37365,9,Villarmayor,37,07,Salamanca,ES415,37:368,nombre,L01373659,P3736800H,41.015653,-5.971438,Villarmayor
37366,2,Villarmuerto,37,07,Salamanca,ES415,37:369,nombre,L01373662,P3736900F,41.0553,-6.363767,Villarmuerto
37367,8,Villasbuenas,37,07,Salamanca,ES415,37:370,nombre,L01373678,P3737000D,41.06253,-6.596355,Villasbuenas
37368,4,Villasdardo,37,07,Salamanca,ES415,37:371,nombre,L01373684,P3737100B,41.004376,-6.160782,Villasdardo
37369,7,Villaseco de los Gamitos,37,07,Salamanca,ES415,37:372,nombre,L01373697,P3737200J,41.036347,-6.113225,Villaseco de los Gamitos
37370,1,Villaseco de los Reyes,37,07,Salamanca,ES415,37:373,nombre,L01373701,P3737300H,41.161158,-6.186014,Villaseco de los Reyes
37371,8,Villasrubias,37,07,Salamanca,ES415,37:374,nombre,L01373718,P3737400F,40.337942,-6.639418,Villasrubias
37372,3,Villaverde de Guareña,37,07,Salamanca,ES415,37:375,nombre,L01373723,P3737500C,41.064486,-5.524868,Villaverde de Guareña
37373,9,Villavieja de Yeltes,37,07,Salamanca,ES415,37:376,nombre,L01373739,P3737600A,40.875679,-6.466932,Villavieja de Yeltes
37374,4,Villoria,37,07,Salamanca,ES415,37:377,nombre,L01373744,P3737700I,40.995462,-5.375707,Villoria
37375,7,Villoruela,37,07,Salamanca,ES415,37:378,nombre,L01373757,P3737800G,41.008541,-5.394495,Villoruela
37376,0,Vitigudino,37,07,Salamanca,ES415,37:379,nombre,L01373760,P3737900E,41.008208,-6.436021,Vitigudino
37377,6,Yecla de Yeltes,37,07,Salamanca,ES415,37:380,nombre,L01373776,P3738000C,40.959504,-6.487806,Yecla de Yeltes
37378,2,Zamarra,37,07,Salamanca,ES415,37:381,nombre,L01373782,P3738100A,40.520654,-6.452445,Zamarra
37379,5,Zamayón,37,07,Salamanca,ES415,37:382,nombre,L01373795,P3738200I,41.147806,-5.830266,Zamayón
37380,9,Zarapicos,37,07,Salamanca,ES415,37:383,nombre,L01373809,P3738300G,41.038254,-5.845167,Zarapicos
37381,6,"Zarza de Pumareda, La",37,07,Salamanca,ES415,37:384,nombre,L01373816,P3738400E,41.163,-6.626845,La Zarza de Pumareda
37382,1,Zorita de la Frontera,37,07,Salamanca,ES415,37:385,nombre,L01373821,P3738500B,41.015691,-5.196389,Zorita de la Frontera
38001,2,Adeje,38,05,Santa Cruz de Tenerife,ES709,38:1,nombre,L01380012,P3800100D,28.122658,-16.724199,Adeje
38002,7,Agulo,38,05,Santa Cruz de Tenerife,ES706,38:2,nombre,L01380027,P3800200B,28.188662,-17.19407,Agulo
38003,3,Alajeró,38,05,Santa Cruz de Tenerife,ES706,38:3,nombre,L01380033,P3800300J,28.063727,-17.240059,Alajeró
38004,8,Arafo,38,05,Santa Cruz de Tenerife,ES709,38:4,nombre,L01380048,P3800400H,28.340186,-16.418491,Arafo
38005,1,Arico,38,05,Santa Cruz de Tenerife,ES709,38:5,nombre,L01380051,P3800500E,28.18317,-16.479239,Arico
38006,4,Arona,38,05,Santa Cruz de Tenerife,ES709,38:6,nombre,L01380064,P3800600C,28.099991,-16.680689,Arona
38007,0,Barlovento,38,05,Santa Cruz de Tenerife,ES707,38:7,nombre,L01380070,P3800700A,28.829312,-17.803257,Barlovento
38008,6,Breña Alta,38,05,Santa Cruz de Tenerife,ES707,38:8,nombre,L01380086,P3800800I,28.663374,-17.786943,San Pedro
38009,9,Breña Baja,38,05,Santa Cruz de Tenerife,ES707,38:9,nombre,L01380099,P3800900G,28.645579,-17.775523,San José
38010,3,Buenavista del Norte,38,05,Santa Cruz de Tenerife,ES709,38:10,nombre,L01380103,P3801000E,28.371795,-16.85086,Buenavista del Norte
38011,0,Candelaria,38,05,Santa Cruz de Tenerife,ES709,38:11,nombre,L01380110,P3801100C,28.355258,-16.370153,Candelaria
38012,5,Fasnia,38,05,Santa Cruz de Tenerife,ES709,38:12,nombre,L01380125,P3801200A,28.236618,-16.44084,Fasnia
38013,1,Frontera,38,05,Santa Cruz de Tenerife,ES703,38:13,nombre,L01380131,P3801300I,27.753539,-18.010939,Frontera
38014,6,Fuencaliente de la Palma,38,05,Santa Cruz de Tenerife,ES707,38:14,nombre,L01380146,P3801400G,28.494776,-17.845204,Los Canarios
38015,9,Garachico,38,05,Santa Cruz de Tenerife,ES709,38:15,nombre,L01380159,P3801500D,28.37294,-16.764075,Garachico
38016,2,Garafía,38,05,Santa Cruz de Tenerife,ES707,38:16,nombre,L01380162,P3801600B,28.829902,-17.945081,Santo Domingo
38017,8,Granadilla de Abona,38,05,Santa Cruz de Tenerife,ES709,38:17,nombre,L01380178,P3801700J,28.122673,-16.576607,Granadilla de Abona
38018,4,"Guancha, La",38,05,Santa Cruz de Tenerife,ES709,38:18,nombre,L01380184,P3801800H,28.378241,-16.652415,La Guancha
38019,7,Guía de Isora,38,05,Santa Cruz de Tenerife,ES709,38:19,nombre,L01380197,P3801900F,28.209276,-16.778533,Guía de Isora
38020,1,Güímar,38,05,Santa Cruz de Tenerife,ES709,38:20,nombre,L01380201,P3802000D,28.314157,-16.411377,Güímar
38021,8,Hermigua,38,05,Santa Cruz de Tenerife,ES706,38:21,nombre,L01380218,P3802100B,,,
38022,3,Icod de los Vinos,38,05,Santa Cruz de Tenerife,ES709,38:22,nombre,L01380223,P3802200J,28.367756,-16.719316,Icod de los Vinos
38023,9,San Cristóbal de La Laguna,38,05,Santa Cruz de Tenerife,ES709,38:23,punto,L01380239,P3802300H,28.487208,-16.314034,San Cristóbal de La Laguna
38024,4,"Llanos de Aridane, Los",38,05,Santa Cruz de Tenerife,ES707,38:24,nombre,L01380244,P3802400F,28.658587,-17.913189,Los Llanos de Aridane
38025,7,"Matanza de Acentejo, La",38,05,Santa Cruz de Tenerife,ES709,38:25,nombre,L01380257,P3802500C,28.448011,-16.457279,La Matanza de Acentejo
38026,0,"Orotava, La",38,05,Santa Cruz de Tenerife,ES709,38:26,nombre,L01380260,P3802600A,28.389074,-16.524717,La Orotava
38027,6,"Paso, El",38,05,Santa Cruz de Tenerife,ES707,38:27,nombre,L01380276,P3802700I,28.651985,-17.880282,El Paso
38028,2,Puerto de la Cruz,38,05,Santa Cruz de Tenerife,ES709,38:28,nombre,L01380282,P3802800G,28.41791,-16.548302,Puerto de la Cruz
38029,5,Puntagorda,38,05,Santa Cruz de Tenerife,ES707,38:29,nombre,L01380295,P3802900E,28.773908,-17.976553,Pino de la Virgen
38030,9,Puntallana,38,05,Santa Cruz de Tenerife,ES707,38:30,nombre,L01380309,P3803000C,28.714598,-17.754381,Lomo del Pino-la Verada
38031,6,"Realejos, Los",38,05,Santa Cruz de Tenerife,ES709,38:31,nombre,L01380316,P3803100A,28.381633,-16.583983,Realejo Alto
38032,1,"Rosario, El",38,05,Santa Cruz de Tenerife,ES709,38:32,nombre,L01380321,P3803200I,28.45098,-16.367178,La Esperanza
38033,7,San Andrés y Sauces,38,05,Santa Cruz de Tenerife,ES707,38:33,nombre,L01380337,P3803300G,28.804449,-17.774298,Los Sauces
38034,2,San Juan de la Rambla,38,05,Santa Cruz de Tenerife,ES709,38:34,nombre,L01380342,P3803400E,28.380707,-16.646748,San José
38035,5,San Miguel de Abona,38,05,Santa Cruz de Tenerife,ES709,38:35,punto,L01380355,P3803500B,28.096763,-16.616001,San Miguel
38036,8,San Sebastián de la Gomera,38,05,Santa Cruz de Tenerife,ES706,38:36,nombre,L01380368,P3803600J,28.090437,-17.109601,San Sebastián de la Gomera
38037,4,Santa Cruz de la Palma,38,05,Santa Cruz de Tenerife,ES707,38:37,nombre,L01380374,P3803700H,28.683152,-17.764696,Santa Cruz de la Palma
38038,0,Santa Cruz de Tenerife,38,05,Santa Cruz de Tenerife,ES709,38:900,nombre,L01380380,P3803800F,28.470005,-16.254486,Santa Cruz de Tenerife
38039,3,Santa Úrsula,38,05,Santa Cruz de Tenerife,ES709,38:39,nombre,L01380393,P3803900D,28.425119,-16.491514,Santa Úrsula
38040,7,Santiago del Teide,38,05,Santa Cruz de Tenerife,ES709,38:40,nombre,L01380407,P3804000B,28.29743,-16.815481,Santiago del Teide
38041,4,"Sauzal, El",38,05,Santa Cruz de Tenerife,ES709,38:41,nombre,L01380414,P3804100J,28.478956,-16.436449,El Sauzal
38042,9,"Silos, Los",38,05,Santa Cruz de Tenerife,ES709,38:42,nombre,L01380429,P3804200H,28.36554,-16.816935,Los Silos
38043,5,Tacoronte,38,05,Santa Cruz de Tenerife,ES709,38:43,nombre,L01380435,P3804300F,28.480912,-16.412746,Tacoronte
38044,0,"Tanque, El",38,05,Santa Cruz de Tenerife,ES709,38:44,nombre,L01380440,P3804400D,28.356222,-16.779239,El Tanque
38045,3,Tazacorte,38,05,Santa Cruz de Tenerife,ES707,38:45,nombre,L01380453,P3804500A,28.640606,-17.93318,Tazacorte
38046,6,Tegueste,38,05,Santa Cruz de Tenerife,ES709,38:46,nombre,L01380466,P3804600I,28.522667,-16.336564,Tegueste
38047,2,Tijarafe,38,05,Santa Cruz de Tenerife,ES707,38:47,nombre,L01380472,P3804700G,28.711609,-17.955987,El Pueblo
38048,8,Valverde,38,05,Santa Cruz de Tenerife,ES703,38:48,nombre,L01380488,P3804800E,27.806864,-17.914962,Valverde
38049,1,Valle Gran Rey,38,05,Santa Cruz de Tenerife,ES706,38:49,nombre,L01380491,P3804900C,28.095252,-17.335089,La Calera
38050,4,Vallehermoso,38,05,Santa Cruz de Tenerife,ES706,38:50,nombre,L01380504,P3805000A,28.17933,-17.266513,Vallehermoso
38051,1,"Victoria de Acentejo, La",38,05,Santa Cruz de Tenerife,ES709,38:51,nombre,L01380511,P3805100I,28.434309,-16.469635,La Victoria de Acentejo
38052,6,Vilaflor de Chasna,38,05,Santa Cruz de Tenerife,ES709,38:52,nombre,L01380526,P3805200G,28.159,-16.636927,Vilaflor
38053,2,Villa de Mazo,38,05,Santa Cruz de Tenerife,ES707,38:53,nombre,L01380532,P3805300E,28.606129,-17.77964,El Pueblo
38901,3,"Pinar de El Hierro, El",38,05,Santa Cruz de Tenerife,ES703,38:54,nombre,L01389013,P3800032I,27.705126,-17.981814,Taibique
39001,5,Alfoz de Lloredo,39,06,Cantabria,ES130,39:1,nombre,L01390015,P3900100C,43.378694,-4.181694,Novales
39002,0,Ampuero,39,06,Cantabria,ES130,39:2,nombre,L01390020,P3900200A,43.342389,-3.417417,Ampuero
39003,6,Anievas,39,06,Cantabria,ES130,39:3,nombre,L01390036,P3900300I,43.202611,-4.007278,Cotillo
39004,1,Arenas de Iguña,39,06,Cantabria,ES130,39:4,nombre,L01390041,P3900400G,43.185583,-4.048806,Arenas de Iguña
39005,4,Argoños,39,06,Cantabria,ES130,39:5,nombre,L01390054,P3900500D,43.456979,-3.49021,Argoños
39006,7,Arnuero,39,06,Cantabria,ES130,39:6,nombre,L01390067,P3900600B,43.470444,-3.561611,Arnuero
39007,3,Arredondo,39,06,Cantabria,ES130,39:7,nombre,L01390073,P3900700J,43.274556,-3.6015,Arredondo
39008,9,"Astillero, El",39,06,Cantabria,ES130,39:8,nombre,L01390089,P3900800H,43.40025,-3.819111,El Astillero
39009,2,Bárcena de Cicero,39,06,Cantabria,ES130,39:9,nombre,L01390092,P3900900F,43.424611,-3.522917,Gama
39010,6,Bárcena de Pie de Concha,39,06,Cantabria,ES130,39:10,nombre,L01390106,P3901000D,43.1255,-4.058111,Bárcena de Pie de Concha
39011,3,Bareyo,39,06,Cantabria,ES130,39:11,nombre,L01390113,P3901100B,43.479111,-3.612028,Ajo
39012,8,Cabezón de la Sal,39,06,Cantabria,ES130,39:12,nombre,L01390128,P3901200J,43.308944,-4.236861,Cabezón de la Sal
39013,4,Cabezón de Liébana,39,06,Cantabria,ES130,39:13,nombre,L01390134,P3901300H,43.133556,-4.575306,Cabezón de Liébana
39014,9,Cabuérniga,39,06,Cantabria,ES130,39:14,nombre,L01390149,P3901400F,43.226583,-4.301472,Valle
39015,2,Camaleño,39,06,Cantabria,ES130,39:15,nombre,L01390152,P3901500C,43.150667,-4.695528,Camaleño
39016,5,Camargo,39,06,Cantabria,ES130,39:16,nombre,L01390165,P3901600A,43.423528,-3.855083,Muriedas
39017,1,Campoo de Yuso,39,06,Cantabria,ES130,39:17,nombre,L01390171,P3901700I,43.016444,-4.002556,La Costana
39018,7,Cartes,39,06,Cantabria,ES130,39:18,nombre,L01390187,P3901800G,43.323476,-4.070094,Cartes
39019,0,Castañeda,39,06,Cantabria,ES130,39:19,nombre,L01390190,P3901900E,43.310194,-3.93,Pomaluengo
39020,4,Castro-Urdiales,39,06,Cantabria,ES130,39:20,nombre,L01390204,P3902000C,43.38375,-3.217667,Castro-Urdiales
39021,1,Cieza,39,06,Cantabria,ES130,39:21,nombre,L01390211,P3902100A,43.221056,-4.096722,Villayuso
39022,6,Cillorigo de Liébana,39,06,Cantabria,ES130,39:22,nombre,L01390226,P3902200I,43.17725,-4.600472,Tama
39023,2,Colindres,39,06,Cantabria,ES130,39:23,nombre,L01390232,P3902300G,43.395056,-3.446889,Colindres
39024,7,Comillas,39,06,Cantabria,ES130,39:24,nombre,L01390247,P3902400E,43.385278,-4.291583,Comillas
39025,0,"Corrales de Buelna, Los",39,06,Cantabria,ES130,39:25,nombre,L01390250,P3902500B,43.255611,-4.068306,Los Corrales de Buelna
39026,3,Corvera de Toranzo,39,06,Cantabria,ES130,39:26,nombre,L01390263,P3902600J,43.212583,-3.939278,San Vicente de Toranzo
39027,9,Campoo de Enmedio,39,06,Cantabria,ES130,39:27,nombre,L01390279,P3902700H,42.986333,-4.147306,Matamorosa
39028,5,Entrambasaguas,39,06,Cantabria,ES130,39:28,nombre,L01390285,P3902800F,43.379056,-3.683056,Entrambasaguas
39029,8,Escalante,39,06,Cantabria,ES130,39:29,nombre,L01390298,P3902900D,43.437417,-3.514083,Escalante
39030,2,Guriezo,39,06,Cantabria,ES130,39:30,nombre,L01390302,P3903000B,43.348944,-3.326111,El Puente
39031,9,Hazas de Cesto,39,06,Cantabria,ES130,39:31,nombre,L01390319,P3903100J,43.413694,-3.579333,Beranga
39032,4,Hermandad de Campoo de Suso,39,06,Cantabria,ES130,39:32,nombre,L01390324,P3903200H,43.022,-4.225833,Espinilla
39033,0,Herrerías,39,06,Cantabria,ES130,39:33,nombre,L01390330,P3903300F,43.307139,-4.471222,Puente del Arrudo
39034,5,Lamasón,39,06,Cantabria,ES130,39:34,nombre,L01390345,P3903400D,43.252789,-4.484563,Sobrelapeña
39035,8,Laredo,39,06,Cantabria,ES130,39:35,nombre,L01390358,P3903500A,43.409888,-3.414322,Laredo
39036,1,Liendo,39,06,Cantabria,ES130,39:36,nombre,L01390361,P3903600I,43.394833,-3.378278,Hazas
39037,7,Liérganes,39,06,Cantabria,ES130,39:37,nombre,L01390377,P3903700G,43.345899,-3.742415,Liérganes
39038,3,Limpias,39,06,Cantabria,ES130,39:38,nombre,L01390383,P3903800E,43.361306,-3.426833,Limpias
39039,6,Luena,39,06,Cantabria,ES130,39:39,nombre,L01390396,P3903900C,43.094429,-3.902315,San Miguel de Luena
39040,0,Marina de Cudeyo,39,06,Cantabria,ES130,39:40,nombre,L01390400,P3904000A,43.418694,-3.757111,Rubayo
39041,7,Mazcuerras,39,06,Cantabria,ES130,39:41,nombre,L01390417,P3904100I,43.298581,-4.209254,Luzmela
39042,2,Medio Cudeyo,39,06,Cantabria,ES130,39:42,nombre,L01390422,P3904200G,43.378694,-3.734444,Valdecilla
39043,8,Meruelo,39,06,Cantabria,ES130,39:43,nombre,L01390438,P3904300E,43.456672,-3.57469,San Miguel de Meruelo
39044,3,Miengo,39,06,Cantabria,ES130,39:44,nombre,L01390443,P3904400C,43.427275,-3.992972,Miengo
39045,6,Miera,39,06,Cantabria,ES130,39:45,nombre,L01390456,P3904500J,43.275583,-3.712222,La Cárcoba
39046,9,Molledo,39,06,Cantabria,ES130,39:46,nombre,L01390469,P3904600H,43.1495,-4.041972,Molledo
39047,5,Noja,39,06,Cantabria,ES130,39:47,nombre,L01390475,P3904700F,43.479333,-3.520528,Noja
39048,1,Penagos,39,06,Cantabria,ES130,39:48,nombre,L01390481,P3904800D,43.347686,-3.802353,Penagos
39049,4,Peñarrubia,39,06,Cantabria,ES130,39:49,nombre,L01390494,P3904900B,43.252477,-4.583742,Linares
39050,7,Pesaguero,39,06,Cantabria,ES130,39:50,nombre,L01390507,P3905000J,43.076306,-4.544083,Pesaguero
39051,4,Pesquera,39,06,Cantabria,ES130,39:51,nombre,L01390514,P3905100H,43.082111,-4.080444,Pesquera
39052,9,Piélagos,39,06,Cantabria,ES130,39:52,nombre,L01390529,P3905200F,43.356056,-3.956583,Renedo
39053,5,Polaciones,39,06,Cantabria,ES130,39:53,nombre,L01390535,P3905300D,43.100528,-4.414222,Lombraña
39054,0,Polanco,39,06,Cantabria,ES130,39:54,nombre,L01390540,P3905400B,43.384694,-4.018222,Polanco
39055,3,Potes,39,06,Cantabria,ES130,39:55,nombre,L01390553,P3905500I,43.154769,-4.620832,Potes
39056,6,Puente Viesgo,39,06,Cantabria,ES130,39:56,nombre,L01390566,P3905600G,43.298944,-3.964222,Puente Viesgo
39057,2,Ramales de la Victoria,39,06,Cantabria,ES130,39:57,nombre,L01390572,P3905700E,43.256528,-3.464472,Ramales de la Victoria
39058,8,Rasines,39,06,Cantabria,ES130,39:58,nombre,L01390588,P3905800C,43.304583,-3.429056,Rasines
39059,1,Reinosa,39,06,Cantabria,ES130,39:59,nombre,L01390591,P3905900A,43.001056,-4.137972,Reinosa
39060,5,Reocín,39,06,Cantabria,ES130,39:60,nombre,L01390605,P3906000I,43.359694,-4.08725,Puente San Miguel
39061,2,Ribamontán al Mar,39,06,Cantabria,ES130,39:61,nombre,L01390612,P3906100G,43.451306,-3.681056,Carriazo
39062,7,Ribamontán al Monte,39,06,Cantabria,ES130,39:62,nombre,L01390627,P3906200E,43.406889,-3.663306,Hoz de Anero
39063,3,Rionansa,39,06,Cantabria,ES130,39:63,nombre,L01390633,P3906300C,43.255444,-4.405972,Puentenansa
39064,8,Riotuerto,39,06,Cantabria,ES130,39:64,nombre,L01390648,P3906400A,43.346944,-3.700333,La Cavada
39065,1,"Rozas de Valdearroyo, Las",39,06,Cantabria,ES130,39:65,nombre,L01390651,P3906500H,42.973222,-4.029278,Las Rozas de Valdearroyo
39066,4,Ruente,39,06,Cantabria,ES130,39:66,nombre,L01390664,P3906600F,43.259083,-4.267333,Ruente
39067,0,Ruesga,39,06,Cantabria,ES130,39:67,nombre,L01390670,P3906700D,43.281444,-3.563667,Riba
39068,6,Ruiloba,39,06,Cantabria,ES130,39:68,nombre,L01390686,P3906800B,43.380944,-4.252111,Barrio de la Iglesia
39069,9,San Felices de Buelna,39,06,Cantabria,ES130,39:69,nombre,L01390699,P3906900J,43.274667,-4.050139,Rivero
39070,3,San Miguel de Aguayo,39,06,Cantabria,ES130,39:70,nombre,L01390703,P3907000H,43.056444,-4.024833,San Miguel de Aguayo
39071,0,San Pedro del Romeral,39,06,Cantabria,ES130,39:71,nombre,L01390710,P3907100F,43.113537,-3.808741,San Pedro del Romeral
39072,5,San Roque de Riomiera,39,06,Cantabria,ES130,39:72,nombre,L01390725,P3907200D,43.234889,-3.702139,San Roque de Riomiera
39073,1,Santa Cruz de Bezana,39,06,Cantabria,ES130,39:73,nombre,L01390731,P3907300B,43.440444,-3.904722,Santa Cruz de Bezana
39074,6,Santa María de Cayón,39,06,Cantabria,ES130,39:74,nombre,L01390746,P3907400J,43.309611,-3.852944,Santa María de Cayón
39075,9,Santander,39,06,Cantabria,ES130,39:900,nombre,L01390759,P3907500G,43.462343,-3.80999,Santander
39076,2,Santillana del Mar,39,06,Cantabria,ES130,39:76,nombre,L01390762,P3907600E,43.390583,-4.108361,Santillana del Mar
39077,8,Santiurde de Reinosa,39,06,Cantabria,ES130,39:77,nombre,L01390778,P3907700C,43.058611,-4.083583,Santiurde de Reinosa
39078,4,Santiurde de Toranzo,39,06,Cantabria,ES130,39:78,nombre,L01390784,P3907800A,43.238528,-3.941639,Santiurde de Toranzo
39079,7,Santoña,39,06,Cantabria,ES130,39:79,nombre,L01390797,P3907900I,43.444867,-3.456169,Santoña
39080,1,San Vicente de la Barquera,39,06,Cantabria,ES130,39:80,nombre,L01390801,P3908000G,43.384384,-4.401858,San Vicente de la Barquera
39081,8,Saro,39,06,Cantabria,ES130,39:81,nombre,L01390818,P3908100E,43.260086,-3.842781,Saro
39082,3,Selaya,39,06,Cantabria,ES130,39:82,nombre,L01390823,P3908200C,43.216694,-3.806861,Selaya
39083,9,Soba,39,06,Cantabria,ES130,39:83,nombre,L01390839,P3908300A,43.185917,-3.522139,Veguilla
39084,4,Solórzano,39,06,Cantabria,ES130,39:84,nombre,L01390844,P3908400I,43.381,-3.587417,Solórzano
39085,7,Suances,39,06,Cantabria,ES130,39:85,nombre,L01390857,P3908500F,43.426028,-4.042,Suances
39086,0,"Tojos, Los",39,06,Cantabria,ES130,39:86,nombre,L01390860,P3908600D,43.166694,-4.272639,Correpoco
39087,6,Torrelavega,39,06,Cantabria,ES130,39:87,nombre,L01390876,P3908700B,43.349111,-4.050639,Torrelavega
39088,2,Tresviso,39,06,Cantabria,ES130,39:88,nombre,L01390882,P3908800J,43.257528,-4.668583,Tresviso
39089,5,Tudanca,39,06,Cantabria,ES130,39:89,nombre,L01390895,P3908900H,43.162056,-4.371583,Santotis
39090,9,Udías,39,06,Cantabria,ES130,39:90,nombre,L01390909,P3909000F,43.335222,-4.25325,Pumalverde
39091,6,Valdáliga,39,06,Cantabria,ES130,39:91,nombre,L01390916,P3909100D,43.317126,-4.304152,La Plaza
39092,1,Valdeolea,39,06,Cantabria,ES130,39:92,nombre,L01390921,P3909200B,42.874833,-4.162139,Mataporquera
39093,7,Valdeprado del Río,39,06,Cantabria,ES130,39:93,nombre,L01390937,P3909300J,42.909583,-4.077139,Arroyal
39094,2,Valderredible,39,06,Cantabria,ES130,39:94,nombre,L01390942,P3909400H,42.805639,-3.940694,Polientes
39095,5,Val de San Vicente,39,06,Cantabria,ES130,39:95,nombre,L01390955,P3909500E,43.374694,-4.487722,Pesués
39096,8,Vega de Liébana,39,06,Cantabria,ES130,39:96,nombre,L01390968,P3909600C,43.099444,-4.647194,La Vega
39097,4,Vega de Pas,39,06,Cantabria,ES130,39:97,nombre,L01390974,P3909700A,43.1585,-3.782694,Vega de Pas
39098,0,Villacarriedo,39,06,Cantabria,ES130,39:98,nombre,L01390980,P3909800I,43.228667,-3.810083,Villacarriedo
39099,3,Villaescusa,39,06,Cantabria,ES130,39:99,nombre,L01390993,P3909900G,43.370333,-3.856639,La Concha
39100,7,Villafufre,39,06,Cantabria,ES130,39:100,nombre,L01391007,P3910000C,43.25925,-3.877583,San Martín
39101,4,Valle de Villaverde,39,06,Cantabria,ES130,39:101,nombre,L01391014,P3910100A,43.244586,-3.260854,La Matanza
39102,9,Voto,39,06,Cantabria,ES130,39:102,nombre,L01391029,P3910200I,43.355056,-3.496944,Bádames
40001,9,Abades,40,07,Segovia,ES416,40:1,nombre,L01400019,P4000100J,40.91592,-4.267283,Abades
40002,4,Adrada de Pirón,40,07,Segovia,ES416,40:2,nombre,L01400024,P4000200H,41.052237,-4.050804,Adrada de Pirón
40003,0,Adrados,40,07,Segovia,ES416,40:3,nombre,L01400030,P4000300F,41.368429,-4.113028,Adrados
40004,5,Aguilafuente,40,07,Segovia,ES416,40:4,nombre,L01400045,P4000400D,41.22813,-4.111544,Aguilafuente
40005,8,Alconada de Maderuelo,40,07,Segovia,ES416,40:5,nombre,L01400058,P4000500A,41.449859,-3.485368,Alconada de Maderuelo
40006,1,Aldealcorvo,40,07,Segovia,ES416,40:6,nombre,L01400061,P4000600I,41.243916,-3.791732,Aldealcorvo
40007,7,Aldealengua de Pedraza,40,07,Segovia,ES416,40:7,nombre,L01400077,P4000700G,41.064372,-3.806292,Ceguilla
40008,3,Aldealengua de Santa María,40,07,Segovia,ES416,40:8,nombre,L01400083,P4000800E,41.461577,-3.467629,Aldealengua de Santa María
40009,6,Aldeanueva de la Serrezuela,40,07,Segovia,ES416,40:9,nombre,L01400096,P4000900C,41.459951,-3.77954,Aldeanueva de la Serrezuela
40010,0,Aldeanueva del Codonal,40,07,Segovia,ES416,40:10,nombre,L01400100,P4001000A,41.082179,-4.543738,Aldeanueva del Codonal
40012,2,Aldea Real,40,07,Segovia,ES416,40:12,nombre,L01400122,P4001200G,41.18551,-4.165832,Aldea Real
40013,8,Aldeasoña,40,07,Segovia,ES416,40:13,nombre,L01400138,P4001300E,41.472239,-4.056261,Aldeasoña
40014,3,Aldehorno,40,07,Segovia,ES416,40:14,nombre,L01400143,P4001400C,41.512783,-3.777629,Aldehorno
40015,6,Aldehuela del Codonal,40,07,Segovia,ES416,40:15,nombre,L01400156,P4001500J,41.05554,-4.537951,Aldehuela del Codonal
40016,9,Aldeonte,40,07,Segovia,ES416,40:17,nombre,L01400169,P4001700F,41.350559,-3.678326,Aldeonte
40017,5,Anaya,40,07,Segovia,ES416,40:18,nombre,L01400175,P4001800D,40.991107,-4.308108,Anaya
40018,1,Añe,40,07,Segovia,ES416,40:19,nombre,L01400181,P4001900B,41.038131,-4.296398,Añe
40019,4,Arahuetes,40,07,Segovia,ES416,40:21,nombre,L01400194,P4002100H,41.137646,-3.85682,Arahuetes
40020,8,Arcones,40,07,Segovia,ES416,40:22,nombre,L01400208,P4002200F,41.118089,-3.724493,Arcones
40021,5,Arevalillo de Cega,40,07,Segovia,ES416,40:23,nombre,L01400215,P4002300D,41.161508,-3.887698,Arevalillo de Cega
40022,0,Armuña,40,07,Segovia,ES416,40:24,nombre,L01400220,P4002400B,41.077622,-4.319551,Armuña
40024,1,Ayllón,40,07,Segovia,ES416,40:26,nombre,L01400241,P4002600G,41.419709,-3.37599,Ayllón
40025,4,Barbolla,40,07,Segovia,ES416,40:28,nombre,L01400254,P4002800C,41.325565,-3.67311,Barbolla
40026,7,Basardilla,40,07,Segovia,ES416,40:29,nombre,L01400267,P4002900A,41.026803,-4.025543,Basardilla
40028,9,Bercial,40,07,Segovia,ES416,40:31,nombre,L01400289,P4003100G,40.906838,-4.436706,Bercial
40029,2,Bercimuel,40,07,Segovia,ES416,40:32,nombre,L01400292,P4003200E,41.399199,-3.570833,Bercimuel
40030,6,Bernardos,40,07,Segovia,ES416,40:33,nombre,L01400306,P4003300C,41.127923,-4.350605,Bernardos
40031,3,Bernuy de Porreros,40,07,Segovia,ES416,40:35,nombre,L01400313,P4003500H,41.000053,-4.116918,Bernuy de Porreros
40032,8,Boceguillas,40,07,Segovia,ES416,40:36,nombre,L01400328,P4003600F,41.337184,-3.638654,Boceguillas
40033,4,Brieva,40,07,Segovia,ES416,40:37,nombre,L01400334,P4003700D,41.034613,-4.053193,Brieva
40034,9,Caballar,40,07,Segovia,ES416,40:38,nombre,L01400349,P4003800B,41.121339,-3.96506,Caballar
40035,2,Cabañas de Polendos,40,07,Segovia,ES416,40:39,nombre,L01400352,P4003900J,41.067152,-4.109996,Cabañas de Polendos
40036,5,Cabezuela,40,07,Segovia,ES416,40:40,nombre,L01400365,P4004000H,41.235527,-3.932808,Cabezuela
40037,1,Calabazas de Fuentidueña,40,07,Segovia,ES416,40:41,nombre,L01400371,P4004100F,41.44503,-4.010426,Calabazas de Fuentidueña
40039,0,Campo de San Pedro,40,07,Segovia,ES416,40:43,nombre,L01400390,P4004300B,41.429234,-3.545233,Campo de San Pedro
40040,4,Cantalejo,40,07,Segovia,ES416,40:44,nombre,L01400404,P4004400J,41.258496,-3.927701,Cantalejo
40041,1,Cantimpalos,40,07,Segovia,ES416,40:45,nombre,L01400411,P4004500G,41.074187,-4.158744,Cantimpalos
40043,2,Carbonero el Mayor,40,07,Segovia,ES416,40:47,nombre,L01400432,P4004700C,41.122342,-4.265943,Carbonero el Mayor
40044,7,Carrascal del Río,40,07,Segovia,ES416,40:48,nombre,L01400447,P4004800A,41.367478,-3.897071,Carrascal del Río
40045,0,Casla,40,07,Segovia,ES416,40:50,nombre,L01400450,P4005000G,41.163959,-3.657676,Casla
40046,3,Castillejo de Mesleón,40,07,Segovia,ES416,40:51,nombre,L01400463,P4005100E,41.280371,-3.6009,Castillejo de Mesleón
40047,9,Castro de Fuentidueña,40,07,Segovia,ES416,40:53,nombre,L01400479,P4005300A,41.420289,-3.855133,Castro de Fuentidueña
40048,5,Castrojimeno,40,07,Segovia,ES416,40:54,nombre,L01400485,P4005400I,41.395734,-3.847643,Castrojimeno
40049,8,Castroserna de Abajo,40,07,Segovia,ES416,40:55,nombre,L01400498,P4005500F,41.208118,-3.734938,Castroserna de Abajo
40051,8,Castroserracín,40,07,Segovia,ES416,40:57,nombre,L01400518,P4005700B,41.393856,-3.802309,Castroserracín
40052,3,Cedillo de la Torre,40,07,Segovia,ES416,40:58,nombre,L01400523,P4005800J,41.424854,-3.605345,Cedillo de la Torre
40053,9,Cerezo de Abajo,40,07,Segovia,ES416,40:59,nombre,L01400539,P4005900H,41.218074,-3.592213,Cerezo de Abajo
40054,4,Cerezo de Arriba,40,07,Segovia,ES416,40:60,nombre,L01400544,P4006000F,41.237703,-3.557772,Cerezo de Arriba
40055,7,Cilleruelo de San Mamés,40,07,Segovia,ES416,40:61,nombre,L01400557,P4006100D,41.432177,-3.5667,Cilleruelo de San Mamés
40056,0,Cobos de Fuentidueña,40,07,Segovia,ES416,40:63,nombre,L01400560,P4006300J,41.382839,-3.928011,Cobos de Fuentidueña
40057,6,Coca,40,07,Segovia,ES416,40:65,nombre,L01400576,P4006500E,41.218014,-4.522726,Coca
40058,2,Codorniz,40,07,Segovia,ES416,40:66,nombre,L01400582,P4006600C,41.067048,-4.599377,Codorniz
40059,5,Collado Hermoso,40,07,Segovia,ES416,40:67,nombre,L01400595,P4006700A,41.03861,-3.919091,Collado Hermoso
40060,9,Condado de Castilnovo,40,07,Segovia,ES416,40:68,nombre,L01400609,P4006800I,41.241522,-3.742623,Villafranca
40061,6,Corral de Ayllón,40,07,Segovia,ES416,40:69,nombre,L01400616,P4006900G,41.391298,-3.459618,Corral de Ayllón
40062,1,Cubillo,40,07,Segovia,ES416,40:71,nombre,L01400621,P4007100C,41.123419,-3.909364,Cubillo
40063,7,Cuéllar,40,07,Segovia,ES416,40:72,nombre,L01400637,P4007200A,41.400612,-4.313845,Cuéllar
40065,5,Chañe,40,07,Segovia,ES416,40:75,nombre,L01400655,P4007500D,41.337468,-4.428669,Chañe
40068,0,Domingo García,40,07,Segovia,ES416,40:78,nombre,L01400680,P4007800H,41.115932,-4.379034,Domingo García
40069,3,Donhierro,40,07,Segovia,ES416,40:79,nombre,L01400693,P4007900F,41.116006,-4.695876,Donhierro
40070,7,Duruelo,40,07,Segovia,ES416,40:81,nombre,L01400707,P4008100B,41.236916,-3.64895,Duruelo
40071,4,Encinas,40,07,Segovia,ES416,40:82,nombre,L01400714,P4008200J,41.374893,-3.667155,Encinas
40072,9,Encinillas,40,07,Segovia,ES416,40:83,nombre,L01400729,P4008300H,41.017839,-4.157609,Encinillas
40073,5,Escalona del Prado,40,07,Segovia,ES416,40:84,nombre,L01400735,P4008400F,41.166518,-4.123161,Escalona del Prado
40074,0,Escarabajosa de Cabezas,40,07,Segovia,ES416,40:85,nombre,L01400740,P4008500C,41.104258,-4.194435,Escarabajosa de Cabezas
40075,3,Escobar de Polendos,40,07,Segovia,ES416,40:86,nombre,L01400753,P4008600A,41.090738,-4.131112,Escobar de Polendos
40076,6,"Espinar, El",40,07,Segovia,ES416,40:87,nombre,L01400766,P4008700I,40.71863,-4.24746,El Espinar
40077,2,Espirdo,40,07,Segovia,ES416,40:88,nombre,L01400772,P4008800G,40.997191,-4.07336,Espirdo
40078,8,Fresneda de Cuéllar,40,07,Segovia,ES416,40:91,nombre,L01400788,P4009100A,41.318552,-4.450003,Fresneda de Cuéllar
40079,1,Fresno de Cantespino,40,07,Segovia,ES416,40:92,nombre,L01400791,P4009200I,41.368777,-3.499353,Fresno de Cantespino
40080,5,Fresno de la Fuente,40,07,Segovia,ES416,40:93,nombre,L01400805,P4009300G,41.392275,-3.644085,Fresno de la Fuente
40081,2,Frumales,40,07,Segovia,ES416,40:94,nombre,L01400812,P4009400E,41.38382,-4.186672,Frumales
40082,7,Fuente de Santa Cruz,40,07,Segovia,ES416,40:95,nombre,L01400827,P4009500B,41.209121,-4.635299,Fuente de Santa Cruz
40083,3,Fuente el Olmo de Fuentidueña,40,07,Segovia,ES416,40:96,nombre,L01400833,P4009600J,41.380145,-4.000822,Fuente el Olmo de Fuentidueña
40084,8,Fuente el Olmo de Íscar,40,07,Segovia,ES416,40:97,nombre,L01400848,P4009700H,41.279639,-4.494369,Fuente el Olmo de Íscar
40086,4,Fuentepelayo,40,07,Segovia,ES416,40:100,nombre,L01400864,P4010000J,41.221671,-4.176357,Fuentepelayo
40087,0,Fuentepiñel,40,07,Segovia,ES416,40:101,nombre,L01400870,P4010100H,41.399983,-4.042436,Fuentepiñel
40088,6,Fuenterrebollo,40,07,Segovia,ES416,40:102,nombre,L01400886,P4010200F,41.296705,-3.93266,Fuenterrebollo
40089,9,Fuentesaúco de Fuentidueña,40,07,Segovia,ES416,40:103,nombre,L01400899,P4010300D,41.424442,-4.061883,Fuentesaúco de Fuentidueña
40091,0,Fuentesoto,40,07,Segovia,ES416,40:105,nombre,L01400910,P4010500I,41.456192,-3.917919,Fuentesoto
40092,5,Fuentidueña,40,07,Segovia,ES416,40:106,nombre,L01400925,P4010600G,41.442084,-3.978863,Fuentidueña
40093,1,Gallegos,40,07,Segovia,ES416,40:107,nombre,L01400931,P4010700E,41.073582,-3.786806,Gallegos
40094,6,Garcillán,40,07,Segovia,ES416,40:108,nombre,L01400946,P4010800C,40.977729,-4.265912,Garcillán
40095,9,Gomezserracín,40,07,Segovia,ES416,40:109,nombre,L01400959,P4010900A,41.288585,-4.326542,Gomezserracín
40097,8,Grajera,40,07,Segovia,ES416,40:111,nombre,L01400978,P4011100G,41.372628,-3.612484,Grajera
40099,7,Honrubia de la Cuesta,40,07,Segovia,ES416,40:114,nombre,L01400997,P4011400A,41.510406,-3.704736,Honrubia de la Cuesta
40100,1,Hontalbilla,40,07,Segovia,ES416,40:115,nombre,L01401001,P4011500H,41.346106,-4.122557,Hontalbilla
40101,8,Hontanares de Eresma,40,07,Segovia,ES416,40:116,nombre,L01401018,P4011600F,40.982545,-4.20388,Hontanares de Eresma
40103,9,"Huertos, Los",40,07,Segovia,ES416,40:119,nombre,L01401039,P4011900J,41.010256,-4.218851,Los Huertos
40104,4,Ituero y Lama,40,07,Segovia,ES416,40:120,nombre,L01401044,P4012000H,40.800122,-4.378292,Ituero y Lama
40105,7,Juarros de Riomoros,40,07,Segovia,ES416,40:122,nombre,L01401057,P4012200D,40.946283,-4.308825,Juarros de Riomoros
40106,0,Juarros de Voltoya,40,07,Segovia,ES416,40:123,nombre,L01401060,P4012300B,41.03074,-4.519776,Juarros de Voltoya
40107,6,Labajos,40,07,Segovia,ES416,40:124,nombre,L01401076,P4012400J,40.843172,-4.518889,Labajos
40108,2,Laguna de Contreras,40,07,Segovia,ES416,40:125,nombre,L01401082,P4012500G,41.494333,-4.027959,Laguna de Contreras
40109,5,Languilla,40,07,Segovia,ES416,40:127,nombre,L01401095,P4012700C,41.449303,-3.423274,Languilla
40110,9,Lastras de Cuéllar,40,07,Segovia,ES416,40:128,nombre,L01401109,P4012800A,41.297411,-4.107294,Lastras de Cuéllar
40111,6,Lastras del Pozo,40,07,Segovia,ES416,40:129,nombre,L01401116,P4012900I,40.879128,-4.346149,Lastras del Pozo
40112,1,"Lastrilla, La",40,07,Segovia,ES416,40:130,nombre,L01401121,P4013000G,40.968537,-4.102971,La Lastrilla
40113,7,"Losa, La",40,07,Segovia,ES416,40:131,nombre,L01401137,P4013100E,40.853145,-4.164063,La Losa
40115,5,Maderuelo,40,07,Segovia,ES416,40:134,nombre,L01401155,P4013400I,41.486625,-3.521547,Maderuelo
40118,0,Marazuela,40,07,Segovia,ES416,40:138,nombre,L01401180,P4013800J,40.979002,-4.365725,Marazuela
40119,3,Martín Miguel,40,07,Segovia,ES416,40:139,nombre,L01401193,P4013900H,40.950699,-4.273008,Martín Miguel
40120,7,Martín Muñoz de la Dehesa,40,07,Segovia,ES416,40:140,nombre,L01401207,P4014000F,41.065075,-4.685145,Martín Muñoz de la Dehesa
40121,4,Martín Muñoz de las Posadas,40,07,Segovia,ES416,40:141,nombre,L01401214,P4014100D,40.995696,-4.596217,Martín Muñoz de las Posadas
40122,9,Marugán,40,07,Segovia,ES416,40:142,nombre,L01401229,P4014200B,40.896696,-4.384316,Marugán
40123,5,Matabuena,40,07,Segovia,ES416,40:143,nombre,L01401235,P4014300J,41.095938,-3.758723,Matabuena
40124,0,Mata de Cuéllar,40,07,Segovia,ES416,40:144,nombre,L01401240,P4014400H,41.396031,-4.469635,Mata de Cuéllar
40125,3,"Matilla, La",40,07,Segovia,ES416,40:145,nombre,L01401253,P4014500E,41.191729,-3.795015,La Matilla
40126,6,Melque de Cercos,40,07,Segovia,ES416,40:146,nombre,L01401266,P4014600C,41.051142,-4.469504,Melque de Cercos
40127,2,Membibre de la Hoz,40,07,Segovia,ES416,40:147,nombre,L01401272,P4014700A,41.448429,-4.096861,Membibre de la Hoz
40128,8,Migueláñez,40,07,Segovia,ES416,40:148,nombre,L01401288,P4014800I,41.12178,-4.3639,Migueláñez
40129,1,Montejo de Arévalo,40,07,Segovia,ES416,40:150,nombre,L01401291,P4015000E,41.140474,-4.664539,Montejo de Arévalo
40130,5,Montejo de la Vega de la Serrezuela,40,07,Segovia,ES416,40:151,nombre,L01401305,P4015100C,41.548667,-3.652257,Montejo de la Vega de la Serrezuela
40131,2,Monterrubio,40,07,Segovia,ES416,40:152,nombre,L01401312,P4015200A,40.849198,-4.350138,Monterrubio
40132,7,Moral de Hornuez,40,07,Segovia,ES416,40:154,nombre,L01401327,P4015400G,41.464141,-3.616368,Moral de Hornuez
40134,8,Mozoncillo,40,07,Segovia,ES416,40:157,nombre,L01401348,P4015700J,41.146621,-4.186532,Mozoncillo
40135,1,Muñopedro,40,07,Segovia,ES416,40:158,nombre,L01401351,P4015800H,40.887787,-4.472486,Muñopedro
40136,4,Muñoveros,40,07,Segovia,ES416,40:159,nombre,L01401364,P4015900F,41.172546,-3.951661,Muñoveros
40138,6,Nava de la Asunción,40,07,Segovia,ES416,40:162,nombre,L01401386,P4016200J,41.156156,-4.488465,Nava de la Asunción
40139,9,Navafría,40,07,Segovia,ES416,40:163,nombre,L01401399,P4016300H,41.054776,-3.824858,Navafría
40140,3,Navalilla,40,07,Segovia,ES416,40:164,nombre,L01401403,P4016400F,41.340572,-3.932347,Navalilla
40141,0,Navalmanzano,40,07,Segovia,ES416,40:165,nombre,L01401410,P4016500C,41.214717,-4.256565,Navalmanzano
40142,5,Navares de Ayuso,40,07,Segovia,ES416,40:166,nombre,L01401425,P4016600A,41.374803,-3.708556,Navares de Ayuso
40143,1,Navares de Enmedio,40,07,Segovia,ES416,40:167,nombre,L01401431,P4016700I,41.380899,-3.722024,Navares de Enmedio
40144,6,Navares de las Cuevas,40,07,Segovia,ES416,40:168,nombre,L01401446,P4016800G,41.413663,-3.75036,Navares de las Cuevas
40145,9,Navas de Oro,40,07,Segovia,ES416,40:169,nombre,L01401459,P4016900E,41.195153,-4.438665,Navas de Oro
40146,2,Navas de San Antonio,40,07,Segovia,ES416,40:170,nombre,L01401462,P4017000C,40.761212,-4.329827,Navas de San Antonio
40148,4,Nieva,40,07,Segovia,ES416,40:172,nombre,L01401484,P4017200I,41.080646,-4.425864,Nieva
40149,7,Olombrada,40,07,Segovia,ES416,40:174,nombre,L01401497,P4017400E,41.415479,-4.160714,Olombrada
40150,0,Orejana,40,07,Segovia,ES416,40:175,nombre,L01401500,P4017500B,41.164105,-3.779113,El Arenal
40151,7,Ortigosa de Pestaño,40,07,Segovia,ES416,40:177,nombre,L01401517,P4017700H,41.087298,-4.394457,Ortigosa de Pestaño
40152,2,Otero de Herreros,40,07,Segovia,ES416,40:178,nombre,L01401522,P4017800F,40.820044,-4.208958,Otero de Herreros
40154,3,Pajarejos,40,07,Segovia,ES416,40:180,nombre,L01401543,P4018000B,41.39071,-3.589649,Pajarejos
40155,6,Palazuelos de Eresma,40,07,Segovia,ES416,40:182,nombre,L01401556,P4018200H,40.930952,-4.059634,Palazuelos de Eresma
40156,9,Pedraza,40,07,Segovia,ES416,40:184,nombre,L01401569,P4018400D,41.13053,-3.810987,Pedraza
40157,5,Pelayos del Arroyo,40,07,Segovia,ES416,40:185,nombre,L01401575,P4018500A,41.051316,-3.94109,Pelayos del Arroyo
40158,1,Perosillo,40,07,Segovia,ES416,40:187,nombre,L01401581,P4018700G,41.392214,-4.141151,Perosillo
40159,4,Pinarejos,40,07,Segovia,ES416,40:188,nombre,L01401594,P4018800E,41.259788,-4.294175,Pinarejos
40160,8,Pinarnegrillo,40,07,Segovia,ES416,40:189,nombre,L01401608,P4018900C,41.19107,-4.20849,Pinarnegrillo
40161,5,Carabias,40,07,Segovia,ES416,40:191,punto,L01401615,P4019100I,41.44249,-3.676438,Carabias
40162,0,Prádena,40,07,Segovia,ES416,40:192,nombre,L01401620,P4019200G,41.140293,-3.688599,Prádena
40163,6,Puebla de Pedraza,40,07,Segovia,ES416,40:193,nombre,L01401636,P4019300E,41.204832,-3.913556,Puebla de Pedraza
40164,1,Rapariegos,40,07,Segovia,ES416,40:194,nombre,L01401641,P4019400C,41.094633,-4.653261,Rapariegos
40165,4,Rebollo,40,07,Segovia,ES416,40:195,nombre,L01401654,P4019500J,41.192702,-3.856605,Rebollo
40166,7,Remondo,40,07,Segovia,ES416,40:196,nombre,L01401667,P4019600H,41.341046,-4.483628,Remondo
40168,9,Riaguas de San Bartolomé,40,07,Segovia,ES416,40:198,nombre,L01401689,P4019800D,41.425721,-3.487915,Riaguas de San Bartolomé
40170,6,Riaza,40,07,Segovia,ES416,40:200,nombre,L01401706,P4020000H,41.279656,-3.477326,Riaza
40171,3,Ribota,40,07,Segovia,ES416,40:201,nombre,L01401713,P4020100F,41.364785,-3.428433,Ribota
40172,8,Riofrío de Riaza,40,07,Segovia,ES416,40:202,nombre,L01401728,P4020200D,41.246916,-3.449954,Riofrío de Riaza
40173,4,Roda de Eresma,40,07,Segovia,ES416,40:203,nombre,L01401734,P4020300B,41.028224,-4.181045,Roda de Eresma
40174,9,Sacramenia,40,07,Segovia,ES416,40:204,nombre,L01401749,P4020400J,41.494699,-3.963966,Sacramenia
40176,5,Samboal,40,07,Segovia,ES416,40:207,nombre,L01401765,P4020700C,41.259578,-4.418001,Samboal
40177,1,San Cristóbal de Cuéllar,40,07,Segovia,ES416,40:208,nombre,L01401771,P4020800A,41.405117,-4.403901,San Cristóbal de Cuéllar
40178,7,San Cristóbal de la Vega,40,07,Segovia,ES416,40:209,nombre,L01401787,P4020900I,41.111043,-4.645701,San Cristóbal de la Vega
40179,0,Sanchonuño,40,07,Segovia,ES416,40:210,nombre,L01401790,P4021000G,41.32316,-4.306063,Sanchonuño
40180,4,Sangarcía,40,07,Segovia,ES416,40:211,nombre,L01401804,P4021100E,40.947455,-4.414774,Sangarcía
40181,1,Real Sitio de San Ildefonso,40,07,Segovia,ES416,40:212,nombre,L01401811,P4021200C,40.900816,-4.005215,San Ildefonso
40182,6,San Martín y Mudrián,40,07,Segovia,ES416,40:213,nombre,L01401826,P4021300A,41.223174,-4.332387,Mudrián
40183,2,San Miguel de Bernuy,40,07,Segovia,ES416,40:214,nombre,L01401832,P4021400I,41.399647,-3.952066,San Miguel de Bernuy
40184,7,San Pedro de Gaíllos,40,07,Segovia,ES416,40:215,nombre,L01401847,P4021500F,41.226538,-3.809731,San Pedro de Gaíllos
40185,0,Santa María la Real de Nieva,40,07,Segovia,ES416,40:217,nombre,L01401850,P4021700B,41.07048,-4.40651,Santa María la Real de Nieva
40186,3,Santa Marta del Cerro,40,07,Segovia,ES416,40:218,nombre,L01401863,P4021800J,41.218568,-3.685427,Santa Marta del Cerro
40188,5,Santiuste de Pedraza,40,07,Segovia,ES416,40:220,nombre,L01401885,P4022000F,41.090249,-3.885872,La Mata
40189,8,Santiuste de San Juan Bautista,40,07,Segovia,ES416,40:221,nombre,L01401898,P4022100D,41.157012,-4.572235,Santiuste de San Juan Bautista
40190,2,Santo Domingo de Pirón,40,07,Segovia,ES416,40:222,nombre,L01401902,P4022200B,41.041641,-3.990211,Santo Domingo de Pirón
40191,9,Santo Tomé del Puerto,40,07,Segovia,ES416,40:223,nombre,L01401919,P4022300J,41.193815,-3.576649,Villarejo
40192,4,Sauquillo de Cabezas,40,07,Segovia,ES416,40:224,nombre,L01401924,P4022400H,41.194462,-4.067355,Sauquillo de Cabezas
40193,0,Sebúlcor,40,07,Segovia,ES416,40:225,nombre,L01401930,P4022500E,41.27121,-3.884275,Sebúlcor
40194,5,Segovia,40,07,Segovia,ES416,40:900,nombre,L01401945,P4022600C,40.950564,-4.124229,Segovia
40195,8,Sepúlveda,40,07,Segovia,ES416,40:227,nombre,L01401958,P4022700A,41.297017,-3.749045,Sepúlveda
40196,1,Sequera de Fresno,40,07,Segovia,ES416,40:228,nombre,L01401961,P4022800I,41.367064,-3.546947,Sequera de Fresno
40198,3,Sotillo,40,07,Segovia,ES416,40:232,nombre,L01401983,P4023200A,41.258401,-3.637205,Sotillo
40199,6,Sotosalbos,40,07,Segovia,ES416,40:233,nombre,L01401996,P4023300I,41.035137,-3.942406,Sotosalbos
40200,0,Tabanera la Luenga,40,07,Segovia,ES416,40:234,nombre,L01402000,P4023400G,41.096398,-4.237777,Tabanera la Luenga
40201,7,Tolocirio,40,07,Segovia,ES416,40:236,nombre,L01402017,P4023600B,41.133783,-4.650536,Tolocirio
40202,2,Torreadrada,40,07,Segovia,ES416,40:237,nombre,L01402022,P4023700J,41.444358,-3.839968,Torreadrada
40203,8,Torrecaballeros,40,07,Segovia,ES416,40:238,nombre,L01402038,P4023800H,40.992421,-4.024114,Torrecaballeros
40204,3,Torrecilla del Pinar,40,07,Segovia,ES416,40:239,nombre,L01402043,P4023900F,41.374308,-4.039207,Torrecilla del Pinar
40205,6,Torreiglesias,40,07,Segovia,ES416,40:240,nombre,L01402056,P4024000D,41.10181,-4.032005,Torreiglesias
40206,9,Torre Val de San Pedro,40,07,Segovia,ES416,40:241,nombre,L01402069,P4024100B,41.073081,-3.870787,Torre Val de San Pedro
40207,5,Trescasas,40,07,Segovia,ES416,40:242,nombre,L01402075,P4024200J,40.964193,-4.035857,Trescasas
40208,1,Turégano,40,07,Segovia,ES416,40:243,nombre,L01402081,P4024300H,41.156419,-4.005628,Turégano
40210,8,Urueñas,40,07,Segovia,ES416,40:245,nombre,L01402108,P4024500C,41.357247,-3.773689,Urueñas
40211,5,Valdeprados,40,07,Segovia,ES416,40:246,nombre,L01402115,P4024600A,40.817421,-4.257055,Valdeprados
40212,0,Valdevacas de Montejo,40,07,Segovia,ES416,40:248,nombre,L01402120,P4024800G,41.520874,-3.634914,Valdevacas de Montejo
40213,6,Valdevacas y Guijar,40,07,Segovia,ES416,40:249,nombre,L01402136,P4024900E,41.145837,-3.911253,El Guijar
40214,1,Valseca,40,07,Segovia,ES416,40:251,nombre,L01402141,P4025100A,41.000124,-4.175164,Valseca
40215,4,Valtiendas,40,07,Segovia,ES416,40:252,nombre,L01402154,P4025200I,41.478474,-3.917102,Valtiendas
40216,7,Valverde del Majano,40,07,Segovia,ES416,40:253,nombre,L01402167,P4025300G,40.956767,-4.234917,Valverde del Majano
40218,9,Valle de Tabladillo,40,07,Segovia,ES416,40:255,nombre,L01402189,P4025500B,41.362758,-3.839938,Valle de Tabladillo
40219,2,Vallelado,40,07,Segovia,ES416,40:256,nombre,L01402192,P4025600J,41.404699,-4.427265,Vallelado
40220,6,Valleruela de Pedraza,40,07,Segovia,ES416,40:257,nombre,L01402206,P4025700H,41.178401,-3.805926,Valleruela de Pedraza
40221,3,Valleruela de Sepúlveda,40,07,Segovia,ES416,40:258,nombre,L01402213,P4025800F,41.189889,-3.773424,Valleruela de Sepúlveda
40222,8,Veganzones,40,07,Segovia,ES416,40:260,nombre,L01402228,P4026000B,41.192921,-3.992934,Veganzones
40223,4,Vegas de Matute,40,07,Segovia,ES416,40:261,nombre,L01402234,P4026100J,40.795395,-4.277759,Vegas de Matute
40224,9,Ventosilla y Tejadilla,40,07,Segovia,ES416,40:262,nombre,L01402249,P4026200H,41.18148,-3.694411,Ventosilla
40225,2,Villacastín,40,07,Segovia,ES416,40:263,nombre,L01402252,P4026300F,40.780517,-4.413708,Villacastín
40228,7,Villaverde de Íscar,40,07,Segovia,ES416,40:268,nombre,L01402287,P4026800E,41.30749,-4.526304,Villaverde de Íscar
40229,0,Villaverde de Montejo,40,07,Segovia,ES416,40:269,nombre,L01402290,P4026900C,41.522446,-3.654425,Villaverde de Montejo
40230,4,Villeguillo,40,07,Segovia,ES416,40:270,nombre,L01402304,P4027000A,41.252085,-4.578564,Villeguillo
40231,1,Yanguas de Eresma,40,07,Segovia,ES416,40:272,nombre,L01402311,P4027200G,41.071653,-4.238661,Yanguas de Eresma
40233,2,Zarzuela del Monte,40,07,Segovia,ES416,40:274,nombre,L01402332,P4027400C,40.809089,-4.336547,Zarzuela del Monte
40234,7,Zarzuela del Pinar,40,07,Segovia,ES416,40:275,nombre,L01402347,P4027500J,41.259935,-4.184127,Zarzuela del Pinar
40901,0,Ortigosa del Monte,40,07,Segovia,ES416,40:176,nombre,L01409010,P4017600J,40.842555,-4.175574,Ortigosa del Monte
40902,5,Cozuelos de Fuentidueña,40,07,Segovia,ES416,40:70,nombre,L01409025,P4007000E,41.391718,-4.095616,Cozuelos de Fuentidueña
40903,1,Marazoleja,40,07,Segovia,ES416,40:137,nombre,L01409031,P4013700B,40.961971,-4.338473,Marazoleja
40904,6,Navas de Riofrío,40,07,Segovia,ES416,40:279,nombre,L01409046,P4027900B,40.868426,-4.13614,Navas de Riofrío
40905,9,Cuevas de Provanco,40,07,Segovia,ES416,40:74,nombre,L01409059,P4007400G,41.542099,-3.962153,Cuevas de Provanco
40906,2,San Cristóbal de Segovia,40,07,Segovia,ES416,40:280,nombre,L01409062,P4000040H,40.952804,-4.078509,San Cristóbal de Segovia
41001,6,Aguadulce,41,01,Sevilla,ES618,41:1,nombre,L01410016,P4100100I,37.252698,-4.991369,Aguadulce
41002,1,Alanís,41,01,Sevilla,ES618,41:2,nombre,L01410021,P4100200G,38.037727,-5.715161,Alanís
41003,7,Albaida del Aljarafe,41,01,Sevilla,ES618,41:3,nombre,L01410037,P4100300E,37.426996,-6.165984,Albaida del Aljarafe
41004,2,Alcalá de Guadaíra,41,01,Sevilla,ES618,41:4,nombre,L01410042,P4100400C,37.333802,-5.849248,Alcalá de Guadaíra
41005,5,Alcalá del Río,41,01,Sevilla,ES618,41:5,nombre,L01410055,P4100500J,37.518089,-5.978563,Alcalá del Río
41006,8,Alcolea del Río,41,01,Sevilla,ES618,41:6,nombre,L01410068,P4100600H,37.614302,-5.668812,Alcolea del Río
41007,4,"Algaba, La",41,01,Sevilla,ES618,41:7,nombre,L01410074,P4100700F,37.461873,-6.013975,La Algaba
41008,0,Algámitas,41,01,Sevilla,ES618,41:8,nombre,L01410080,P4100800D,37.01554,-5.149417,Algámitas
41009,3,Almadén de la Plata,41,01,Sevilla,ES618,41:9,nombre,L01410093,P4100900B,37.873524,-6.079928,Almadén de la Plata
41010,7,Almensilla,41,01,Sevilla,ES618,41:10,nombre,L01410107,P4101000J,37.309185,-6.113866,Almensilla
41011,4,Arahal,41,01,Sevilla,ES618,41:11,nombre,L01410114,P4101100H,37.262487,-5.545296,Arahal
41012,9,Aznalcázar,41,01,Sevilla,ES618,41:12,nombre,L01410129,P4101200F,37.3035,-6.251212,Aznalcázar
41013,5,Aznalcóllar,41,01,Sevilla,ES618,41:13,nombre,L01410135,P4101300D,37.523512,-6.269614,Aznalcóllar
41014,0,Badolatosa,41,01,Sevilla,ES618,41:14,nombre,L01410140,P4101400B,37.308788,-4.67295,Badolatosa
41015,3,Benacazón,41,01,Sevilla,ES618,41:15,nombre,L01410153,P4101500I,37.353374,-6.19881,Benacazón
41016,6,Bollullos de la Mitación,41,01,Sevilla,ES618,41:16,nombre,L01410166,P4101600G,37.340551,-6.1388,Bollullos de la Mitación
41017,2,Bormujos,41,01,Sevilla,ES618,41:17,nombre,L01410172,P4101700E,37.372269,-6.071117,Bormujos
41018,8,Brenes,41,01,Sevilla,ES618,41:18,nombre,L01410188,P4101800C,37.550792,-5.872869,Brenes
41019,1,Burguillos,41,01,Sevilla,ES618,41:19,nombre,L01410191,P4101900A,37.585883,-5.96755,Burguillos
41020,5,"Cabezas de San Juan, Las",41,01,Sevilla,ES618,41:20,nombre,L01410205,P4102000I,36.981608,-5.940107,Las Cabezas de San Juan
41021,2,Camas,41,01,Sevilla,ES618,41:21,nombre,L01410212,P4102100G,37.400886,-6.032905,Camas
41022,7,"Campana, La",41,01,Sevilla,ES618,41:22,nombre,L01410227,P4102200E,37.567055,-5.429322,La Campana
41023,3,Cantillana,41,01,Sevilla,ES618,41:23,nombre,L01410233,P4102300C,37.608704,-5.825877,Cantillana
41024,8,Carmona,41,01,Sevilla,ES618,41:24,nombre,L01410248,P4102400A,37.472373,-5.638051,Carmona
41025,1,Carrión de los Céspedes,41,01,Sevilla,ES618,41:25,nombre,L01410251,P4102500H,37.368527,-6.32895,Carrión de los Céspedes
41026,4,Casariche,41,01,Sevilla,ES618,41:26,nombre,L01410264,P4102600F,37.294489,-4.759843,Casariche
41027,0,Castilblanco de los Arroyos,41,01,Sevilla,ES618,41:27,nombre,L01410270,P4102700D,37.674898,-5.99009,Castilblanco de los Arroyos
41028,6,Castilleja de Guzmán,41,01,Sevilla,ES618,41:28,nombre,L01410286,P4102800B,37.40903,-6.058082,Castilleja de Guzmán
41029,9,Castilleja de la Cuesta,41,01,Sevilla,ES618,41:29,nombre,L01410299,P4102900J,37.386967,-6.052287,Castilleja de la Cuesta
41030,3,Castilleja del Campo,41,01,Sevilla,ES618,41:30,nombre,L01410303,P4103000H,37.385873,-6.334421,Castilleja del Campo
41031,0,"Castillo de las Guardas, El",41,01,Sevilla,ES618,41:31,nombre,L01410310,P4103100F,37.69174,-6.3143,El Castillo de las Guardas
41032,5,Cazalla de la Sierra,41,01,Sevilla,ES618,41:32,nombre,L01410325,P4103200D,37.929611,-5.760724,Cazalla de la Sierra
41033,1,Constantina,41,01,Sevilla,ES618,41:33,nombre,L01410331,P4103300B,37.872491,-5.618831,Constantina
41034,6,Coria del Río,41,01,Sevilla,ES618,41:34,nombre,L01410346,P4103400J,37.285144,-6.051569,Coria del Río
41035,9,Coripe,41,01,Sevilla,ES618,41:35,nombre,L01410359,P4103500G,36.970339,-5.440917,Coripe
41036,2,"Coronil, El",41,01,Sevilla,ES618,41:36,nombre,L01410362,P4103600E,37.082151,-5.633531,El Coronil
41037,8,"Corrales, Los",41,01,Sevilla,ES618,41:37,nombre,L01410378,P4103700C,37.097056,-4.98313,Los Corrales
41038,4,Dos Hermanas,41,01,Sevilla,ES618,41:38,nombre,L01410384,P4103800A,37.283751,-5.922343,Dos Hermanas
41039,7,Écija,41,01,Sevilla,ES618,41:39,nombre,L01410397,P4103900I,37.541809,-5.079666,Écija
41040,1,Espartinas,41,01,Sevilla,ES618,41:40,nombre,L01410401,P4104000G,37.380174,-6.122958,Espartinas
41041,8,Estepa,41,01,Sevilla,ES618,41:41,nombre,L01410418,P4104100E,37.291685,-4.878104,Estepa
41042,3,Fuentes de Andalucía,41,01,Sevilla,ES618,41:42,nombre,L01410423,P4104200C,37.462233,-5.348144,Fuentes de Andalucía
41043,9,"Garrobo, El",41,01,Sevilla,ES618,41:43,nombre,L01410439,P4104300A,37.625412,-6.172541,El Garrobo
41044,4,Gelves,41,01,Sevilla,ES618,41:44,nombre,L01410444,P4104400I,37.334038,-6.026018,Gelves
41045,7,Gerena,41,01,Sevilla,ES618,41:45,nombre,L01410457,P4104500F,37.525445,-6.15771,Gerena
41046,0,Gilena,41,01,Sevilla,ES618,41:46,nombre,L01410460,P4104600D,37.25122,-4.913328,Gilena
41047,6,Gines,41,01,Sevilla,ES618,41:47,nombre,L01410476,P4104700B,37.387131,-6.077993,Gines
41048,2,Guadalcanal,41,01,Sevilla,ES618,41:48,nombre,L01410482,P4104800J,38.092089,-5.820725,Guadalcanal
41049,5,Guillena,41,01,Sevilla,ES618,41:49,nombre,L01410495,P4104900H,37.539304,-6.052132,Guillena
41050,8,Herrera,41,01,Sevilla,ES618,41:50,nombre,L01410508,P4105000F,37.364681,-4.850392,Herrera
41051,5,Huévar del Aljarafe,41,01,Sevilla,ES618,41:51,nombre,L01410515,P4105100D,37.353068,-6.279016,Huévar del Aljarafe
41052,0,Lantejuela,41,01,Sevilla,ES618,41:52,nombre,L01410520,P4105200B,37.353767,-5.222741,Lantejuela
41053,6,Lebrija,41,01,Sevilla,ES618,41:53,nombre,L01410536,P4105300J,36.919669,-6.078612,Lebrija
41054,1,Lora de Estepa,41,01,Sevilla,ES618,41:54,nombre,L01410541,P4105400H,37.268541,-4.827871,Lora de Estepa
41055,4,Lora del Río,41,01,Sevilla,ES618,41:55,nombre,L01410554,P4105500E,37.654516,-5.530828,Lora del Río
41056,7,"Luisiana, La",41,01,Sevilla,ES618,41:56,nombre,L01410567,P4105600C,37.526348,-5.24858,La Luisiana
41057,3,"Madroño, El",41,01,Sevilla,ES618,41:57,nombre,L01410573,P4105700A,37.645725,-6.512095,El Madroño
41058,9,Mairena del Alcor,41,01,Sevilla,ES618,41:58,nombre,L01410589,P4105800I,37.373166,-5.747742,Mairena del Alcor
41059,2,Mairena del Aljarafe,41,01,Sevilla,ES618,41:59,nombre,L01410592,P4105900G,37.344623,-6.065025,Mairena del Aljarafe
41060,6,Marchena,41,01,Sevilla,ES618,41:60,nombre,L01410606,P4106000E,37.329921,-5.416044,Marchena
41061,3,Marinaleda,41,01,Sevilla,ES618,41:61,nombre,L01410613,P4106100C,37.376193,-4.950559,Marinaleda
41062,8,Martín de la Jara,41,01,Sevilla,ES618,41:62,nombre,L01410628,P4106200A,37.106581,-4.961704,Martín de la Jara
41063,4,"Molares, Los",41,01,Sevilla,ES618,41:63,nombre,L01410634,P4106300I,37.155378,-5.719775,Los Molares
41064,9,Montellano,41,01,Sevilla,ES618,41:64,nombre,L01410649,P4106400G,36.995755,-5.570942,Montellano
41065,2,Morón de la Frontera,41,01,Sevilla,ES618,41:65,nombre,L01410652,P4106500D,37.122215,-5.451849,Morón de la Frontera
41066,5,"Navas de la Concepción, Las",41,01,Sevilla,ES618,41:66,nombre,L01410665,P4106600B,37.93285,-5.465069,Las Navas de la Concepción
41067,1,Olivares,41,01,Sevilla,ES618,41:67,nombre,L01410671,P4106700J,37.41882,-6.155638,Olivares
41068,7,Osuna,41,01,Sevilla,ES618,41:68,nombre,L01410687,P4106800H,37.237091,-5.102989,Osuna
41069,0,"Palacios y Villafranca, Los",41,01,Sevilla,ES618,41:69,nombre,L01410690,P4106900F,37.15846,-5.924534,Los Palacios y Villafranca
41070,4,Palomares del Río,41,01,Sevilla,ES618,41:70,nombre,L01410704,P4107000D,37.322788,-6.057613,Palomares del Río
41071,1,Paradas,41,01,Sevilla,ES618,41:71,nombre,L01410711,P4107100B,37.289909,-5.497068,Paradas
41072,6,Pedrera,41,01,Sevilla,ES618,41:72,nombre,L01410726,P4107200J,37.223049,-4.896544,Pedrera
41073,2,"Pedroso, El",41,01,Sevilla,ES618,41:73,nombre,L01410732,P4107300H,37.84232,-5.763501,El Pedroso
41074,7,Peñaflor,41,01,Sevilla,ES618,41:74,nombre,L01410747,P4107400F,37.707329,-5.346582,Peñaflor
41075,0,Pilas,41,01,Sevilla,ES618,41:75,nombre,L01410750,P4107500C,37.301488,-6.302424,Pilas
41076,3,Pruna,41,01,Sevilla,ES618,41:76,nombre,L01410763,P4107600A,36.973506,-5.222718,Pruna
41077,9,"Puebla de Cazalla, La",41,01,Sevilla,ES618,41:77,nombre,L01410779,P4107700I,37.222432,-5.31062,La Puebla de Cazalla
41078,5,"Puebla de los Infantes, La",41,01,Sevilla,ES618,41:78,nombre,L01410785,P4107800G,37.778646,-5.388949,La Puebla de los Infantes
41079,8,"Puebla del Río, La",41,01,Sevilla,ES618,41:79,nombre,L01410798,P4107900E,37.267544,-6.062517,La Puebla del Río
41080,2,"Real de la Jara, El",41,01,Sevilla,ES618,41:80,nombre,L01410802,P4108000C,37.950218,-6.15542,El Real de la Jara
41081,9,"Rinconada, La",41,01,Sevilla,ES618,41:81,nombre,L01410819,P4108100A,37.487717,-5.979427,La Rinconada
41082,4,"Roda de Andalucía, La",41,01,Sevilla,ES618,41:82,nombre,L01410824,P4108200I,37.201152,-4.779409,La Roda de Andalucía
41083,0,"Ronquillo, El",41,01,Sevilla,ES618,41:83,nombre,L01410830,P4108300G,37.725468,-6.17706,El Ronquillo
41084,5,"Rubio, El",41,01,Sevilla,ES618,41:84,nombre,L01410845,P4108400E,37.355901,-4.988602,El Rubio
41085,8,Salteras,41,01,Sevilla,ES618,41:85,nombre,L01410858,P4108500B,37.418434,-6.111749,Salteras
41086,1,San Juan de Aznalfarache,41,01,Sevilla,ES618,41:86,nombre,L01410861,P4108600J,37.35974,-6.027837,San Juan de Aznalfarache
41087,7,Sanlúcar la Mayor,41,01,Sevilla,ES618,41:87,nombre,L01410877,P4108700H,37.385712,-6.201664,Sanlúcar la Mayor
41088,3,San Nicolás del Puerto,41,01,Sevilla,ES618,41:88,nombre,L01410883,P4108800F,37.993628,-5.652974,San Nicolás del Puerto
41089,6,Santiponce,41,01,Sevilla,ES618,41:89,nombre,L01410896,P4108900D,37.438856,-6.038496,Santiponce
41090,0,"Saucejo, El",41,01,Sevilla,ES618,41:90,nombre,L01410900,P4109000B,37.070028,-5.096368,El Saucejo
41091,7,Sevilla,41,01,Sevilla,ES618,41:900,nombre,L01410917,P4109100J,37.388637,-5.994477,Sevilla
41092,2,Tocina,41,01,Sevilla,ES618,41:92,nombre,L01410922,P4109200H,37.609856,-5.733043,Tocina
41093,8,Tomares,41,01,Sevilla,ES618,41:93,nombre,L01410938,P4109300F,37.373932,-6.045075,Tomares
41094,3,Umbrete,41,01,Sevilla,ES618,41:94,nombre,L01410943,P4109400D,37.369912,-6.157992,Umbrete
41095,6,Utrera,41,01,Sevilla,ES618,41:95,nombre,L01410956,P4109500A,37.183175,-5.781239,Utrera
41096,9,Valencina de la Concepción,41,01,Sevilla,ES618,41:96,nombre,L01410969,P4109600I,37.416178,-6.0766,Valencina de la Concepción
41097,5,Villamanrique de la Condesa,41,01,Sevilla,ES618,41:97,nombre,L01410975,P4109700G,37.246639,-6.306703,Villamanrique de la Condesa
41098,1,Villanueva del Ariscal,41,01,Sevilla,ES618,41:98,nombre,L01410981,P4109800E,37.395581,-6.141687,Villanueva del Ariscal
41099,4,Villanueva del Río y Minas,41,01,Sevilla,ES618,41:99,nombre,L01410994,P4109900C,37.659926,-5.714159,Villanueva del Río y Minas
41100,8,Villanueva de San Juan,41,01,Sevilla,ES618,41:100,nombre,L01411008,P4110000I,37.050476,-5.175361,Villanueva de San Juan
41101,5,Villaverde del Río,41,01,Sevilla,ES618,41:101,nombre,L01411015,P4110100G,37.588199,-5.873595,Villaverde del Río
41102,0,"Viso del Alcor, El",41,01,Sevilla,ES618,41:102,nombre,L01411020,P4110200E,37.388415,-5.718914,El Viso del Alcor
41901,7,Cañada Rosal,41,01,Sevilla,ES618,41:103,nombre,L01419017,P4110300C,37.598921,-5.210343,Cañada Rosal
41902,2,Isla Mayor,41,01,Sevilla,ES618,41:104,nombre,L01419022,P4110500H,37.131266,-6.165221,Isla Mayor
41903,8,"Cuervo de Sevilla, El",41,01,Sevilla,ES618,41:105,nombre,L01419038,P4110400A,36.851558,-6.041949,El Cuervo
41904,3,"Palmar de Troya, El",41,01,Sevilla,ES618,41:106,nombre,L01419043,P4100053J,37.059778,-5.803272,El Palmar de Troya
42001,1,Abejar,42,07,Soria,ES417,42:2,nombre,L01420011,P4200200F,41.807316,-2.783944,Abejar
42003,2,Adradas,42,07,Soria,ES417,42:5,nombre,L01420032,P4200500I,41.350836,-2.472752,Adradas
42004,7,Ágreda,42,07,Soria,ES417,42:6,nombre,L01420047,P4200600G,41.85427,-1.920219,Ágreda
42006,3,Alconaba,42,07,Soria,ES417,42:12,nombre,L01420063,P4201200E,41.722985,-2.385281,Alconaba
42007,9,Alcubilla de Avellaneda,42,07,Soria,ES417,42:14,nombre,L01420079,P4201400A,41.726311,-3.302692,Alcubilla de Avellaneda
42008,5,Alcubilla de las Peñas,42,07,Soria,ES417,42:15,nombre,L01420085,P4201500H,41.251971,-2.526041,Alcubilla de las Peñas
42009,8,Aldealafuente,42,07,Soria,ES417,42:18,nombre,L01420098,P4201800B,41.671524,-2.325599,Aldealafuente
42010,2,Aldealices,42,07,Soria,ES417,42:19,nombre,L01420102,P4201900J,41.901869,-2.309086,Aldealices
42011,9,Aldealpozo,42,07,Soria,ES417,42:20,nombre,L01420119,P4202000H,41.781821,-2.206242,Aldealpozo
42012,4,Aldealseñor,42,07,Soria,ES417,42:21,nombre,L01420124,P4202100F,41.879327,-2.315529,Aldealseñor
42013,0,Aldehuela de Periáñez,42,07,Soria,ES417,42:24,nombre,L01420130,P4202400J,41.807457,-2.306911,Aldehuela de Periáñez
42014,5,"Aldehuelas, Las",42,07,Soria,ES417,42:25,nombre,L01420145,P4202500G,41.994503,-2.365041,Las Aldehuelas
42015,8,Alentisque,42,07,Soria,ES417,42:26,nombre,L01420158,P4202600E,41.420487,-2.332146,Alentisque
42016,1,Aliud,42,07,Soria,ES417,42:27,nombre,L01420161,P4202700C,41.654775,-2.253248,Aliud
42017,7,Almajano,42,07,Soria,ES417,42:28,nombre,L01420177,P4202800A,41.851155,-2.338537,Almajano
42018,3,Almaluez,42,07,Soria,ES417,42:29,nombre,L01420183,P4202900I,41.289185,-2.269326,Almaluez
42019,6,Almarza,42,07,Soria,ES417,42:31,nombre,L01420196,P4203100E,41.946924,-2.468475,Almarza
42020,0,Almazán,42,07,Soria,ES417,42:32,nombre,L01420200,P4203200C,41.487283,-2.533458,Almazán
42021,7,Almazul,42,07,Soria,ES417,42:33,nombre,L01420217,P4203300A,41.574143,-2.146771,Almazul
42022,2,Almenar de Soria,42,07,Soria,ES417,42:34,nombre,L01420222,P4203400I,41.681975,-2.200625,Almenar de Soria
42023,8,Alpanseque,42,07,Soria,ES417,42:35,nombre,L01420238,P4203500F,41.263992,-2.670753,Alpanseque
42024,3,Arancón,42,07,Soria,ES417,42:38,nombre,L01420243,P4203800J,41.800151,-2.280924,Arancón
42025,6,Arcos de Jalón,42,07,Soria,ES417,42:39,nombre,L01420256,P4203900H,41.216304,-2.274246,Arcos de Jalón
42026,9,Arenillas,42,07,Soria,ES417,42:40,nombre,L01420269,P4204000F,41.34738,-2.846236,Arenillas
42027,5,Arévalo de la Sierra,42,07,Soria,ES417,42:41,nombre,L01420275,P4204100D,41.947492,-2.400578,Arévalo de la Sierra
42028,1,Ausejo de la Sierra,42,07,Soria,ES417,42:45,nombre,L01420281,P4204500E,41.895135,-2.374321,Ausejo de la Sierra
42029,4,Baraona,42,07,Soria,ES417,42:47,nombre,L01420294,P4204700A,41.295489,-2.656985,Baraona
42030,8,Barca,42,07,Soria,ES417,42:48,nombre,L01420308,P4204800I,41.455088,-2.620981,Barca
42031,5,Barcones,42,07,Soria,ES417,42:49,nombre,L01420315,P4204900G,41.291318,-2.816381,Barcones
42032,0,Bayubas de Abajo,42,07,Soria,ES417,42:51,nombre,L01420320,P4205100C,41.527348,-2.896202,Bayubas de Abajo
42033,6,Bayubas de Arriba,42,07,Soria,ES417,42:52,nombre,L01420336,P4205200A,41.557275,-2.886793,Bayubas de Arriba
42034,1,Beratón,42,07,Soria,ES417,42:55,nombre,L01420341,P4205500D,41.718177,-1.810897,Beratón
42035,4,Berlanga de Duero,42,07,Soria,ES417,42:56,nombre,L01420354,P4205600B,41.465861,-2.861233,Berlanga de Duero
42036,7,Blacos,42,07,Soria,ES417,42:58,nombre,L01420367,P4205800H,41.680898,-2.858534,Blacos
42037,3,Bliecos,42,07,Soria,ES417,42:59,nombre,L01420373,P4205900F,41.528298,-2.271185,Bliecos
42038,9,Borjabad,42,07,Soria,ES417,42:64,nombre,L01420389,P4206400F,41.552733,-2.366286,Borjabad
42039,2,Borobia,42,07,Soria,ES417,42:65,nombre,L01420392,P4206500C,41.664581,-1.895967,Borobia
42041,3,Buberos,42,07,Soria,ES417,42:68,nombre,L01420413,P4206800G,41.646971,-2.193811,Buberos
42042,8,Buitrago,42,07,Soria,ES417,42:70,nombre,L01420428,P4207000C,41.847447,-2.40893,Buitrago
42043,4,Burgo de Osma-Ciudad de Osma,42,07,Soria,ES417,42:71,nombre,L01420434,P4207100A,41.586597,-3.067146,Burgo de Osma
42044,9,Cabrejas del Campo,42,07,Soria,ES417,42:72,nombre,L01420449,P4207200I,41.680572,-2.269146,Cabrejas del Campo
42045,2,Cabrejas del Pinar,42,07,Soria,ES417,42:73,nombre,L01420452,P4207300G,41.795213,-2.851057,Cabrejas del Pinar
42046,5,Calatañazor,42,07,Soria,ES417,42:75,nombre,L01420465,P4207500B,41.698932,-2.818632,Calatañazor
42048,7,Caltojar,42,07,Soria,ES417,42:77,nombre,L01420487,P4207700H,41.402342,-2.764305,Caltojar
42049,0,Candilichera,42,07,Soria,ES417,42:79,nombre,L01420490,P4207900D,41.704095,-2.301199,Candilichera
42050,3,Cañamaque,42,07,Soria,ES417,42:81,nombre,L01420503,P4208100J,41.443791,-2.237787,Cañamaque
42051,0,Carabantes,42,07,Soria,ES417,42:82,nombre,L01420510,P4208200H,41.552024,-1.998169,Carabantes
42052,5,Caracena,42,07,Soria,ES417,42:83,nombre,L01420525,P4208300F,41.383343,-3.091549,Caracena
42053,1,Carrascosa de Abajo,42,07,Soria,ES417,42:86,nombre,L01420531,P4208600I,41.423206,-3.089291,Carrascosa de Abajo
42054,6,Carrascosa de la Sierra,42,07,Soria,ES417,42:88,nombre,L01420546,P4208800E,41.895086,-2.280778,Carrascosa de la Sierra
42055,9,Casarejos,42,07,Soria,ES417,42:89,nombre,L01420559,P4208900C,41.796848,-3.031494,Casarejos
42056,2,Castilfrío de la Sierra,42,07,Soria,ES417,42:92,nombre,L01420562,P4209200G,41.919725,-2.305066,Castilfrío de la Sierra
42057,8,Castilruiz,42,07,Soria,ES417,42:93,nombre,L01420578,P4209300E,41.876729,-2.059489,Castilruiz
42058,4,Castillejo de Robledo,42,07,Soria,ES417,42:94,nombre,L01420584,P4209400C,41.55884,-3.495266,Castillejo de Robledo
42059,7,Centenera de Andaluz,42,07,Soria,ES417,42:95,nombre,L01420597,P4209500J,41.506519,-2.717601,Centenera de Andaluz
42060,1,Cerbón,42,07,Soria,ES417,42:96,nombre,L01420601,P4209600H,41.929098,-2.168502,Cerbón
42061,8,Cidones,42,07,Soria,ES417,42:97,nombre,L01420618,P4209700F,41.815785,-2.639716,Cidones
42062,3,Cigudosa,42,07,Soria,ES417,42:98,nombre,L01420623,P4209800D,41.936054,-2.055749,Cigudosa
42063,9,Cihuela,42,07,Soria,ES417,42:99,nombre,L01420639,P4209900B,41.406183,-1.99962,Cihuela
42064,4,Ciria,42,07,Soria,ES417,42:100,nombre,L01420644,P4210000H,41.617918,-1.966789,Ciria
42065,7,Cirujales del Río,42,07,Soria,ES417,42:102,nombre,L01420657,P4210200D,41.866921,-2.325851,Cirujales del Río
42068,2,Coscurita,42,07,Soria,ES417,42:107,nombre,L01420682,P4210700C,41.435981,-2.476095,Coscurita
42069,5,Covaleda,42,07,Soria,ES417,42:108,nombre,L01420695,P4210800A,41.934805,-2.883007,Covaleda
42070,9,Cubilla,42,07,Soria,ES417,42:109,nombre,L01420709,P4210900I,41.749386,-2.937357,Cubilla
42071,6,Cubo de la Solana,42,07,Soria,ES417,42:111,nombre,L01420716,P4211100E,41.602456,-2.42302,Cubo de la Solana
42073,7,Cueva de Ágreda,42,07,Soria,ES417,42:114,nombre,L01420737,P4211400I,41.763951,-1.887029,Cueva de Ágreda
42075,5,Dévanos,42,07,Soria,ES417,42:120,nombre,L01420755,P4212000F,41.903213,-1.947194,Dévanos
42076,8,Deza,42,07,Soria,ES417,42:121,nombre,L01420768,P4212100D,41.463294,-2.021611,Deza
42078,0,Duruelo de la Sierra,42,07,Soria,ES417,42:124,nombre,L01420780,P4212400H,41.955408,-2.9316,Duruelo de la Sierra
42079,3,Escobosa de Almazán,42,07,Soria,ES417,42:125,nombre,L01420793,P4212500E,41.486767,-2.371144,Escobosa de Almazán
42080,7,Espeja de San Marcelino,42,07,Soria,ES417,42:126,nombre,L01420807,P4212600C,41.802858,-3.221701,Espeja de San Marcelino
42081,4,Espejón,42,07,Soria,ES417,42:127,nombre,L01420814,P4212700A,41.830337,-3.259108,Espejón
42082,9,Estepa de San Juan,42,07,Soria,ES417,42:128,nombre,L01420829,P4212800I,41.92687,-2.333584,Estepa de San Juan
42083,5,Frechilla de Almazán,42,07,Soria,ES417,42:132,nombre,L01420835,P4213200A,41.42654,-2.514714,Frechilla de Almazán
42084,0,Fresno de Caracena,42,07,Soria,ES417,42:133,nombre,L01420840,P4213300I,41.452485,-3.091652,Fresno de Caracena
42085,3,Fuentearmegil,42,07,Soria,ES417,42:135,nombre,L01420853,P4213500D,41.715164,-3.18338,Fuentearmegil
42086,6,Fuentecambrón,42,07,Soria,ES417,42:137,nombre,L01420866,P4213700J,41.505269,-3.329055,Fuentecambrón
42087,2,Fuentecantos,42,07,Soria,ES417,42:139,nombre,L01420872,P4213900F,41.849387,-2.428761,Fuentecantos
42088,8,Fuentelmonge,42,07,Soria,ES417,42:142,nombre,L01420888,P4214200J,41.421609,-2.188182,Fuentelmonge
42089,1,Fuentelsaz de Soria,42,07,Soria,ES417,42:143,nombre,L01420891,P4214300H,41.866445,-2.414741,Fuentelsaz de Soria
42090,5,Fuentepinilla,42,07,Soria,ES417,42:144,nombre,L01420905,P4214400F,41.566868,-2.762915,Fuentepinilla
42092,7,Fuentes de Magaña,42,07,Soria,ES417,42:146,nombre,L01420927,P4214600A,41.935826,-2.1797,Fuentes de Magaña
42093,3,Fuentestrún,42,07,Soria,ES417,42:147,nombre,L01420933,P4214700I,41.874913,-2.082135,Fuentestrún
42094,8,Garray,42,07,Soria,ES417,42:150,nombre,L01420948,P4215000C,41.814881,-2.445633,Garray
42095,1,Golmayo,42,07,Soria,ES417,42:151,nombre,L01420951,P4215100A,41.765878,-2.522865,Golmayo
42096,4,Gómara,42,07,Soria,ES417,42:152,nombre,L01420964,P4215200I,41.623522,-2.224645,Gómara
42097,0,Gormaz,42,07,Soria,ES417,42:153,nombre,L01420970,P4215300G,41.492145,-3.00537,Gormaz
42098,6,Herrera de Soria,42,07,Soria,ES417,42:154,nombre,L01420986,P4215400E,41.762008,-3.012141,Herrera de Soria
42100,3,Hinojosa del Campo,42,07,Soria,ES417,42:157,nombre,L01421003,P4215700H,41.73868,-2.099957,Hinojosa del Campo
42103,1,Langa de Duero,42,07,Soria,ES417,42:169,nombre,L01421031,P4216900C,41.610163,-3.400933,Langa de Duero
42105,9,Liceras,42,07,Soria,ES417,42:172,nombre,L01421059,P4217200G,41.37968,-3.2433,Liceras
42106,2,"Losilla, La",42,07,Soria,ES417,42:175,nombre,L01421062,P4217500J,41.872691,-2.279551,La Losilla
42107,8,Magaña,42,07,Soria,ES417,42:178,nombre,L01421078,P4217800D,41.900174,-2.16146,Magaña
42108,4,Maján,42,07,Soria,ES417,42:179,nombre,L01421084,P4217900B,41.469731,-2.302479,Maján
42110,1,Matalebreras,42,07,Soria,ES417,42:182,nombre,L01421101,P4218200F,41.841253,-2.046609,Matalebreras
42111,8,Matamala de Almazán,42,07,Soria,ES417,42:183,nombre,L01421118,P4218300D,41.505709,-2.641306,Matamala de Almazán
42113,9,Medinaceli,42,07,Soria,ES417,42:187,nombre,L01421139,P4218700E,41.171735,-2.434771,Medinaceli
42115,7,Miño de Medinaceli,42,07,Soria,ES417,42:190,nombre,L01421157,P4219000I,41.189043,-2.517887,Miño de Medinaceli
42116,0,Miño de San Esteban,42,07,Soria,ES417,42:191,nombre,L01421160,P4219100G,41.535892,-3.345877,Miño de San Esteban
42117,6,Molinos de Duero,42,07,Soria,ES417,42:193,nombre,L01421176,P4219300C,41.885455,-2.787427,Molinos de Duero
42118,2,Momblona,42,07,Soria,ES417,42:194,nombre,L01421182,P4219400A,41.443898,-2.346352,Momblona
42119,5,Monteagudo de las Vicarías,42,07,Soria,ES417,42:195,nombre,L01421195,P4219500H,41.365352,-2.167712,Monteagudo de las Vicarías
42120,9,Montejo de Tiermes,42,07,Soria,ES417,42:196,nombre,L01421209,P4219600F,41.368533,-3.199042,Montejo de Tiermes
42121,6,Montenegro de Cameros,42,07,Soria,ES417,42:197,nombre,L01421216,P4219700D,42.089736,-2.753835,Montenegro de Cameros
42123,7,Morón de Almazán,42,07,Soria,ES417,42:201,nombre,L01421237,P4220100D,41.414891,-2.413439,Morón de Almazán
42124,2,Muriel de la Fuente,42,07,Soria,ES417,42:202,nombre,L01421242,P4220200B,41.724678,-2.860263,Muriel de la Fuente
42125,5,Muriel Viejo,42,07,Soria,ES417,42:203,nombre,L01421255,P4220300J,41.782386,-2.915468,Muriel Viejo
42127,4,Nafría de Ucero,42,07,Soria,ES417,42:205,nombre,L01421274,P4220500E,41.723105,-3.094589,Nafría de Ucero
42128,0,Narros,42,07,Soria,ES417,42:207,nombre,L01421280,P4220700A,41.849108,-2.293712,Narros
42129,3,Navaleno,42,07,Soria,ES417,42:209,nombre,L01421293,P4220900G,41.837662,-3.004615,Navaleno
42130,7,Nepas,42,07,Soria,ES417,42:210,nombre,L01421307,P4221000E,41.526376,-2.397897,Nepas
42131,4,Nolay,42,07,Soria,ES417,42:213,nombre,L01421314,P4221300I,41.526846,-2.350804,Nolay
42132,9,Noviercas,42,07,Soria,ES417,42:216,nombre,L01421329,P4221600B,41.712186,-2.036349,Noviercas
42134,0,Ólvega,42,07,Soria,ES417,42:219,nombre,L01421340,P4221900F,41.779382,-1.982998,Ólvega
42135,3,Oncala,42,07,Soria,ES417,42:220,nombre,L01421353,P4222000D,41.970769,-2.312242,Oncala
42139,1,Pinilla del Campo,42,07,Soria,ES417,42:228,nombre,L01421391,P4222800G,41.716722,-2.083493,Pinilla del Campo
42140,5,Portillo de Soria,42,07,Soria,ES417,42:232,nombre,L01421405,P4223200I,41.63514,-2.121242,Portillo de Soria
42141,2,"Póveda de Soria, La",42,07,Soria,ES417,42:233,nombre,L01421412,P4223300G,42.010333,-2.501104,La Póveda de Soria
42142,7,Pozalmuro,42,07,Soria,ES417,42:234,nombre,L01421427,P4223400E,41.772887,-2.105486,Pozalmuro
42144,8,Quintana Redonda,42,07,Soria,ES417,42:236,nombre,L01421448,P4223600J,41.640148,-2.615251,Quintana Redonda
42145,1,Quintanas de Gormaz,42,07,Soria,ES417,42:237,nombre,L01421451,P4223700H,41.508625,-2.97597,Quintanas de Gormaz
42148,6,Quiñonería,42,07,Soria,ES417,42:241,nombre,L01421486,P4224100J,41.568246,-2.03807,Quiñonería
42149,9,"Rábanos, Los",42,07,Soria,ES417,42:242,nombre,L01421499,P4224200H,41.717256,-2.476286,Los Rábanos
42151,9,Rebollar,42,07,Soria,ES417,42:244,nombre,L01421519,P4224400D,41.914161,-2.504944,Rebollar
42152,4,Recuerda,42,07,Soria,ES417,42:246,nombre,L01421524,P4224600I,41.47443,-2.994006,Recuerda
42153,0,Rello,42,07,Soria,ES417,42:248,nombre,L01421530,P4224800E,41.333792,-2.75027,Rello
42154,5,Renieblas,42,07,Soria,ES417,42:249,nombre,L01421545,P4224900C,41.82028,-2.372321,Renieblas
42155,8,Retortillo de Soria,42,07,Soria,ES417,42:250,nombre,L01421558,P4225000A,41.31114,-2.981973,Retortillo de Soria
42156,1,Reznos,42,07,Soria,ES417,42:252,nombre,L01421561,P4225200G,41.591183,-2.027377,Reznos
42157,7,"Riba de Escalote, La",42,07,Soria,ES417,42:253,nombre,L01421577,P4225300E,41.351819,-2.796188,La Riba de Escalote
42158,3,Rioseco de Soria,42,07,Soria,ES417,42:254,nombre,L01421583,P4225400C,41.642909,-2.84064,Rioseco de Soria
42159,6,Rollamienta,42,07,Soria,ES417,42:255,nombre,L01421596,P4225500J,41.925891,-2.531828,Rollamienta
42160,0,"Royo, El",42,07,Soria,ES417,42:257,nombre,L01421600,P4225700F,41.90685,-2.645594,El Royo
42161,7,Salduero,42,07,Soria,ES417,42:259,nombre,L01421617,P4225900B,41.889002,-2.797394,Salduero
42162,2,San Esteban de Gormaz,42,07,Soria,ES417,42:263,nombre,L01421622,P4226300D,41.574086,-3.205452,San Esteban de Gormaz
42163,8,San Felices,42,07,Soria,ES417,42:264,nombre,L01421638,P4226400B,41.937237,-2.026883,San Felices
42164,3,San Leonardo de Yagüe,42,07,Soria,ES417,42:265,nombre,L01421643,P4226500I,41.829435,-3.067913,San Leonardo de Yagüe
42165,6,San Pedro Manrique,42,07,Soria,ES417,42:266,nombre,L01421656,P4226600G,42.030826,-2.231703,San Pedro Manrique
42166,9,Santa Cruz de Yanguas,42,07,Soria,ES417,42:267,nombre,L01421669,P4226700E,42.062511,-2.448708,Santa Cruz de Yanguas
42167,5,Santa María de Huerta,42,07,Soria,ES417,42:268,nombre,L01421675,P4226800C,41.263203,-2.177021,Santa María de Huerta
42168,1,Santa María de las Hoyas,42,07,Soria,ES417,42:269,nombre,L01421681,P4226900A,41.770322,-3.142758,Santa María de las Hoyas
42171,5,Serón de Nágima,42,07,Soria,ES417,42:274,nombre,L01421715,P4227400A,41.495718,-2.202255,Serón de Nágima
42172,0,Soliedra,42,07,Soria,ES417,42:275,nombre,L01421720,P4227500H,41.469927,-2.381972,Soliedra
42173,6,Soria,42,07,Soria,ES417,42:900,nombre,L01421736,P4227700D,41.763034,-2.464068,Soria
42174,1,Sotillo del Rincón,42,07,Soria,ES417,42:278,nombre,L01421741,P4227800B,41.935295,-2.601214,Sotillo del Rincón
42175,4,Suellacabras,42,07,Soria,ES417,42:280,nombre,L01421754,P4228000H,41.852866,-2.224114,Suellacabras
42176,7,Tajahuerce,42,07,Soria,ES417,42:281,nombre,L01421767,P4228100F,41.740375,-2.150774,Tajahuerce
42177,3,Tajueco,42,07,Soria,ES417,42:282,nombre,L01421773,P4228200D,41.536605,-2.849184,Tajueco
42178,9,Talveila,42,07,Soria,ES417,42:283,nombre,L01421789,P4228300B,41.783955,-2.966721,Talveila
42181,3,Tardelcuende,42,07,Soria,ES417,42:287,nombre,L01421813,P4228700C,41.593993,-2.644372,Tardelcuende
42182,8,Taroda,42,07,Soria,ES417,42:289,nombre,L01421828,P4228900I,41.347643,-2.433927,Taroda
42183,4,Tejado,42,07,Soria,ES417,42:290,nombre,L01421834,P4229000G,41.589385,-2.266953,Tejado
42184,9,Torlengua,42,07,Soria,ES417,42:292,nombre,L01421849,P4229200C,41.455019,-2.162946,Torlengua
42185,2,Torreblacos,42,07,Soria,ES417,42:295,nombre,L01421852,P4229500F,41.669832,-2.879071,Torreblacos
42187,1,Torrubia de Soria,42,07,Soria,ES417,42:298,nombre,L01421871,P4229800J,41.631243,-2.091219,Torrubia de Soria
42188,7,Trévago,42,07,Soria,ES417,42:299,nombre,L01421887,P4229900H,41.873964,-2.102305,Trévago
42189,0,Ucero,42,07,Soria,ES417,42:300,nombre,L01421890,P4230000D,41.716783,-3.05064,Ucero
42190,4,Vadillo,42,07,Soria,ES417,42:302,nombre,L01421904,P4230200J,41.791326,-3.008702,Vadillo
42191,1,Valdeavellano de Tera,42,07,Soria,ES417,42:304,nombre,L01421911,P4230400F,41.942712,-2.574743,Valdeavellano de Tera
42192,6,Valdegeña,42,07,Soria,ES417,42:305,nombre,L01421926,P4230500C,41.817583,-2.17408,Valdegeña
42193,2,Valdelagua del Cerro,42,07,Soria,ES417,42:306,nombre,L01421932,P4230600A,41.88808,-2.115566,Valdelagua del Cerro
42194,7,Valdemaluque,42,07,Soria,ES417,42:307,nombre,L01421947,P4230700I,41.673828,-3.045672,Valdemaluque
42195,0,Valdenebro,42,07,Soria,ES417,42:309,nombre,L01421950,P4230900E,41.570973,-2.964373,Valdenebro
42196,3,Valdeprado,42,07,Soria,ES417,42:310,nombre,L01421963,P4231000C,41.937998,-2.108757,Valdeprado
42197,9,Valderrodilla,42,07,Soria,ES417,42:311,nombre,L01421979,P4231100A,41.563554,-2.807263,Valderrodilla
42198,5,Valtajeros,42,07,Soria,ES417,42:313,nombre,L01421985,P4231300G,41.938045,-2.222474,Valtajeros
42200,2,Velamazán,42,07,Soria,ES417,42:318,nombre,L01422002,P4231800F,41.44898,-2.699183,Velamazán
42201,9,Velilla de la Sierra,42,07,Soria,ES417,42:319,nombre,L01422019,P4231900D,41.80934,-2.40262,Velilla de la Sierra
42202,4,Velilla de los Ajos,42,07,Soria,ES417,42:320,nombre,L01422024,P4232000B,41.490751,-2.255314,Velilla de los Ajos
42204,5,Viana de Duero,42,07,Soria,ES417,42:325,nombre,L01422045,P4232500A,41.534014,-2.461149,Viana de Duero
42205,8,Villaciervos,42,07,Soria,ES417,42:328,nombre,L01422058,P4232800E,41.761879,-2.628074,Villaciervos
42206,1,Villanueva de Gormaz,42,07,Soria,ES417,42:330,nombre,L01422061,P4233000A,41.46782,-3.062374,Villanueva de Gormaz
42207,7,Villar del Ala,42,07,Soria,ES417,42:331,nombre,L01422077,P4233100I,41.91623,-2.565989,Villar del Ala
42208,3,Villar del Campo,42,07,Soria,ES417,42:332,nombre,L01422083,P4233200G,41.788405,-2.149238,Villar del Campo
42209,6,Villar del Río,42,07,Soria,ES417,42:333,nombre,L01422096,P4233300E,42.075814,-2.350551,Villar del Río
42211,7,"Villares de Soria, Los",42,07,Soria,ES417,42:335,nombre,L01422117,P4233500J,41.865089,-2.355289,Los Villares de Soria
42212,2,Villasayas,42,07,Soria,ES417,42:337,nombre,L01422122,P4233700F,41.352397,-2.610947,Villasayas
42213,8,Villaseca de Arciel,42,07,Soria,ES417,42:338,nombre,L01422138,P4233800D,41.624418,-2.16158,Villaseca de Arciel
42215,6,Vinuesa,42,07,Soria,ES417,42:340,nombre,L01422156,P4234000J,41.911468,-2.763172,Vinuesa
42216,9,Vizmanos,42,07,Soria,ES417,42:341,nombre,L01422169,P4234100H,42.02322,-2.407943,Vizmanos
42217,5,Vozmediano,42,07,Soria,ES417,42:342,nombre,L01422175,P4234200F,41.837159,-1.855911,Vozmediano
42218,1,Yanguas,42,07,Soria,ES417,42:343,nombre,L01422181,P4234300D,42.101271,-2.338669,Yanguas
42219,4,Yelo,42,07,Soria,ES417,42:344,nombre,L01422194,P4234400B,41.210307,-2.527125,Yelo
43001,7,Aiguamúrcia,43,09,Tarragona,ES514,43:1,nombre,L01430017,P4300100G,41.346296,1.362703,Santes Creus
43002,2,Albinyana,43,09,Tarragona,ES514,43:2,nombre,L01430022,P4300200E,41.245633,1.486185,Albinyana
43003,8,"Albiol, L'",43,09,Tarragona,ES514,43:3,nombre,L01430038,P4300300C,41.252151,1.089269,L'Albiol
43004,3,Alcanar,43,09,Tarragona,ES514,43:4,nombre,L01430043,P4300400A,40.542861,0.481922,Alcanar
43005,6,Alcover,43,09,Tarragona,ES514,43:5,nombre,L01430056,P4300500H,41.263068,1.170245,Alcover
43006,9,Aldover,43,09,Tarragona,ES514,43:6,nombre,L01430069,P4300600F,40.879864,0.499915,Aldover
43007,5,"Aleixar, L'",43,09,Tarragona,ES514,43:7,nombre,L01430075,P4300700D,41.201729,1.046111,L'Aleixar
43008,1,Alfara de Carles,43,09,Tarragona,ES514,43:8,nombre,L01430081,P4300800B,40.872901,0.400314,Alfara de Carles
43009,4,Alforja,43,09,Tarragona,ES514,43:9,nombre,L01430094,P4300900J,41.210548,0.975389,Alforja
43010,8,Alió,43,09,Tarragona,ES514,43:10,nombre,L01430108,P4301000H,41.295161,1.306419,Alió
43011,5,Almoster,43,09,Tarragona,ES514,43:11,nombre,L01430115,P4301100F,41.198287,1.11276,Almoster
43012,0,Altafulla,43,09,Tarragona,ES514,43:12,nombre,L01430120,P4301200D,41.142327,1.376853,Altafulla
43013,6,"Ametlla de Mar, L'",43,09,Tarragona,ES514,43:13,nombre,L01430136,P4301300B,40.885346,0.803449,L'Ametlla de Mar
43014,1,Amposta,43,09,Tarragona,ES514,43:14,nombre,L01430141,P4301400J,40.713507,0.580918,Amposta
43015,4,Arbolí,43,09,Tarragona,ES514,43:15,nombre,L01430154,P4301500G,41.242168,0.948658,Arbolí
43016,7,"Arboç, L'",43,09,Tarragona,ES514,43:16,punto,L01430167,P4301600E,41.267829,1.603733,L'Arboç
43017,3,"Argentera, L'",43,09,Tarragona,ES514,43:17,nombre,L01430173,P4301700C,41.137444,0.909224,L'Argentera
43018,9,Arnes,43,09,Tarragona,ES514,43:18,nombre,L01430189,P4301800A,40.909906,0.260804,Arnes
43019,2,Ascó,43,09,Tarragona,ES514,43:19,nombre,L01430192,P4301900I,41.180967,0.567194,Ascó
43020,6,Banyeres del Penedès,43,09,Tarragona,ES514,43:20,nombre,L01430206,P4302000G,41.279414,1.580785,Banyeres del Penedès
43021,3,Barberà de la Conca,43,09,Tarragona,ES514,43:21,nombre,L01430213,P4302100E,41.410805,1.227456,Barberà de la Conca
43022,8,Batea,43,09,Tarragona,ES514,43:22,nombre,L01430228,P4302200C,41.094928,0.310767,Batea
43023,4,Bellmunt del Priorat,43,09,Tarragona,ES514,43:23,nombre,L01430234,P4302300A,41.163986,0.765337,Bellmunt del Priorat
43024,9,Bellvei,43,09,Tarragona,ES514,43:24,nombre,L01430249,P4302400I,41.241339,1.576601,Bellvei
43025,2,Benifallet,43,09,Tarragona,ES514,43:25,nombre,L01430252,P4302500F,40.974094,0.517864,Benifallet
43026,5,Benissanet,43,09,Tarragona,ES514,43:26,nombre,L01430265,P4302600D,41.05678,0.635123,Benissanet
43027,1,"Bisbal de Montsant, La",43,09,Tarragona,ES514,43:27,punto,L01430271,P4302700B,41.280384,0.723178,La Bisbal de Falset
43028,7,"Bisbal del Penedès, La",43,09,Tarragona,ES514,43:28,nombre,L01430287,P4302800J,41.280466,1.488081,La Bisbal del Penedès
43029,0,Blancafort,43,09,Tarragona,ES514,43:29,nombre,L01430290,P4302900H,41.437924,1.159263,Blancafort
43030,4,Bonastre,43,09,Tarragona,ES514,43:30,nombre,L01430304,P4303000F,41.221126,1.440039,Bonastre
43031,1,"Borges del Camp, Les",43,09,Tarragona,ES514,43:31,nombre,L01430311,P4303100D,41.17201,1.01964,Les Borges del Camp
43032,6,Bot,43,09,Tarragona,ES514,43:32,nombre,L01430326,P4303200B,41.00904,0.384805,Bot
43033,2,Botarell,43,09,Tarragona,ES514,43:33,nombre,L01430332,P4303300J,41.136161,0.98905,Botarell
43034,7,Bràfim,43,09,Tarragona,ES514,43:34,nombre,L01430347,P4303400H,41.26874,1.341094,Bràfim
43035,0,Cabacés,43,09,Tarragona,ES514,43:35,nombre,L01430350,P4303500E,41.24816,0.734697,Cabacés
43036,3,Cabra del Camp,43,09,Tarragona,ES514,43:36,nombre,L01430363,P4303600C,41.395387,1.276819,Cabra del Camp
43037,9,Calafell,43,09,Tarragona,ES514,43:37,nombre,L01430379,P4303700A,41.201,1.568709,Calafell
43038,5,Cambrils,43,09,Tarragona,ES514,43:38,nombre,L01430385,P4303800I,41.07101,1.057673,Cambrils
43039,8,Capafonts,43,09,Tarragona,ES514,43:40,nombre,L01430398,P4304000E,41.294902,1.026968,Capafonts
43040,2,Capçanes,43,09,Tarragona,ES514,43:41,nombre,L01430402,P4304100C,41.099747,0.781651,Capçanes
43041,9,Caseres,43,09,Tarragona,ES514,43:42,nombre,L01430419,P4304200A,41.038602,0.250533,Caseres
43042,4,Castellvell del Camp,43,09,Tarragona,ES514,43:43,nombre,L01430424,P4304300I,41.180865,1.096879,Castellvell del Camp
43043,0,"Catllar, El",43,09,Tarragona,ES514,43:44,nombre,L01430430,P4304400G,41.175418,1.326283,El Catllar
43044,5,"Sénia, La",43,09,Tarragona,ES514,43:45,nombre,L01430445,P4304500D,40.633327,0.285214,La Sénia
43045,8,Colldejou,43,09,Tarragona,ES514,43:46,nombre,L01430458,P4304600B,41.099863,0.888317,Colldejou
43046,1,Conesa,43,09,Tarragona,ES514,43:47,nombre,L01430461,P4304700J,41.51861,1.291059,Conesa
43047,7,Constantí,43,09,Tarragona,ES514,43:48,nombre,L01430477,P4304800H,41.153178,1.21379,Constantí
43048,3,Corbera d'Ebre,43,09,Tarragona,ES514,43:49,nombre,L01430483,P4304900F,41.077737,0.478135,Corbera d'Ebre
43049,6,Cornudella de Montsant,43,09,Tarragona,ES514,43:50,nombre,L01430496,P4305000D,41.264659,0.905152,Cornudella de Montsant
43050,9,Creixell,43,09,Tarragona,ES514,43:51,nombre,L01430509,P4305100B,41.168075,1.440525,Creixell
43051,6,Cunit,43,09,Tarragona,ES514,43:52,nombre,L01430516,P4305200J,41.198166,1.634713,Cunit
43052,1,Xerta,43,09,Tarragona,ES514,43:53,nombre,L01430521,P4305300H,40.90685,0.490637,Xerta
43053,7,Duesaigües,43,09,Tarragona,ES514,43:54,nombre,L01430537,P4305400F,41.146092,0.930705,Duesaigües
43054,2,"Espluga de Francolí, L'",43,09,Tarragona,ES514,43:55,nombre,L01430542,P4305500C,41.396554,1.104462,L'Espluga de Francolí
43055,5,Falset,43,09,Tarragona,ES514,43:56,nombre,L01430555,P4305600A,41.146144,0.820125,Falset
43056,8,"Fatarella, La",43,09,Tarragona,ES514,43:57,nombre,L01430568,P4305700I,41.162374,0.473003,La Fatarella
43057,4,"Febró, La",43,09,Tarragona,ES514,43:58,nombre,L01430574,P4305800G,41.277172,1.004839,La Febró
43058,0,"Figuera, La",43,09,Tarragona,ES514,43:59,nombre,L01430580,P4305900E,41.216293,0.731567,La Figuera
43059,3,Figuerola del Camp,43,09,Tarragona,ES514,43:60,nombre,L01430593,P4306000C,41.371455,1.264897,Figuerola del Camp
43060,7,Flix,43,09,Tarragona,ES514,43:61,nombre,L01430607,P4306100A,41.231181,0.549881,Flix
43061,4,Forès,43,09,Tarragona,ES514,43:62,nombre,L01430614,P4306200I,41.493352,1.235497,Forès
43062,9,Freginals,43,09,Tarragona,ES514,43:63,nombre,L01430629,P4306300G,40.671684,0.519778,Freginals
43063,5,"Galera, La",43,09,Tarragona,ES514,43:64,nombre,L01430635,P4306400E,40.68159,0.463748,La Galera
43064,0,Gandesa,43,09,Tarragona,ES514,43:65,nombre,L01430640,P4306500B,41.052018,0.438997,Gandesa
43065,3,Garcia,43,09,Tarragona,ES514,43:66,nombre,L01430653,P4306600J,41.136677,0.648886,Garcia
43066,6,"Garidells, Els",43,09,Tarragona,ES514,43:67,nombre,L01430666,P4306700H,41.207313,1.247396,Els Garidells
43067,2,Ginestar,43,09,Tarragona,ES514,43:68,nombre,L01430672,P4306800F,41.042267,0.634406,Ginestar
43068,8,Godall,43,09,Tarragona,ES514,43:69,nombre,L01430688,P4306900D,40.655568,0.468426,Godall
43069,1,Gratallops,43,09,Tarragona,ES514,43:70,nombre,L01430691,P4307000B,41.193368,0.776997,Gratallops
43070,5,"Guiamets, Els",43,09,Tarragona,ES514,43:71,nombre,L01430705,P4307100J,41.10196,0.752148,Els Guiamets
43071,2,Horta de Sant Joan,43,09,Tarragona,ES514,43:72,nombre,L01430712,P4307200H,40.953819,0.316856,Horta de Sant Joan
43072,7,"Lloar, El",43,09,Tarragona,ES514,43:73,nombre,L01430727,P4307300F,41.185842,0.751012,El Lloar
43073,3,Llorac,43,09,Tarragona,ES514,43:74,nombre,L01430733,P4307400D,41.556668,1.307596,Llorac
43074,8,Llorenç del Penedès,43,09,Tarragona,ES514,43:75,nombre,L01430748,P4307500A,41.281808,1.551554,Llorenç del Penedès
43075,1,Margalef,43,09,Tarragona,ES514,43:76,nombre,L01430751,P4307600I,41.28445,0.753746,Margalef
43076,4,Marçà,43,09,Tarragona,ES514,43:77,nombre,L01430764,P4307700G,41.126694,0.803127,Marçà
43077,0,Mas de Barberans,43,09,Tarragona,ES514,43:78,nombre,L01430770,P4307800E,40.735751,0.373912,Mas de Barberans
43078,6,Masdenverge,43,09,Tarragona,ES514,43:79,nombre,L01430786,P4307900C,40.715505,0.531038,Masdenverge
43079,9,Masllorenç,43,09,Tarragona,ES514,43:80,nombre,L01430799,P4308000A,41.268838,1.413065,Masllorenç
43080,3,"Masó, La",43,09,Tarragona,ES514,43:81,nombre,L01430803,P4308100I,41.234548,1.222013,la Masó
43081,0,Maspujols,43,09,Tarragona,ES514,43:82,nombre,L01430810,P4308200G,41.181885,1.045776,Maspujols
43082,5,"Masroig, El",43,09,Tarragona,ES514,43:83,nombre,L01430825,P4308300E,41.12557,0.731136,El Masroig
43083,1,"Milà, El",43,09,Tarragona,ES514,43:84,nombre,L01430831,P4308400C,41.248552,1.206515,El Milà
43084,6,Miravet,43,09,Tarragona,ES514,43:85,nombre,L01430846,P4308500J,41.037975,0.597706,Miravet
43085,9,"Molar, El",43,09,Tarragona,ES514,43:86,nombre,L01430859,P4308600H,41.163305,0.70612,El Molar
43086,2,Montblanc,43,09,Tarragona,ES514,43:87,nombre,L01430862,P4308700F,41.376723,1.16133,Montblanc
43088,4,Montbrió del Camp,43,09,Tarragona,ES514,43:89,nombre,L01430884,P4308900B,41.120835,1.00339,Montbrió del Camp
43089,7,Montferri,43,09,Tarragona,ES514,43:90,nombre,L01430897,P4309000J,41.265437,1.365265,Montferri
43090,1,"Montmell, El",43,09,Tarragona,ES514,43:91,nombre,L01430901,P4309100H,41.315573,1.453545,la Joncosa del Montmell
43091,8,Mont-ral,43,09,Tarragona,ES514,43:92,nombre,L01430918,P4309200F,41.286903,1.097014,Mont-ral
43092,3,Mont-roig del Camp,43,09,Tarragona,ES514,43:93,nombre,L01430923,P4309300D,41.082844,0.95863,Mont-roig del Camp
43093,9,Móra d'Ebre,43,09,Tarragona,ES514,43:94,nombre,L01430939,P4309400B,41.093294,0.641738,Móra d'Ebre
43094,4,Móra la Nova,43,09,Tarragona,ES514,43:95,nombre,L01430944,P4309500I,41.100261,0.650942,Móra la Nova
43095,7,"Morell, El",43,09,Tarragona,ES514,43:96,nombre,L01430957,P4309600G,41.192155,1.208594,El Morell
43096,0,"Morera de Montsant, La",43,09,Tarragona,ES514,43:97,nombre,L01430960,P4309700E,41.264848,0.84187,La Morera de Montsant
43097,6,"Nou de Gaià, La",43,09,Tarragona,ES514,43:99,nombre,L01430976,P4309900A,41.183017,1.373228,La Nou de Gaià
43098,2,Nulles,43,09,Tarragona,ES514,43:100,nombre,L01430982,P4310000G,41.249516,1.295275,Nulles
43099,5,"Palma d'Ebre, La",43,09,Tarragona,ES514,43:101,nombre,L01430995,P4310100E,41.282901,0.665725,La Palma d'Ebre
43100,9,"Pallaresos, Els",43,09,Tarragona,ES514,43:102,nombre,L01431009,P4310200C,41.173961,1.272584,Els Pallaresos
43101,6,Passanant i Belltall,43,09,Tarragona,ES514,43:103,nombre,L01431016,P4310300A,41.531889,1.197072,Passanant
43102,1,Paüls,43,09,Tarragona,ES514,43:104,nombre,L01431021,P4310400I,40.922461,0.400171,Paüls
43103,7,Perafort,43,09,Tarragona,ES514,43:105,nombre,L01431037,P4310500F,41.190131,1.255221,Perafort
43104,2,"Perelló, El",43,09,Tarragona,ES514,43:106,nombre,L01431042,P4310600D,40.875182,0.712378,El Perelló
43105,5,"Piles, Les",43,09,Tarragona,ES514,43:107,nombre,L01431055,P4310700B,41.503819,1.342432,Les Piles
43106,8,"Pinell de Brai, El",43,09,Tarragona,ES514,43:108,nombre,L01431068,P4310800J,41.017778,0.515712,El Pinell de Brai
43107,4,Pira,43,09,Tarragona,ES514,43:109,nombre,L01431074,P4310900H,41.423976,1.20232,Pira
43108,0,"Pla de Santa Maria, El",43,09,Tarragona,ES514,43:110,nombre,L01431080,P4311000F,41.365375,1.288746,El Pla de Santa Maria
43109,3,"Pobla de Mafumet, La",43,09,Tarragona,ES514,43:111,nombre,L01431093,P4311100D,41.187706,1.209218,La Pobla de Mafumet
43110,7,"Pobla de Massaluca, La",43,09,Tarragona,ES514,43:112,nombre,L01431107,P4311200B,41.180303,0.353586,La Pobla de Massaluca
43111,4,"Pobla de Montornès, La",43,09,Tarragona,ES514,43:113,nombre,L01431114,P4311300J,41.178827,1.414571,La Pobla de Montornès
43112,9,Poboleda,43,09,Tarragona,ES514,43:114,nombre,L01431129,P4311400H,41.232623,0.845197,Poboleda
43113,5,"Pont d'Armentera, El",43,09,Tarragona,ES514,43:115,nombre,L01431135,P4311500E,41.383765,1.362923,El Pont d'Armentera
43114,0,Porrera,43,09,Tarragona,ES514,43:116,nombre,L01431140,P4311600C,41.188762,0.85621,Porrera
43115,3,Pradell de la Teixeta,43,09,Tarragona,ES514,43:117,nombre,L01431153,P4311700A,41.156275,0.875514,Pradell de la Teixeta
43116,6,Prades,43,09,Tarragona,ES514,43:118,nombre,L01431166,P4311800I,41.309823,0.988206,Prades
43117,2,Prat de Comte,43,09,Tarragona,ES514,43:119,nombre,L01431172,P4311900G,40.983734,0.405064,Prat de Comte
43118,8,Pratdip,43,09,Tarragona,ES514,43:120,nombre,L01431188,P4312000E,41.051534,0.871623,Pratdip
43119,1,Puigpelat,43,09,Tarragona,ES514,43:121,nombre,L01431191,P4312100C,41.279793,1.296984,Puigpelat
43120,5,Querol,43,09,Tarragona,ES514,43:122,nombre,L01431205,P4312200A,41.422689,1.397228,Querol
43121,2,Rasquera,43,09,Tarragona,ES514,43:123,nombre,L01431212,P4312300I,41.001321,0.597191,Rasquera
43122,7,Renau,43,09,Tarragona,ES514,43:124,nombre,L01431227,P4312400G,41.224396,1.311588,Renau
43123,3,Reus,43,09,Tarragona,ES514,43:125,nombre,L01431233,P4312500D,41.155449,1.108826,Reus
43124,8,"Riba, La",43,09,Tarragona,ES514,43:126,nombre,L01431248,P4312600B,41.318374,1.177896,La Riba
43125,1,Riba-roja d'Ebre,43,09,Tarragona,ES514,43:127,nombre,L01431251,P4312700J,41.25094,0.487748,Riba-roja d'Ebre
43126,4,"Riera de Gaià, La",43,09,Tarragona,ES514,43:128,nombre,L01431264,P4312800H,41.164959,1.361684,La Riera de Gaià
43127,0,Riudecanyes,43,09,Tarragona,ES514,43:129,nombre,L01431270,P4312900F,41.130042,0.960932,Riudecanyes
43128,6,Riudecols,43,09,Tarragona,ES514,43:130,nombre,L01431286,P4313000D,41.168911,0.97634,Riudecols
43129,9,Riudoms,43,09,Tarragona,ES514,43:131,nombre,L01431299,P4313100B,41.137728,1.050838,Riudoms
43130,3,Rocafort de Queralt,43,09,Tarragona,ES514,43:132,nombre,L01431303,P4313200J,41.477445,1.280741,Rocafort de Queralt
43131,0,Roda de Berà,43,09,Tarragona,ES514,43:133,nombre,L01431310,P4313300H,41.186029,1.456882,Roda de Berà
43132,5,Rodonyà,43,09,Tarragona,ES514,43:134,nombre,L01431325,P4313400F,41.27999,1.399151,Rodonyà
43133,1,Roquetes,43,09,Tarragona,ES514,43:135,nombre,L01431331,P4313500C,40.818448,0.50304,Roquetes
43134,6,"Rourell, El",43,09,Tarragona,ES514,43:136,nombre,L01431346,P4313600A,41.224947,1.217778,El Rourell
43135,9,Salomó,43,09,Tarragona,ES514,43:137,nombre,L01431359,P4313700I,41.228975,1.374803,Salomó
43136,2,"Ràpita, La",43,09,Tarragona,ES514,43:138,punto,L01431362,P4313800G,40.620299,0.592405,La Ràpita
43137,8,Sant Jaume dels Domenys,43,09,Tarragona,ES514,43:139,nombre,L01431378,P4313900E,41.299117,1.558883,Sant Jaume dels Domenys
43138,4,Santa Bàrbara,43,09,Tarragona,ES514,43:140,nombre,L01431384,P4314000C,40.71435,0.492825,Santa Bàrbara
43139,7,Santa Coloma de Queralt,43,09,Tarragona,ES514,43:141,nombre,L01431397,P4314100A,41.532368,1.383542,Santa Coloma de Queralt
43140,1,Santa Oliva,43,09,Tarragona,ES514,43:142,nombre,L01431401,P4314200I,41.25321,1.550922,Santa Oliva
43141,8,Pontils,43,09,Tarragona,ES514,43:143,nombre,L01431418,P4314300G,41.477322,1.387917,Pontils
43142,3,Sarral,43,09,Tarragona,ES514,43:144,nombre,L01431423,P4314400E,41.444258,1.248866,Sarral
43143,9,Savallà del Comtat,43,09,Tarragona,ES514,43:145,nombre,L01431439,P4314500B,41.543107,1.299592,Savallà del Comtat
43144,4,"Secuita, La",43,09,Tarragona,ES514,43:146,nombre,L01431444,P4314600J,41.203241,1.279348,La Secuita
43145,7,"Selva del Camp, La",43,09,Tarragona,ES514,43:147,nombre,L01431457,P4314700H,41.215126,1.136908,La Selva del Camp
43146,0,Senan,43,09,Tarragona,ES514,43:148,nombre,L01431460,P4314800F,41.46997,1.08825,Senan
43147,6,Solivella,43,09,Tarragona,ES514,43:149,nombre,L01431476,P4314900D,41.455973,1.177817,Solivella
43148,2,Tarragona,43,09,Tarragona,ES514,43:900,nombre,L01431482,P4315000B,41.117453,1.254162,Tarragona
43149,5,Tivenys,43,09,Tarragona,ES514,43:151,nombre,L01431495,P4315100J,40.906985,0.511678,Tivenys
43150,8,Tivissa,43,09,Tarragona,ES514,43:152,nombre,L01431508,P4315200H,41.042603,0.732597,Tivissa
43151,5,"Torre de Fontaubella, La",43,09,Tarragona,ES514,43:153,nombre,L01431515,P4315300F,41.124395,0.864171,La Torre de Fontaubella
43152,0,"Torre de l'Espanyol, La",43,09,Tarragona,ES514,43:154,nombre,L01431520,P4315400D,41.19136,0.624845,La Torre de l'Espanyol
43153,6,Torredembarra,43,09,Tarragona,ES514,43:155,nombre,L01431536,P4315500A,41.146074,1.396031,Torredembarra
43154,1,Torroja del Priorat,43,09,Tarragona,ES514,43:156,nombre,L01431541,P4315600I,41.213872,0.810158,Torroja del Priorat
43155,4,Tortosa,43,09,Tarragona,ES514,43:157,nombre,L01431554,P4315700G,40.810901,0.521017,Tortosa
43156,7,Ulldecona,43,09,Tarragona,ES514,43:158,nombre,L01431567,P4315800E,40.598139,0.448618,Ulldecona
43157,3,Ulldemolins,43,09,Tarragona,ES514,43:159,nombre,L01431573,P4315900C,41.32269,0.876289,Ulldemolins
43158,9,Vallclara,43,09,Tarragona,ES514,43:160,nombre,L01431589,P4316000A,41.377058,0.981698,Vallclara
43159,2,Vallfogona de Riucorb,43,09,Tarragona,ES514,43:161,nombre,L01431592,P4316100I,41.562714,1.236168,Vallfogona de Riucorb
43160,6,Vallmoll,43,09,Tarragona,ES514,43:162,nombre,L01431606,P4316200G,41.242621,1.248895,Vallmoll
43161,3,Valls,43,09,Tarragona,ES514,43:163,nombre,L01431613,P4316300E,41.284374,1.247648,Valls
43162,8,Vandellòs i l'Hospitalet de l'Infant,43,09,Tarragona,ES514,43:164,nombre,L01431628,P4316400C,41.019963,0.831567,Vandellòs
43163,4,"Vendrell, El",43,09,Tarragona,ES514,43:165,nombre,L01431634,P4316500J,41.220026,1.534844,El Vendrell
43164,9,Vespella de Gaià,43,09,Tarragona,ES514,43:166,nombre,L01431649,P4316600H,41.195273,1.362386,Vespella de Gaià
43165,2,Vilabella,43,09,Tarragona,ES514,43:167,nombre,L01431652,P4316700F,41.24677,1.32982,Vilabella
43166,5,Vilallonga del Camp,43,09,Tarragona,ES514,43:168,nombre,L01431665,P4316800D,41.211391,1.205914,Vilallonga del Camp
43167,1,Vilanova d'Escornalbou,43,09,Tarragona,ES514,43:169,nombre,L01431671,P4316900B,41.112968,0.936632,Vilanova d'Escornalbou
43168,7,Vilanova de Prades,43,09,Tarragona,ES514,43:170,nombre,L01431687,P4317000J,41.34808,0.956001,Vilanova de Prades
43169,0,Vilaplana,43,09,Tarragona,ES514,43:171,nombre,L01431690,P4317100H,41.228526,1.033038,Vilaplana
43170,4,Vila-rodona,43,09,Tarragona,ES514,43:172,nombre,L01431704,P4317200F,41.310907,1.357874,Vila-rodona
43171,1,Vila-seca,43,09,Tarragona,ES514,43:173,nombre,L01431711,P4317300D,41.110838,1.144841,Vila-seca
43172,6,Vilaverd,43,09,Tarragona,ES514,43:174,nombre,L01431726,P4317400B,41.337381,1.177311,Vilaverd
43173,2,"Vilella Alta, La",43,09,Tarragona,ES514,43:175,nombre,L01431732,P4317500I,41.224561,0.781136,La Vilella Alta
43174,7,"Vilella Baixa, La",43,09,Tarragona,ES514,43:176,nombre,L01431747,P4317600G,41.220556,0.761878,La Vilella Baixa
43175,0,Vilalba dels Arcs,43,09,Tarragona,ES514,43:177,nombre,L01431750,P4317700E,41.121063,0.41008,Vilalba dels Arcs
43176,3,Vimbodí i Poblet,43,09,Tarragona,ES514,43:178,nombre,L01431763,P4317800C,41.40028,1.050974,Vimbodí
43177,9,Vinebre,43,09,Tarragona,ES514,43:179,nombre,L01431779,P4317900A,41.184226,0.590654,Vinebre
43178,5,Vinyols i els Arcs,43,09,Tarragona,ES514,43:180,nombre,L01431785,P4318000I,41.113744,1.03925,Vinyols
43901,8,Deltebre,43,09,Tarragona,ES514,43:181,nombre,L01439018,P4318100G,40.719295,0.72258,Deltebre
43902,3,Sant Jaume d'Enveja,43,09,Tarragona,ES514,43:182,nombre,L01439023,P4318200E,40.70707,0.719162,Sant Jaume d'Enveja
43903,9,Camarles,43,09,Tarragona,ES514,43:183,nombre,L01439039,P4318300C,40.771739,0.670982,Camarles
43904,4,"Aldea, L'",43,09,Tarragona,ES514,43:184,nombre,L01439044,P4318400A,40.745766,0.620134,L'Aldea
43905,7,Salou,43,09,Tarragona,ES514,43:185,nombre,L01439057,P4318500H,41.081949,1.135397,Salou
43906,0,"Ampolla, L'",43,09,Tarragona,ES514,43:186,nombre,L01439060,P4318600F,40.814379,0.714511,L'Ampolla
43907,6,"Canonja, La",43,09,Tarragona,ES514,43:39,nombre,L01439076,P4300080A,41.122893,1.179005,La Canonja
44001,2,Ababuj,44,02,Teruel,ES242,44:1,nombre,L01440012,P4400100F,40.548904,-0.80797,Ababuj
44002,7,Abejuela,44,02,Teruel,ES242,44:2,nombre,L01440027,P4400200D,39.909781,-0.893336,Abejuela
44003,3,Aguatón,44,02,Teruel,ES242,44:3,nombre,L01440033,P4400300B,40.671368,-1.234568,Aguatón
44004,8,Aguaviva,44,02,Teruel,ES242,44:4,nombre,L01440048,P4400400J,40.822698,-0.19659,Aguaviva
44005,1,Aguilar del Alfambra,44,02,Teruel,ES242,44:5,nombre,L01440051,P4400500G,40.589318,-0.795648,Aguilar del Alfambra
44006,4,Alacón,44,02,Teruel,ES242,44:6,nombre,L01440064,P4400600E,41.023175,-0.696909,Alacón
44007,0,Alba,44,02,Teruel,ES242,44:7,nombre,L01440070,P4400700C,40.617967,-1.34627,Alba
44008,6,Albalate del Arzobispo,44,02,Teruel,ES242,44:8,nombre,L01440086,P4400800A,41.121065,-0.511227,Albalate del Arzobispo
44009,9,Albarracín,44,02,Teruel,ES242,44:9,nombre,L01440099,P4400900I,40.40767,-1.443274,Albarracín
44010,3,Albentosa,44,02,Teruel,ES242,44:10,nombre,L01440103,P4401000G,40.103622,-0.768787,Albentosa
44011,0,Alcaine,44,02,Teruel,ES242,44:11,nombre,L01440110,P4401100E,40.953109,-0.70502,Alcaine
44012,5,Alcalá de la Selva,44,02,Teruel,ES242,44:12,nombre,L01440125,P4401200C,40.372302,-0.720111,Alcalá de la Selva
44013,1,Alcañiz,44,02,Teruel,ES242,44:13,nombre,L01440131,P4401300A,41.050323,-0.132664,Alcañiz
44014,6,Alcorisa,44,02,Teruel,ES242,44:14,nombre,L01440146,P4401400I,40.891982,-0.38119,Alcorisa
44016,2,Alfambra,44,02,Teruel,ES242,44:16,nombre,L01440162,P4401600D,40.547503,-1.032885,Alfambra
44017,8,Aliaga,44,02,Teruel,ES242,44:17,nombre,L01440178,P4401700B,40.674725,-0.70228,Aliaga
44018,4,Almohaja,44,02,Teruel,ES242,44:18,nombre,L01440184,P4401800J,40.605455,-1.437913,Almohaja
44019,7,Alobras,44,02,Teruel,ES242,44:19,nombre,L01440197,P4401900H,40.181141,-1.387949,Alobras
44020,1,Alpeñés,44,02,Teruel,ES242,44:20,nombre,L01440201,P4402000F,40.798857,-1.065847,Alpeñés
44021,8,Allepuz,44,02,Teruel,ES242,44:21,nombre,L01440218,P4402100D,40.49207,-0.728104,Allepuz
44022,3,Alloza,44,02,Teruel,ES242,44:22,nombre,L01440223,P4402200B,40.967572,-0.530074,Alloza
44023,9,Allueva,44,02,Teruel,ES242,44:23,nombre,L01440239,P4402300J,40.986208,-1.043459,Allueva
44024,4,Anadón,44,02,Teruel,ES242,44:24,nombre,L01440244,P4402400H,40.982699,-0.983372,Anadón
44025,7,Andorra,44,02,Teruel,ES242,44:25,nombre,L01440257,P4402500E,40.974975,-0.444052,Andorra
44026,0,Arcos de las Salinas,44,02,Teruel,ES242,44:26,nombre,L01440260,P4402600C,39.992489,-1.043,Arcos de las Salinas
44027,6,Arens de Lledó,44,02,Teruel,ES242,44:27,nombre,L01440276,P4402700A,40.992532,0.270928,Arens de Lledó
44028,2,Argente,44,02,Teruel,ES242,44:28,nombre,L01440282,P4402800I,40.688464,-1.162851,Argente
44029,5,Ariño,44,02,Teruel,ES242,44:29,nombre,L01440295,P4402900G,41.030295,-0.591545,Ariño
44031,6,Azaila,44,02,Teruel,ES242,44:31,nombre,L01440316,P4403100C,41.29202,-0.493529,Azaila
44032,1,Bádenas,44,02,Teruel,ES242,44:32,nombre,L01440321,P4403200A,41.092309,-1.121402,Bádenas
44033,7,Báguena,44,02,Teruel,ES242,44:33,nombre,L01440337,P4403300I,41.040408,-1.357091,Báguena
44034,2,Bañón,44,02,Teruel,ES242,44:34,nombre,L01440342,P4403400G,40.839314,-1.190534,Bañón
44035,5,Barrachina,44,02,Teruel,ES242,44:35,nombre,L01440355,P4403500D,40.89718,-1.139718,Barrachina
44036,8,Bea,44,02,Teruel,ES242,44:36,nombre,L01440368,P4403600B,41.035858,-1.148343,Bea
44037,4,Beceite,44,02,Teruel,ES242,44:37,nombre,L01440374,P4403700J,40.831762,0.182513,Beceite
44038,0,Belmonte de San José,44,02,Teruel,ES242,44:38,nombre,L01440380,P4403800H,40.874614,-0.062844,Belmonte de San José
44039,3,Bello,44,02,Teruel,ES242,44:39,nombre,L01440393,P4403900F,40.922106,-1.499489,Bello
44040,7,Berge,44,02,Teruel,ES242,44:40,nombre,L01440407,P4404000D,40.857326,-0.426483,Berge
44041,4,Bezas,44,02,Teruel,ES242,44:41,nombre,L01440414,P4404100B,40.330647,-1.323762,Bezas
44042,9,Blancas,44,02,Teruel,ES242,44:42,nombre,L01440429,P4404200J,40.814119,-1.481607,Blancas
44043,5,Blesa,44,02,Teruel,ES242,44:43,nombre,L01440435,P4404300H,41.051684,-0.885168,Blesa
44044,0,Bordón,44,02,Teruel,ES242,44:44,nombre,L01440440,P4404400F,40.686599,-0.321621,Bordón
44045,3,Bronchales,44,02,Teruel,ES242,44:45,nombre,L01440453,P4404500C,40.509748,-1.588285,Bronchales
44046,6,Bueña,44,02,Teruel,ES242,44:46,nombre,L01440466,P4404600A,40.708544,-1.267347,Bueña
44047,2,Burbáguena,44,02,Teruel,ES242,44:47,nombre,L01440472,P4404700I,41.018388,-1.339951,Burbáguena
44048,8,Cabra de Mora,44,02,Teruel,ES242,44:48,nombre,L01440488,P4404800G,40.317365,-0.807346,Cabra de Mora
44049,1,Calaceite,44,02,Teruel,ES242,44:49,nombre,L01440491,P4404900E,41.016299,0.187724,Calaceite
44050,4,Calamocha,44,02,Teruel,ES242,44:50,nombre,L01440504,P4405000C,40.919918,-1.30023,Calamocha
44051,1,Calanda,44,02,Teruel,ES242,44:51,nombre,L01440511,P4405100A,40.938993,-0.231169,Calanda
44052,6,Calomarde,44,02,Teruel,ES242,44:52,nombre,L01440526,P4405200I,40.372709,-1.575616,Calomarde
44053,2,Camañas,44,02,Teruel,ES242,44:53,nombre,L01440532,P4405300G,40.643174,-1.138246,Camañas
44054,7,Camarena de la Sierra,44,02,Teruel,ES242,44:54,nombre,L01440547,P4405400E,40.148536,-1.040882,Camarena de la Sierra
44055,0,Camarillas,44,02,Teruel,ES242,44:55,nombre,L01440550,P4405500B,40.611211,-0.754623,Camarillas
44056,3,Caminreal,44,02,Teruel,ES242,44:56,nombre,L01440563,P4405600J,40.838284,-1.32525,Caminreal
44059,8,Cantavieja,44,02,Teruel,ES242,44:59,nombre,L01440598,P4405900D,40.524796,-0.405094,Cantavieja
44060,2,Cañada de Benatanduz,44,02,Teruel,ES242,44:60,nombre,L01440602,P4406000B,40.578839,-0.537377,Cañada de Benatanduz
44061,9,"Cañada de Verich, La",44,02,Teruel,ES242,44:61,nombre,L01440619,P4406100J,40.865986,-0.098848,La Cañada de Verich
44062,4,Cañada Vellida,44,02,Teruel,ES242,44:62,nombre,L01440624,P4406200H,40.707734,-0.915057,Cañada Vellida
44063,0,Cañizar del Olivar,44,02,Teruel,ES242,44:63,nombre,L01440630,P4406300F,40.816715,-0.644787,Cañizar del Olivar
44064,5,Cascante del Río,44,02,Teruel,ES242,44:64,nombre,L01440645,P4406400D,40.195344,-1.113524,Cascante del Río
44065,8,Castejón de Tornos,44,02,Teruel,ES242,44:65,nombre,L01440658,P4406500A,40.996789,-1.427368,Castejón de Tornos
44066,1,Castel de Cabra,44,02,Teruel,ES242,44:66,nombre,L01440661,P4406600I,40.802615,-0.695541,Castel de Cabra
44067,7,Castelnou,44,02,Teruel,ES242,44:67,nombre,L01440677,P4406700G,41.228943,-0.363879,Castelnou
44068,3,Castelserás,44,02,Teruel,ES242,44:68,nombre,L01440683,P4406800E,40.981215,-0.146182,Castelserás
44070,0,"Castellar, El",44,02,Teruel,ES242,44:70,nombre,L01440700,P4407000A,40.365069,-0.817564,El Castellar
44071,7,Castellote,44,02,Teruel,ES242,44:71,nombre,L01440717,P4407100I,40.799766,-0.321224,Castellote
44074,3,Cedrillas,44,02,Teruel,ES242,44:74,nombre,L01440743,P4407400C,40.435816,-0.85275,Cedrillas
44075,6,Celadas,44,02,Teruel,ES242,44:75,nombre,L01440756,P4407500J,40.474632,-1.150982,Celadas
44076,9,Cella,44,02,Teruel,ES242,44:76,nombre,L01440769,P4407600H,40.454415,-1.286789,Cella
44077,5,"Cerollera, La",44,02,Teruel,ES242,44:77,nombre,L01440775,P4407700F,40.840001,-0.054917,La Cerollera
44080,8,"Codoñera, La",44,02,Teruel,ES242,44:81,nombre,L01440808,P4408100H,40.933565,-0.086371,La Codoñera
44082,0,Corbalán,44,02,Teruel,ES242,44:84,nombre,L01440820,P4408400B,40.40314,-0.984924,Corbalán
44084,1,Cortes de Aragón,44,02,Teruel,ES242,44:86,nombre,L01440841,P4408600G,40.973899,-0.835348,Cortes de Aragón
44085,4,Cosa,44,02,Teruel,ES242,44:87,nombre,L01440854,P4408700E,40.833805,-1.135793,Cosa
44086,7,Cretas,44,02,Teruel,ES242,44:88,nombre,L01440867,P4408800C,40.927819,0.210666,Cretas
44087,3,Crivillén,44,02,Teruel,ES242,44:89,nombre,L01440873,P4408900A,40.883133,-0.576738,Crivillén
44088,9,"Cuba, La",44,02,Teruel,ES242,44:90,nombre,L01440889,P4409000I,40.591352,-0.297641,La Cuba
44089,2,Cubla,44,02,Teruel,ES242,44:91,nombre,L01440892,P4409100G,40.210834,-1.078984,Cubla
44090,6,Cucalón,44,02,Teruel,ES242,44:92,nombre,L01440906,P4409200E,41.086219,-1.215283,Cucalón
44092,8,"Cuervo, El",44,02,Teruel,ES242,44:94,nombre,L01440928,P4409400A,40.151397,-1.325041,El Cuervo
44093,4,Cuevas de Almudén,44,02,Teruel,ES242,44:95,nombre,L01440934,P4409500H,40.714148,-0.83001,Cuevas de Almudén
44094,9,Cuevas Labradas,44,02,Teruel,ES242,44:98,nombre,L01440949,P4409800B,40.453558,-1.051347,Cuevas Labradas
44096,5,Ejulve,44,02,Teruel,ES242,44:101,nombre,L01440965,P4410100D,40.775272,-0.554423,Ejulve
44097,1,Escorihuela,44,02,Teruel,ES242,44:102,nombre,L01440971,P4410200B,40.545995,-0.973048,Escorihuela
44099,0,Escucha,44,02,Teruel,ES242,44:104,nombre,L01440990,P4410400H,40.793833,-0.811849,Escucha
44100,4,Estercuel,44,02,Teruel,ES242,44:105,nombre,L01441004,P4410500E,40.855013,-0.6312,Estercuel
44101,1,Ferreruela de Huerva,44,02,Teruel,ES242,44:106,nombre,L01441011,P4410600C,41.063635,-1.23355,Ferreruela de Huerva
44102,6,Fonfría,44,02,Teruel,ES242,44:107,nombre,L01441026,P4410700A,40.995608,-1.084563,Fonfría
44103,2,Formiche Alto,44,02,Teruel,ES242,44:108,nombre,L01441032,P4410800I,40.324429,-0.893744,Formiche Alto
44105,0,Fórnoles,44,02,Teruel,ES242,44:110,nombre,L01441050,P4411000E,40.893844,-0.003917,Fórnoles
44106,3,Fortanete,44,02,Teruel,ES242,44:111,nombre,L01441063,P4411100C,40.505524,-0.522596,Fortanete
44107,9,Foz-Calanda,44,02,Teruel,ES242,44:112,nombre,L01441079,P4411200A,40.922371,-0.266982,Foz-Calanda
44108,5,"Fresneda, La",44,02,Teruel,ES242,44:113,nombre,L01441085,P4411300I,40.928499,0.074363,La Fresneda
44109,8,Frías de Albarracín,44,02,Teruel,ES242,44:114,nombre,L01441098,P4411400G,40.338067,-1.614358,Frías de Albarracín
44110,2,Fuenferrada,44,02,Teruel,ES242,44:115,nombre,L01441102,P4411500D,40.869296,-1.012042,Fuenferrada
44111,9,Fuentes Calientes,44,02,Teruel,ES242,44:116,nombre,L01441119,P4411600B,40.700689,-0.97846,Fuentes Calientes
44112,4,Fuentes Claras,44,02,Teruel,ES242,44:117,nombre,L01441124,P4411700J,40.864967,-1.323885,Fuentes Claras
44113,0,Fuentes de Rubielos,44,02,Teruel,ES242,44:118,nombre,L01441130,P4411800H,40.169368,-0.618229,Fuentes de Rubielos
44114,5,Fuentespalda,44,02,Teruel,ES242,44:119,nombre,L01441145,P4411900F,40.806758,0.064258,Fuentespalda
44115,8,Galve,44,02,Teruel,ES242,44:120,nombre,L01441158,P4412000D,40.655239,-0.88136,Galve
44116,1,Gargallo,44,02,Teruel,ES242,44:121,nombre,L01441161,P4412100B,40.836106,-0.583954,Gargallo
44117,7,Gea de Albarracín,44,02,Teruel,ES242,44:122,nombre,L01441177,P4412200J,40.410698,-1.34643,Gea de Albarracín
44118,3,"Ginebrosa, La",44,02,Teruel,ES242,44:123,nombre,L01441183,P4412300H,40.870256,-0.133906,La Ginebrosa
44119,6,Griegos,44,02,Teruel,ES242,44:125,nombre,L01441196,P4412500C,40.426903,-1.71195,Griegos
44120,0,Guadalaviar,44,02,Teruel,ES242,44:126,nombre,L01441200,P4412600A,40.388073,-1.717793,Guadalaviar
44121,7,Gúdar,44,02,Teruel,ES242,44:127,nombre,L01441217,P4412700I,40.441395,-0.720688,Gúdar
44122,2,Híjar,44,02,Teruel,ES242,44:128,nombre,L01441222,P4412800G,41.175821,-0.452702,Híjar
44123,8,Hinojosa de Jarque,44,02,Teruel,ES242,44:129,nombre,L01441238,P4412900E,40.690312,-0.786166,Hinojosa de Jarque
44124,3,"Hoz de la Vieja, La",44,02,Teruel,ES242,44:130,nombre,L01441243,P4413000C,40.92368,-0.843418,La Hoz de la Vieja
44125,6,Huesa del Común,44,02,Teruel,ES242,44:131,nombre,L01441256,P4413100A,41.010267,-0.919099,Huesa del Común
44126,9,"Iglesuela del Cid, La",44,02,Teruel,ES242,44:132,nombre,L01441269,P4413200I,40.481749,-0.319074,La Iglesuela del Cid
44127,5,Jabaloyas,44,02,Teruel,ES242,44:133,nombre,L01441275,P4413300G,40.239917,-1.408472,Jabaloyas
44128,1,Jarque de la Val,44,02,Teruel,ES242,44:134,nombre,L01441281,P4413400E,40.702716,-0.801041,Jarque de la Val
44129,4,Jatiel,44,02,Teruel,ES242,44:135,nombre,L01441294,P4413500B,41.218832,-0.381187,Jatiel
44130,8,Jorcas,44,02,Teruel,ES242,44:136,nombre,L01441308,P4413600J,40.542665,-0.752514,Jorcas
44131,5,Josa,44,02,Teruel,ES242,44:137,nombre,L01441315,P4413700H,40.955684,-0.766699,Josa
44132,0,Lagueruela,44,02,Teruel,ES242,44:139,nombre,L01441320,P4413900D,41.041803,-1.192214,Lagueruela
44133,6,Lanzuela,44,02,Teruel,ES242,44:140,nombre,L01441336,P4414000B,41.098752,-1.205749,Lanzuela
44135,4,Libros,44,02,Teruel,ES242,44:142,nombre,L01441354,P4414200H,40.16194,-1.233994,Libros
44136,7,Lidón,44,02,Teruel,ES242,44:143,nombre,L01441367,P4414300F,40.717128,-1.112953,Lidón
44137,3,Linares de Mora,44,02,Teruel,ES242,44:144,nombre,L01441373,P4414400D,40.321461,-0.574752,Linares de Mora
44138,9,Loscos,44,02,Teruel,ES242,44:145,nombre,L01441389,P4414500A,41.080993,-1.043803,Loscos
44141,3,Lledó,44,02,Teruel,ES242,44:148,nombre,L01441413,P4414800E,40.954844,0.277096,Lledó
44142,8,Maicas,44,02,Teruel,ES242,44:149,nombre,L01441428,P4414900C,40.966369,-0.890475,Maicas
44143,4,Manzanera,44,02,Teruel,ES242,44:150,nombre,L01441434,P4415000A,40.057231,-0.830304,Manzanera
44144,9,Martín del Río,44,02,Teruel,ES242,44:151,nombre,L01441449,P4415100I,40.844495,-0.895097,Martín del Río
44145,2,Mas de las Matas,44,02,Teruel,ES242,44:152,nombre,L01441452,P4415200G,40.8332,-0.241845,Mas de las Matas
44146,5,"Mata de los Olmos, La",44,02,Teruel,ES242,44:153,nombre,L01441465,P4415300E,40.865609,-0.521104,La Mata de los Olmos
44147,1,Mazaleón,44,02,Teruel,ES242,44:154,nombre,L01441471,P4415400C,41.049701,0.103783,Mazaleón
44148,7,Mezquita de Jarque,44,02,Teruel,ES242,44:155,nombre,L01441487,P4415500J,40.720506,-0.865282,Mezquita de Jarque
44149,0,Mirambel,44,02,Teruel,ES242,44:157,nombre,L01441490,P4415700F,40.586873,-0.342524,Mirambel
44150,3,Miravete de la Sierra,44,02,Teruel,ES242,44:158,nombre,L01441503,P4415800D,40.576853,-0.693834,Miravete de la Sierra
44151,0,Molinos,44,02,Teruel,ES242,44:159,nombre,L01441510,P4415900B,40.819872,-0.450011,Molinos
44152,5,Monforte de Moyuela,44,02,Teruel,ES242,44:160,nombre,L01441525,P4416000J,41.054312,-1.01466,Monforte de Moyuela
44153,1,Monreal del Campo,44,02,Teruel,ES242,44:161,nombre,L01441531,P4416100H,40.790576,-1.352999,Monreal del Campo
44154,6,Monroyo,44,02,Teruel,ES242,44:162,nombre,L01441546,P4416200F,40.787924,-0.03246,Monroyo
44155,9,Montalbán,44,02,Teruel,ES242,44:163,nombre,L01441559,P4416300D,40.832643,-0.798418,Montalbán
44156,2,Monteagudo del Castillo,44,02,Teruel,ES242,44:164,nombre,L01441562,P4416400B,40.457208,-0.818031,Monteagudo del Castillo
44157,8,Monterde de Albarracín,44,02,Teruel,ES242,44:165,nombre,L01441578,P4416500I,40.49763,-1.492508,Monterde de Albarracín
44158,4,Mora de Rubielos,44,02,Teruel,ES242,44:167,nombre,L01441584,P4416700E,40.251711,-0.752802,Mora de Rubielos
44159,7,Moscardón,44,02,Teruel,ES242,44:168,nombre,L01441597,P4416800C,40.332611,-1.537202,Moscardón
44160,1,Mosqueruela,44,02,Teruel,ES242,44:169,nombre,L01441601,P4416900A,40.361092,-0.44884,Mosqueruela
44161,8,Muniesa,44,02,Teruel,ES242,44:170,nombre,L01441618,P4417000I,41.033199,-0.811561,Muniesa
44163,9,Noguera de Albarracín,44,02,Teruel,ES242,44:172,nombre,L01441639,P4417200E,40.459111,-1.597275,Noguera de Albarracín
44164,4,Nogueras,44,02,Teruel,ES242,44:173,nombre,L01441644,P4417300C,41.134833,-1.066924,Nogueras
44165,7,Nogueruelas,44,02,Teruel,ES242,44:174,nombre,L01441657,P4417400A,40.236571,-0.636477,Nogueruelas
44167,6,Obón,44,02,Teruel,ES242,44:176,nombre,L01441676,P4417600F,40.905018,-0.722904,Obón
44168,2,Odón,44,02,Teruel,ES242,44:177,nombre,L01441682,P4417700D,40.884101,-1.567957,Odón
44169,5,Ojos Negros,44,02,Teruel,ES242,44:178,nombre,L01441695,P4417800B,40.737505,-1.499763,Ojos Negros
44171,6,Olba,44,02,Teruel,ES242,44:180,nombre,L01441716,P4418000H,40.132185,-0.625499,Olba
44172,1,Oliete,44,02,Teruel,ES242,44:181,nombre,L01441721,P4418100F,40.997905,-0.672365,Oliete
44173,7,"Olmos, Los",44,02,Teruel,ES242,44:182,nombre,L01441737,P4418200D,40.877162,-0.486413,Los Olmos
44174,2,Orihuela del Tremedal,44,02,Teruel,ES242,44:183,nombre,L01441742,P4418300B,40.549628,-1.649479,Orihuela del Tremedal
44175,5,Orrios,44,02,Teruel,ES242,44:184,nombre,L01441755,P4418400J,40.588152,-0.98791,Orrios
44176,8,Palomar de Arroyos,44,02,Teruel,ES242,44:185,nombre,L01441768,P4418500G,40.780002,-0.750084,Palomar de Arroyos
44177,4,Pancrudo,44,02,Teruel,ES242,44:186,nombre,L01441774,P4418600E,40.762108,-1.029313,Pancrudo
44178,0,"Parras de Castellote, Las",44,02,Teruel,ES242,44:187,nombre,L01441780,P4418700C,40.77526,-0.244376,Las Parras de Castellote
44179,3,Peñarroya de Tastavins,44,02,Teruel,ES242,44:189,nombre,L01441793,P4418900I,40.755921,0.04043,Peñarroya de Tastavins
44180,7,Peracense,44,02,Teruel,ES242,44:190,nombre,L01441807,P4419000G,40.640711,-1.470926,Peracense
44181,4,Peralejos,44,02,Teruel,ES242,44:191,nombre,L01441814,P4419100E,40.484007,-1.032748,Peralejos
44182,9,Perales del Alfambra,44,02,Teruel,ES242,44:192,nombre,L01441829,P4419200C,40.633512,-1.00294,Perales del Alfambra
44183,5,Pitarque,44,02,Teruel,ES242,44:194,nombre,L01441835,P4419400I,40.648402,-0.592184,Pitarque
44184,0,Plou,44,02,Teruel,ES242,44:195,nombre,L01441840,P4419500F,40.991883,-0.853437,Plou
44185,3,"Pobo, El",44,02,Teruel,ES242,44:196,nombre,L01441853,P4419600D,40.507862,-0.861442,El Pobo
44187,2,"Portellada, La",44,02,Teruel,ES242,44:198,nombre,L01441872,P4419800J,40.882729,0.057345,La Portellada
44189,1,Pozondón,44,02,Teruel,ES242,44:200,nombre,L01441891,P4420000D,40.56115,-1.470188,Pozondón
44190,5,Pozuel del Campo,44,02,Teruel,ES242,44:201,nombre,L01441905,P4420100B,40.770679,-1.507947,Pozuel del Campo
44191,2,"Puebla de Híjar, La",44,02,Teruel,ES242,44:202,nombre,L01441912,P4420200J,41.213826,-0.446248,La Puebla de Híjar
44192,7,"Puebla de Valverde, La",44,02,Teruel,ES242,44:203,nombre,L01441927,P4420300H,40.224808,-0.930416,La Puebla de Valverde
44193,3,Puertomingalvo,44,02,Teruel,ES242,44:204,nombre,L01441933,P4420400F,40.264759,-0.459405,Puertomingalvo
44194,8,Ráfales,44,02,Teruel,ES242,44:205,nombre,L01441948,P4420500C,40.837264,0.020559,Ráfales
44195,1,Rillo,44,02,Teruel,ES242,44:207,nombre,L01441951,P4420700I,40.722195,-0.99606,Rillo
44196,4,Riodeva,44,02,Teruel,ES242,44:208,nombre,L01441964,P4420800G,40.117004,-1.148092,Riodeva
44197,0,Ródenas,44,02,Teruel,ES242,44:209,nombre,L01441970,P4420900E,40.64073,-1.516256,Ródenas
44198,6,Royuela,44,02,Teruel,ES242,44:210,nombre,L01441986,P4421000C,40.37786,-1.512634,Royuela
44199,9,Rubiales,44,02,Teruel,ES242,44:211,nombre,L01441999,P4421100A,40.276424,-1.269989,Rubiales
44200,3,Rubielos de la Cérida,44,02,Teruel,ES242,44:212,nombre,L01442003,P4421200I,40.771638,-1.21165,Rubielos de la Cérida
44201,0,Rubielos de Mora,44,02,Teruel,ES242,44:213,nombre,L01442010,P4421300G,40.190157,-0.653004,Rubielos de Mora
44203,1,Salcedillo,44,02,Teruel,ES242,44:215,nombre,L01442031,P4421500B,40.962216,-1.004927,Salcedillo
44204,6,Saldón,44,02,Teruel,ES242,44:216,nombre,L01442046,P4421600J,40.325093,-1.428313,Saldón
44205,9,Samper de Calanda,44,02,Teruel,ES242,44:217,nombre,L01442059,P4421700H,41.189814,-0.38895,Samper de Calanda
44206,2,San Agustín,44,02,Teruel,ES242,44:218,nombre,L01442062,P4421800F,40.059388,-0.692827,San Agustín
44207,8,San Martín del Río,44,02,Teruel,ES242,44:219,nombre,L01442078,P4421900D,41.065907,-1.386757,San Martín del Río
44208,4,Santa Cruz de Nogueras,44,02,Teruel,ES242,44:220,nombre,L01442084,P4422000B,41.114913,-1.089069,Santa Cruz de Nogueras
44209,7,Santa Eulalia,44,02,Teruel,ES242,44:221,nombre,L01442097,P4422100J,40.565816,-1.312885,Santa Eulalia
44210,1,Sarrión,44,02,Teruel,ES242,44:223,nombre,L01442101,P4422300F,40.14074,-0.81552,Sarrión
44211,8,Segura de los Baños,44,02,Teruel,ES242,44:224,nombre,L01442118,P4422400D,40.940673,-0.951662,Segura de los Baños
44212,3,Seno,44,02,Teruel,ES242,44:225,nombre,L01442123,P4422500A,40.812518,-0.336865,Seno
44213,9,Singra,44,02,Teruel,ES242,44:226,nombre,L01442139,P4422600I,40.655739,-1.311464,Singra
44215,7,Terriente,44,02,Teruel,ES242,44:228,nombre,L01442157,P4422800E,40.297646,-1.504462,Terriente
44216,0,Teruel,44,02,Teruel,ES242,44:900,nombre,L01442160,P4422900C,40.343544,-1.108028,Teruel
44217,6,Toril y Masegoso,44,02,Teruel,ES242,44:230,nombre,L01442176,P4423000A,40.248736,-1.486768,Toril
44218,2,Tormón,44,02,Teruel,ES242,44:231,nombre,L01442182,P4423100I,40.202374,-1.353632,Tormón
44219,5,Tornos,44,02,Teruel,ES242,44:232,nombre,L01442195,P4423200G,40.962111,-1.433743,Tornos
44220,9,Torralba de los Sisones,44,02,Teruel,ES242,44:233,nombre,L01442209,P4423300E,40.891375,-1.458527,Torralba de los Sisones
44221,6,Torrecilla de Alcañiz,44,02,Teruel,ES242,44:234,nombre,L01442216,P4423400C,40.960946,-0.090388,Torrecilla de Alcañiz
44222,1,Torrecilla del Rebollar,44,02,Teruel,ES242,44:235,nombre,L01442221,P4423500J,40.909505,-1.071331,Torrecilla del Rebollar
44223,7,Torre de Arcas,44,02,Teruel,ES242,44:236,nombre,L01442237,P4423600H,40.751424,-0.068707,Torre de Arcas
44224,2,Torre de las Arcas,44,02,Teruel,ES242,44:237,nombre,L01442242,P4423700F,40.842128,-0.718026,Torre de las Arcas
44225,5,Torre del Compte,44,02,Teruel,ES242,44:238,nombre,L01442255,P4423800D,40.936554,0.109315,Torre del Compte
44226,8,Torrelacárcel,44,02,Teruel,ES242,44:239,nombre,L01442268,P4423900B,40.613915,-1.302802,Torrelacárcel
44227,4,Torre los Negros,44,02,Teruel,ES242,44:240,nombre,L01442274,P4424000J,40.852777,-1.098038,Torre los Negros
44228,0,Torremocha de Jiloca,44,02,Teruel,ES242,44:241,nombre,L01442280,P4424100H,40.589642,-1.297073,Torremocha de Jiloca
44229,3,Torres de Albarracín,44,02,Teruel,ES242,44:242,nombre,L01442293,P4424200F,40.426631,-1.530596,Torres de Albarracín
44230,7,Torrevelilla,44,02,Teruel,ES242,44:243,nombre,L01442307,P4424300D,40.902647,-0.108947,Torrevelilla
44231,4,Torrijas,44,02,Teruel,ES242,44:244,nombre,L01442314,P4424400B,40.022433,-0.957299,Torrijas
44232,9,Torrijo del Campo,44,02,Teruel,ES242,44:245,nombre,L01442329,P4424500I,40.826721,-1.337315,Torrijo del Campo
44234,0,Tramacastiel,44,02,Teruel,ES242,44:247,nombre,L01442340,P4424700E,40.188393,-1.240054,Tramacastiel
44235,3,Tramacastilla,44,02,Teruel,ES242,44:248,nombre,L01442353,P4424800C,40.430448,-1.574397,Tramacastilla
44236,6,Tronchón,44,02,Teruel,ES242,44:249,nombre,L01442366,P4424900A,40.62094,-0.398959,Tronchón
44237,2,Urrea de Gaén,44,02,Teruel,ES242,44:250,nombre,L01442372,P4425000I,41.158607,-0.470179,Urrea de Gaén
44238,8,Utrillas,44,02,Teruel,ES242,44:251,nombre,L01442388,P4425100G,40.812611,-0.843932,Utrillas
44239,1,Valacloche,44,02,Teruel,ES242,44:252,nombre,L01442391,P4425200E,40.190723,-1.091239,Valacloche
44240,5,Valbona,44,02,Teruel,ES242,44:253,nombre,L01442405,P4425300C,40.228999,-0.810814,Valbona
44241,2,Valdealgorfa,44,02,Teruel,ES242,44:254,nombre,L01442412,P4425400A,40.990819,-0.034882,Valdealgorfa
44243,3,Valdecuenca,44,02,Teruel,ES242,44:257,nombre,L01442433,P4425700D,40.297827,-1.408935,Valdecuenca
44244,8,Valdelinares,44,02,Teruel,ES242,44:258,nombre,L01442448,P4425800B,40.391131,-0.605708,Valdelinares
44245,1,Valdeltormo,44,02,Teruel,ES242,44:259,nombre,L01442451,P4425900J,40.986567,0.083853,Valdeltormo
44246,4,Valderrobres,44,02,Teruel,ES242,44:260,nombre,L01442464,P4426000H,40.875026,0.15455,Valderrobres
44247,0,Valjunquera,44,02,Teruel,ES242,44:261,nombre,L01442470,P4426100F,40.952443,0.025968,Valjunquera
44249,9,"Vallecillo, El",44,02,Teruel,ES242,44:263,nombre,L01442499,P4426300B,40.234344,-1.566384,El Vallecillo
44250,2,Veguillas de la Sierra,44,02,Teruel,ES242,44:264,nombre,L01442502,P4426400J,40.154161,-1.40608,Veguillas de la Sierra
44251,9,Villafranca del Campo,44,02,Teruel,ES242,44:265,nombre,L01442519,P4426500G,40.695526,-1.346843,Villafranca del Campo
44252,4,Villahermosa del Campo,44,02,Teruel,ES242,44:266,nombre,L01442524,P4426600E,41.109454,-1.246469,Villahermosa del Campo
44256,1,Villanueva del Rebollar de la Sierra,44,02,Teruel,ES242,44:270,nombre,L01442561,P4427000G,40.891082,-1.008322,Villanueva del Rebollar de la Sierra
44257,7,Villar del Cobo,44,02,Teruel,ES242,44:271,nombre,L01442577,P4427100E,40.394594,-1.672498,Villar del Cobo
44258,3,Villar del Salz,44,02,Teruel,ES242,44:272,nombre,L01442583,P4427200C,40.681587,-1.499898,Villar del Salz
44260,0,Villarluengo,44,02,Teruel,ES242,44:274,nombre,L01442600,P4427400I,40.648408,-0.530238,Villarluengo
44261,7,Villarquemado,44,02,Teruel,ES242,44:275,nombre,L01442617,P4427500F,40.51781,-1.267341,Villarquemado
44262,2,Villarroya de los Pinares,44,02,Teruel,ES242,44:276,nombre,L01442622,P4427600D,40.52924,-0.668415,Villarroya de los Pinares
44263,8,Villastar,44,02,Teruel,ES242,44:277,nombre,L01442638,P4427700B,40.280752,-1.152274,Villastar
44264,3,Villel,44,02,Teruel,ES242,44:278,nombre,L01442643,P4427800J,40.233842,-1.186558,Villel
44265,6,Vinaceite,44,02,Teruel,ES242,44:279,nombre,L01442656,P4427900H,41.266905,-0.57758,Vinaceite
44266,9,Visiedo,44,02,Teruel,ES242,44:280,nombre,L01442669,P4428000F,40.685796,-1.096941,Visiedo
44267,5,Vivel del Río Martín,44,02,Teruel,ES242,44:281,nombre,L01442675,P4428100D,40.869881,-0.939674,Vivel del Río Martín
44268,1,"Zoma, La",44,02,Teruel,ES242,44:282,nombre,L01442681,P4428200B,40.783828,-0.619402,La Zoma
45001,5,Ajofrín,45,08,Toledo,ES425,45:1,nombre,L01450015,P4500100E,39.713258,-3.982323,Ajofrín
45002,0,Alameda de la Sagra,45,08,Toledo,ES425,45:2,nombre,L01450020,P4500200C,40.013455,-3.797267,Alameda de la Sagra
45003,6,Albarreal de Tajo,45,08,Toledo,ES425,45:3,nombre,L01450036,P4500300A,39.897106,-4.228893,Albarreal de Tajo
45004,1,Alcabón,45,08,Toledo,ES425,45:4,nombre,L01450041,P4500400I,40.002237,-4.368751,Alcabón
45005,4,Alcañizo,45,08,Toledo,ES425,45:5,nombre,L01450054,P4500500F,39.90363,-5.103822,Alcañizo
45006,7,Alcaudete de la Jara,45,08,Toledo,ES425,45:6,nombre,L01450067,P4500600D,39.788208,-4.870405,Alcaudete de la Jara
45007,3,Alcolea de Tajo,45,08,Toledo,ES425,45:7,nombre,L01450073,P4500700B,39.809106,-5.147997,Alcolea de Tajo
45008,9,Aldea en Cabo,45,08,Toledo,ES425,45:8,nombre,L01450089,P4500800J,40.184603,-4.457144,Aldea en Cabo
45009,2,Aldeanueva de Barbarroya,45,08,Toledo,ES425,45:9,nombre,L01450092,P4500900H,39.758852,-5.021959,Aldeanueva de Barbarroya
45010,6,Aldeanueva de San Bartolomé,45,08,Toledo,ES425,45:10,nombre,L01450106,P4501000F,39.637043,-5.112713,Aldeanueva de San Bartolomé
45011,3,Almendral de la Cañada,45,08,Toledo,ES425,45:11,nombre,L01450113,P4501100D,40.183498,-4.740636,Almendral de la Cañada
45012,8,Almonacid de Toledo,45,08,Toledo,ES425,45:12,nombre,L01450128,P4501200B,39.752777,-3.855205,Almonacid de Toledo
45013,4,Almorox,45,08,Toledo,ES425,45:13,nombre,L01450134,P4501300J,40.233751,-4.390752,Almorox
45014,9,Añover de Tajo,45,08,Toledo,ES425,45:14,nombre,L01450149,P4501400H,39.989004,-3.7661,Añover de Tajo
45015,2,Arcicóllar,45,08,Toledo,ES425,45:15,nombre,L01450152,P4501500E,40.055159,-4.115964,Arcicóllar
45016,5,Argés,45,08,Toledo,ES425,45:16,nombre,L01450165,P4501600C,39.80631,-4.057534,Argés
45017,1,Azután,45,08,Toledo,ES425,45:17,nombre,L01450171,P4501700A,39.785965,-5.126956,Azután
45018,7,Barcience,45,08,Toledo,ES425,45:18,nombre,L01450187,P4501800I,39.983131,-4.236321,Barcience
45019,0,Bargas,45,08,Toledo,ES425,45:19,nombre,L01450190,P4501900G,39.940589,-4.020523,Bargas
45020,4,Belvís de la Jara,45,08,Toledo,ES425,45:20,nombre,L01450204,P4502000E,39.759664,-4.949518,Belvís de la Jara
45021,1,Borox,45,08,Toledo,ES425,45:21,nombre,L01450211,P4502100C,40.069803,-3.741645,Borox
45022,6,Buenaventura,45,08,Toledo,ES425,45:22,nombre,L01450226,P4502200A,40.175905,-4.849266,Buenaventura
45023,2,Burguillos de Toledo,45,08,Toledo,ES425,45:23,nombre,L01450232,P4502300I,39.796372,-3.992644,Burguillos de Toledo
45024,7,Burujón,45,08,Toledo,ES425,45:24,nombre,L01450247,P4502400G,39.901287,-4.298156,Burujón
45025,0,Cabañas de la Sagra,45,08,Toledo,ES425,45:25,nombre,L01450250,P4502500D,40.008083,-3.947635,Cabañas de la Sagra
45026,3,Cabañas de Yepes,45,08,Toledo,ES425,45:26,nombre,L01450263,P4502600B,39.889423,-3.535855,Cabañas de Yepes
45027,9,Cabezamesada,45,08,Toledo,ES425,45:27,nombre,L01450279,P4502700J,39.816708,-3.102199,Cabezamesada
45028,5,Calera y Chozas,45,08,Toledo,ES425,45:28,nombre,L01450285,P4502800H,39.881694,-4.978733,Calera y Chozas
45029,8,Caleruela,45,08,Toledo,ES425,45:29,nombre,L01450298,P4502900F,39.87493,-5.25534,Caleruela
45030,2,Calzada de Oropesa,45,08,Toledo,ES425,45:30,nombre,L01450302,P4503000D,39.897988,-5.278733,Calzada de Oropesa
45031,9,Camarena,45,08,Toledo,ES425,45:31,nombre,L01450319,P4503100B,40.093106,-4.119245,Camarena
45032,4,Camarenilla,45,08,Toledo,ES425,45:32,nombre,L01450324,P4503200J,40.017663,-4.074677,Camarenilla
45033,0,"Campillo de la Jara, El",45,08,Toledo,ES425,45:33,nombre,L01450330,P4503300H,39.589567,-5.054729,El Campillo de la Jara
45034,5,Camuñas,45,08,Toledo,ES425,45:34,nombre,L01450345,P4503400F,39.427683,-3.459686,Camuñas
45035,8,Cardiel de los Montes,45,08,Toledo,ES425,45:35,nombre,L01450358,P4503500C,40.062831,-4.653017,Cardiel de los Montes
45036,1,Carmena,45,08,Toledo,ES425,45:36,nombre,L01450361,P4503600A,39.955845,-4.401791,Carmena
45037,7,"Carpio de Tajo, El",45,08,Toledo,ES425,45:37,nombre,L01450377,P4503700I,39.887467,-4.454481,El Carpio de Tajo
45038,3,Carranque,45,08,Toledo,ES425,45:38,nombre,L01450383,P4503800G,40.169623,-3.898606,Carranque
45039,6,Carriches,45,08,Toledo,ES425,45:39,nombre,L01450396,P4503900E,39.963716,-4.458698,Carriches
45040,0,"Casar de Escalona, El",45,08,Toledo,ES425,45:40,nombre,L01450400,P4504000C,40.04622,-4.525693,El Casar de Escalona
45041,7,Casarrubios del Monte,45,08,Toledo,ES425,45:41,nombre,L01450417,P4504100A,40.184329,-4.036362,Casarrubios del Monte
45042,2,Casasbuenas,45,08,Toledo,ES425,45:42,nombre,L01450422,P4504200I,39.760742,-4.126361,Casasbuenas
45043,8,Castillo de Bayuela,45,08,Toledo,ES425,45:43,nombre,L01450438,P4504300G,40.101008,-4.68508,Castillo de Bayuela
45045,6,Cazalegas,45,08,Toledo,ES425,45:45,nombre,L01450456,P4504500B,40.010963,-4.677798,Cazalegas
45046,9,Cebolla,45,08,Toledo,ES425,45:46,nombre,L01450469,P4504600J,39.945995,-4.571408,Cebolla
45047,5,Cedillo del Condado,45,08,Toledo,ES425,45:47,nombre,L01450475,P4504700H,40.115671,-3.924266,Cedillo del Condado
45048,1,"Cerralbos, Los",45,08,Toledo,ES425,45:48,nombre,L01450481,P4504800F,39.983738,-4.569199,Los Cerralbos
45049,4,Cervera de los Montes,45,08,Toledo,ES425,45:49,nombre,L01450494,P4504900D,40.05231,-4.810911,Cervera de los Montes
45050,7,Ciruelos,45,08,Toledo,ES425,45:50,nombre,L01450507,P4505000B,39.938947,-3.61374,Ciruelos
45051,4,Cobeja,45,08,Toledo,ES425,45:51,nombre,L01450514,P4505100J,40.023165,-3.859172,Cobeja
45052,9,Cobisa,45,08,Toledo,ES425,45:52,nombre,L01450529,P4505200H,39.804593,-4.024728,Cobisa
45053,5,Consuegra,45,08,Toledo,ES425,45:53,nombre,L01450535,P4505300F,39.460556,-3.606855,Consuegra
45054,0,Corral de Almaguer,45,08,Toledo,ES425,45:54,nombre,L01450540,P4505400D,39.759231,-3.164273,Corral de Almaguer
45055,3,Cuerva,45,08,Toledo,ES425,45:55,nombre,L01450553,P4505500A,39.663974,-4.210704,Cuerva
45056,6,Chozas de Canales,45,08,Toledo,ES425,45:56,nombre,L01450566,P4505600I,40.10035,-4.043858,Chozas de Canales
45057,2,Chueca,45,08,Toledo,ES425,45:57,nombre,L01450572,P4505700G,39.731828,-3.943918,Chueca
45058,8,Domingo Pérez,45,08,Toledo,ES425,45:58,nombre,L01450588,P4505800E,39.976076,-4.505764,Domingo Pérez
45059,1,Dosbarrios,45,08,Toledo,ES425,45:59,nombre,L01450591,P4505900C,39.882249,-3.48395,Dosbarrios
45060,5,Erustes,45,08,Toledo,ES425,45:60,nombre,L01450605,P4506000A,39.956726,-4.49732,Erustes
45061,2,Escalona,45,08,Toledo,ES425,45:61,nombre,L01450612,P4506100I,40.165565,-4.40267,Escalona
45062,7,Escalonilla,45,08,Toledo,ES425,45:62,nombre,L01450627,P4506200G,39.925082,-4.349156,Escalonilla
45063,3,Espinoso del Rey,45,08,Toledo,ES425,45:63,nombre,L01450633,P4506300E,39.652861,-4.784232,Espinoso del Rey
45064,8,Esquivias,45,08,Toledo,ES425,45:64,nombre,L01450648,P4506400C,40.104015,-3.767034,Esquivias
45065,1,"Estrella, La",45,08,Toledo,ES425,45:65,nombre,L01450651,P4506500J,39.689595,-5.093435,La Estrella
45066,4,Fuensalida,45,08,Toledo,ES425,45:66,nombre,L01450664,P4506600H,40.052861,-4.20915,Fuensalida
45067,0,Gálvez,45,08,Toledo,ES425,45:67,nombre,L01450670,P4506700F,39.700315,-4.274175,Gálvez
45068,6,Garciotum,45,08,Toledo,ES425,45:69,nombre,L01450686,P4506900B,40.097803,-4.648505,Garciotum
45069,9,Gerindote,45,08,Toledo,ES425,45:70,nombre,L01450699,P4507000J,39.966374,-4.303938,Gerindote
45070,3,Guadamur,45,08,Toledo,ES425,45:71,nombre,L01450703,P4507100H,39.811277,-4.14866,Guadamur
45071,0,"Guardia, La",45,08,Toledo,ES425,45:72,nombre,L01450710,P4507200F,39.78899,-3.478312,La Guardia
45072,5,"Herencias, Las",45,08,Toledo,ES425,45:73,nombre,L01450725,P4507300D,39.867718,-4.921823,Las Herencias
45073,1,Herreruela de Oropesa,45,08,Toledo,ES425,45:74,nombre,L01450731,P4507400B,39.887968,-5.243124,Herreruela de Oropesa
45074,6,Hinojosa de San Vicente,45,08,Toledo,ES425,45:75,nombre,L01450746,P4507500I,40.1049,-4.722476,Hinojosa de San Vicente
45075,9,Hontanar,45,08,Toledo,ES425,45:76,nombre,L01450759,P4507600G,39.612326,-4.498081,Hontanar
45076,2,Hormigos,45,08,Toledo,ES425,45:77,nombre,L01450762,P4507700E,40.097968,-4.444622,Hormigos
45077,8,Huecas,45,08,Toledo,ES425,45:78,nombre,L01450778,P4507800C,40.011805,-4.195818,Huecas
45078,4,Huerta de Valdecarábanos,45,08,Toledo,ES425,45:79,nombre,L01450784,P4507900A,39.864338,-3.612965,Huerta de Valdecarábanos
45079,7,"Iglesuela del Tiétar, La",45,08,Toledo,ES425,45:80,punto,L01450797,P4508000I,40.232864,-4.751439,La Iglesuela del Tiétar
45080,1,Illán de Vacas,45,08,Toledo,ES425,45:81,nombre,L01450801,P4508100G,39.970563,-4.556853,Illán de Vacas
45081,8,Illescas,45,08,Toledo,ES425,45:82,nombre,L01450818,P4508200E,40.124004,-3.849587,Illescas
45082,3,Lagartera,45,08,Toledo,ES425,45:83,nombre,L01450823,P4508300C,39.906092,-5.20101,Lagartera
45083,9,Layos,45,08,Toledo,ES425,45:84,nombre,L01450839,P4508400A,39.776973,-4.064048,Layos
45084,4,Lillo,45,08,Toledo,ES425,45:85,nombre,L01450844,P4508500H,39.723484,-3.304736,Lillo
45085,7,Lominchar,45,08,Toledo,ES425,45:86,nombre,L01450857,P4508600F,40.089763,-3.966839,Lominchar
45086,0,Lucillos,45,08,Toledo,ES425,45:87,nombre,L01450860,P4508700D,39.984758,-4.612313,Lucillos
45087,6,Madridejos,45,08,Toledo,ES425,45:88,nombre,L01450876,P4508800B,39.469665,-3.535391,Madridejos
45088,2,Magán,45,08,Toledo,ES425,45:89,nombre,L01450882,P4508900J,39.962163,-3.930955,Magán
45089,5,Malpica de Tajo,45,08,Toledo,ES425,45:90,nombre,L01450895,P4509000H,39.897271,-4.547265,Malpica de Tajo
45090,9,Manzaneque,45,08,Toledo,ES425,45:91,nombre,L01450909,P4509100F,39.635698,-3.795118,Manzaneque
45091,6,Maqueda,45,08,Toledo,ES425,45:92,nombre,L01450916,P4509200D,40.06534,-4.37261,Maqueda
45092,1,Marjaliza,45,08,Toledo,ES425,45:93,nombre,L01450921,P4509300B,39.563697,-3.935941,Marjaliza
45093,7,Marrupe,45,08,Toledo,ES425,45:94,nombre,L01450937,P4509400J,40.090465,-4.794104,Marrupe
45094,2,Mascaraque,45,08,Toledo,ES425,45:95,nombre,L01450942,P4509500G,39.71605,-3.813377,Mascaraque
45095,5,"Mata, La",45,08,Toledo,ES425,45:96,nombre,L01450955,P4509600E,39.94376,-4.438158,La Mata
45096,8,Mazarambroz,45,08,Toledo,ES425,45:97,nombre,L01450968,P4509700C,39.694731,-4.018653,Mazarambroz
45097,4,Mejorada,45,08,Toledo,ES425,45:98,nombre,L01450974,P4509800A,40.010258,-4.883504,Mejorada
45098,0,Menasalbas,45,08,Toledo,ES425,45:99,nombre,L01450980,P4509900I,39.641034,-4.284197,Menasalbas
45099,3,Méntrida,45,08,Toledo,ES425,45:100,nombre,L01450993,P4510000E,40.237549,-4.195209,Méntrida
45100,7,Mesegar de Tajo,45,08,Toledo,ES425,45:101,nombre,L01451007,P4510100C,39.925242,-4.501928,Mesegar de Tajo
45101,4,Miguel Esteban,45,08,Toledo,ES425,45:102,nombre,L01451014,P4510200A,39.525839,-3.076035,Miguel Esteban
45102,9,Mocejón,45,08,Toledo,ES425,45:103,nombre,L01451029,P4510300I,39.939696,-3.916357,Mocejón
45103,5,Mohedas de la Jara,45,08,Toledo,ES425,45:104,nombre,L01451035,P4510400G,39.604004,-5.144489,Mohedas de la Jara
45104,0,Montearagón,45,08,Toledo,ES425,45:105,nombre,L01451040,P4510500D,39.965083,-4.630297,Montearagón
45105,3,Montesclaros,45,08,Toledo,ES425,45:106,nombre,L01451053,P4510600B,40.105705,-4.938324,Montesclaros
45106,6,Mora,45,08,Toledo,ES425,45:107,nombre,L01451066,P4510700J,39.684706,-3.772739,Mora
45107,2,Nambroca,45,08,Toledo,ES425,45:108,nombre,L01451072,P4510800H,39.798025,-3.944397,Nambroca
45108,8,"Nava de Ricomalillo, La",45,08,Toledo,ES425,45:109,nombre,L01451088,P4510900F,39.651613,-4.990121,La Nava de Ricomalillo
45109,1,Navahermosa,45,08,Toledo,ES425,45:110,nombre,L01451091,P4511000D,39.633767,-4.472467,Navahermosa
45110,5,Navalcán,45,08,Toledo,ES425,45:111,nombre,L01451105,P4511100B,40.070039,-5.0921,Navalcán
45111,2,Navalmoralejo,45,08,Toledo,ES425,45:112,nombre,L01451112,P4511200J,39.738788,-5.143057,Navalmoralejo
45112,7,"Navalmorales, Los",45,08,Toledo,ES425,45:113,nombre,L01451127,P4511300H,39.724982,-4.641361,Los Navalmorales
45113,3,"Navalucillos, Los",45,08,Toledo,ES425,45:114,nombre,L01451133,P4511400F,39.666218,-4.641224,Los Navalucillos
45114,8,Navamorcuende,45,08,Toledo,ES425,45:115,nombre,L01451148,P4511500C,40.157296,-4.785741,Navamorcuende
45115,1,Noblejas,45,08,Toledo,ES425,45:116,nombre,L01451151,P4511600A,39.982798,-3.440997,Noblejas
45116,4,Noez,45,08,Toledo,ES425,45:117,nombre,L01451164,P4511700I,39.741676,-4.184396,Noez
45117,0,Nombela,45,08,Toledo,ES425,45:118,nombre,L01451170,P4511800G,40.156908,-4.503188,Nombela
45118,6,Novés,45,08,Toledo,ES425,45:119,nombre,L01451186,P4511900E,40.047046,-4.273725,Novés
45119,9,Numancia de la Sagra,45,08,Toledo,ES425,45:120,nombre,L01451199,P4512000C,40.076089,-3.854834,Numancia de la Sagra
45120,3,Nuño Gómez,45,08,Toledo,ES425,45:121,nombre,L01451203,P4512100A,40.114501,-4.620688,Nuño Gómez
45121,0,Ocaña,45,08,Toledo,ES425,45:122,nombre,L01451210,P4512200I,39.958408,-3.501109,Ocaña
45122,5,Olías del Rey,45,08,Toledo,ES425,45:123,nombre,L01451225,P4512300G,39.947051,-3.987385,Olías del Rey
45123,1,Ontígola,45,08,Toledo,ES425,45:124,nombre,L01451231,P4512400E,40.003447,-3.572545,Ontígola
45124,6,Orgaz,45,08,Toledo,ES425,45:125,nombre,L01451246,P4512500B,39.646886,-3.874618,Orgaz
45125,9,Oropesa,45,08,Toledo,ES425,45:126,nombre,L01451259,P4512600J,39.916895,-5.1748,Oropesa
45126,2,Otero,45,08,Toledo,ES425,45:127,nombre,L01451262,P4512700H,40.000899,-4.515304,Otero
45127,8,Palomeque,45,08,Toledo,ES425,45:128,nombre,L01451278,P4512800F,40.11911,-3.964043,Palomeque
45128,4,Pantoja,45,08,Toledo,ES425,45:129,nombre,L01451284,P4512900D,40.044007,-3.836609,Pantoja
45129,7,Paredes de Escalona,45,08,Toledo,ES425,45:130,nombre,L01451297,P4513000B,40.205066,-4.430847,Paredes de Escalona
45130,1,Parrillas,45,08,Toledo,ES425,45:131,nombre,L01451301,P4513100J,40.062894,-5.063187,Parrillas
45131,8,Pelahustán,45,08,Toledo,ES425,45:132,nombre,L01451318,P4513200H,40.176551,-4.597956,Pelahustán
45132,3,Pepino,45,08,Toledo,ES425,45:133,nombre,L01451323,P4513300F,40.031694,-4.803211,Pepino
45133,9,Polán,45,08,Toledo,ES425,45:134,nombre,L01451339,P4513400D,39.789012,-4.168451,Polán
45134,4,Portillo de Toledo,45,08,Toledo,ES425,45:135,nombre,L01451344,P4513500A,40.063928,-4.229044,Portillo de Toledo
45135,7,"Puebla de Almoradiel, La",45,08,Toledo,ES425,45:136,nombre,L01451357,P4513600I,39.598433,-3.118288,La Puebla de Almoradiel
45136,0,"Puebla de Montalbán, La",45,08,Toledo,ES425,45:137,nombre,L01451360,P4513700G,39.864504,-4.35957,La Puebla de Montalbán
45137,6,"Pueblanueva, La",45,08,Toledo,ES425,45:138,nombre,L01451376,P4513800E,39.912161,-4.67997,La Pueblanueva
45138,2,"Puente del Arzobispo, El",45,08,Toledo,ES425,45:139,nombre,L01451382,P4513900C,39.802229,-5.170936,El Puente del Arzobispo
45139,5,Puerto de San Vicente,45,08,Toledo,ES425,45:140,nombre,L01451395,P4514000A,39.521722,-5.115305,Puerto de San Vicente
45140,9,Pulgar,45,08,Toledo,ES425,45:141,nombre,L01451409,P4514100I,39.694528,-4.152832,Pulgar
45141,6,Quero,45,08,Toledo,ES425,45:142,nombre,L01451416,P4514200G,39.509867,-3.247595,Quero
45142,1,Quintanar de la Orden,45,08,Toledo,ES425,45:143,nombre,L01451421,P4514300E,39.590949,-3.044111,Quintanar de la Orden
45143,7,Quismondo,45,08,Toledo,ES425,45:144,nombre,L01451437,P4514400C,40.105351,-4.324229,Quismondo
45144,2,"Real de San Vicente, El",45,08,Toledo,ES425,45:145,nombre,L01451442,P4514500J,40.137176,-4.690466,El Real de San Vicente
45145,5,Recas,45,08,Toledo,ES425,45:146,nombre,L01451455,P4514600H,40.053309,-3.992573,Recas
45146,8,Retamoso de la Jara,45,08,Toledo,ES425,45:147,punto,L01451468,P4514700F,39.74324,-4.755498,Retamoso de la Jara
45147,4,Rielves,45,08,Toledo,ES425,45:148,nombre,L01451474,P4514800D,39.960673,-4.192785,Rielves
45148,0,Robledo del Mazo,45,08,Toledo,ES425,45:149,nombre,L01451480,P4514900B,39.610035,-4.90492,Robledo del Mazo
45149,3,"Romeral, El",45,08,Toledo,ES425,45:150,nombre,L01451493,P4515000J,39.707283,-3.434041,El Romeral
45150,6,San Bartolomé de las Abiertas,45,08,Toledo,ES425,45:151,nombre,L01451506,P4515100H,39.830141,-4.719977,San Bartolomé de las Abiertas
45151,3,San Martín de Montalbán,45,08,Toledo,ES425,45:152,nombre,L01451513,P4515200F,39.702497,-4.389276,San Martín de Montalbán
45152,8,San Martín de Pusa,45,08,Toledo,ES425,45:153,nombre,L01451528,P4515300D,39.783407,-4.632004,San Martín de Pusa
45153,4,San Pablo de los Montes,45,08,Toledo,ES425,45:154,nombre,L01451534,P4515400B,39.539242,-4.331691,San Pablo de los Montes
45154,9,San Román de los Montes,45,08,Toledo,ES425,45:155,nombre,L01451549,P4515500I,40.069021,-4.731586,San Román de los Montes
45155,2,Santa Ana de Pusa,45,08,Toledo,ES425,45:156,nombre,L01451552,P4515600G,39.760867,-4.707383,Santa Ana de Pusa
45156,5,Santa Cruz de la Zarza,45,08,Toledo,ES425,45:157,nombre,L01451565,P4515700E,39.984848,-3.186807,Santa Cruz de la Zarza
45157,1,Santa Cruz del Retamar,45,08,Toledo,ES425,45:158,nombre,L01451571,P4515800C,40.118688,-4.240989,Santa Cruz del Retamar
45158,7,Santa Olalla,45,08,Toledo,ES425,45:159,nombre,L01451587,P4515900A,40.024435,-4.428769,Santa Olalla
45159,0,Sartajada,45,08,Toledo,ES425,45:160,nombre,L01451590,P4516000I,40.212724,-4.793624,Sartajada
45160,4,Segurilla,45,08,Toledo,ES425,45:161,nombre,L01451604,P4516100G,40.022572,-4.864944,Segurilla
45161,1,Seseña,45,08,Toledo,ES425,45:162,nombre,L01451611,P4516200E,40.104506,-3.697336,Seseña
45162,6,Sevilleja de la Jara,45,08,Toledo,ES425,45:163,nombre,L01451626,P4516300C,39.575782,-4.964154,Sevilleja de la Jara
45163,2,Sonseca,45,08,Toledo,ES425,45:164,nombre,L01451632,P4516400A,39.675883,-3.975125,Sonseca
45164,7,Sotillo de las Palomas,45,08,Toledo,ES425,45:165,nombre,L01451647,P4516500H,40.104061,-4.827963,Sotillo de las Palomas
45165,0,Talavera de la Reina,45,08,Toledo,ES425,45:166,nombre,L01451650,P4516600F,39.958185,-4.83305,Talavera de la Reina
45166,3,Tembleque,45,08,Toledo,ES425,45:167,nombre,L01451663,P4516700D,39.698366,-3.503594,Tembleque
45167,9,"Toboso, El",45,08,Toledo,ES425,45:168,nombre,L01451679,P4516800B,39.512705,-2.995511,El Toboso
45168,5,Toledo,45,08,Toledo,ES425,45:900,nombre,L01451685,P4516900J,39.856491,-4.025285,Toledo
45169,8,Torralba de Oropesa,45,08,Toledo,ES425,45:170,nombre,L01451698,P4517000H,39.933565,-5.153947,Torralba de Oropesa
45170,2,Torrecilla de la Jara,45,08,Toledo,ES425,45:171,nombre,L01451702,P4517100F,39.703754,-4.77193,Torrecilla de la Jara
45171,9,"Torre de Esteban Hambrán, La",45,08,Toledo,ES425,45:172,nombre,L01451719,P4517200D,40.16909,-4.218307,La Torre de Esteban Hambrán
45172,4,Torrico,45,08,Toledo,ES425,45:173,nombre,L01451724,P4517300B,39.830076,-5.227013,Torrico
45173,0,Torrijos,45,08,Toledo,ES425,45:174,nombre,L01451730,P4517400J,39.982899,-4.287949,Torrijos
45174,5,Totanés,45,08,Toledo,ES425,45:175,nombre,L01451745,P4517500G,39.70988,-4.225748,Totanés
45175,8,Turleque,45,08,Toledo,ES425,45:176,nombre,L01451758,P4517600E,39.601053,-3.611793,Turleque
45176,1,Ugena,45,08,Toledo,ES425,45:177,nombre,L01451761,P4517700C,40.156929,-3.877768,Ugena
45177,7,Urda,45,08,Toledo,ES425,45:178,nombre,L01451777,P4517800A,39.412493,-3.716572,Urda
45179,6,Valdeverdeja,45,08,Toledo,ES425,45:180,nombre,L01451796,P4518000G,39.795594,-5.245842,Valdeverdeja
45180,0,Valmojado,45,08,Toledo,ES425,45:181,nombre,L01451800,P4518100E,40.204592,-4.091103,Valmojado
45181,7,Velada,45,08,Toledo,ES425,45:182,nombre,L01451817,P4518200C,39.979254,-4.977766,Velada
45182,2,"Ventas con Peña Aguilera, Las",45,08,Toledo,ES425,45:183,nombre,L01451822,P4518300A,39.611628,-4.229003,Las Ventas con Peña Aguilera
45183,8,"Ventas de Retamosa, Las",45,08,Toledo,ES425,45:184,nombre,L01451838,P4518400I,40.155161,-4.113286,Las Ventas de Retamosa
45184,3,"Ventas de San Julián, Las",45,08,Toledo,ES425,45:185,nombre,L01451843,P4518500F,40.00826,-5.294928,Las Ventas de San Julián
45185,6,Villacañas,45,08,Toledo,ES425,45:186,nombre,L01451856,P4518600D,39.625066,-3.334045,Villacañas
45186,9,"Villa de Don Fadrique, La",45,08,Toledo,ES425,45:187,nombre,L01451869,P4518700B,39.617881,-3.218259,La Villa de Don Fadrique
45187,5,Villafranca de los Caballeros,45,08,Toledo,ES425,45:188,nombre,L01451875,P4518800J,39.426312,-3.359943,Villafranca de los Caballeros
45188,1,Villaluenga de la Sagra,45,08,Toledo,ES425,45:189,nombre,L01451881,P4518900H,40.027306,-3.912955,Villaluenga de la Sagra
45189,4,Villamiel de Toledo,45,08,Toledo,ES425,45:190,nombre,L01451894,P4519000F,39.983618,-4.126113,Villamiel de Toledo
45190,8,Villaminaya,45,08,Toledo,ES425,45:191,nombre,L01451908,P4519100D,39.711298,-3.871327,Villaminaya
45191,5,Villamuelas,45,08,Toledo,ES425,45:192,nombre,L01451915,P4519200B,39.818103,-3.735197,Villamuelas
45192,0,Villanueva de Alcardete,45,08,Toledo,ES425,45:193,nombre,L01451920,P4519300J,39.673454,-3.012192,Villanueva de Alcardete
45193,6,Villanueva de Bogas,45,08,Toledo,ES425,45:194,nombre,L01451936,P4519400H,39.723979,-3.657018,Villanueva de Bogas
45194,1,Villarejo de Montalbán,45,08,Toledo,ES425,45:195,nombre,L01451941,P4519500E,39.769299,-4.572952,Villarejo de Montalbán
45195,4,Villarrubia de Santiago,45,08,Toledo,ES425,45:196,nombre,L01451954,P4519600C,39.987078,-3.369163,Villarrubia de Santiago
45196,7,Villaseca de la Sagra,45,08,Toledo,ES425,45:197,nombre,L01451967,P4519700A,39.961966,-3.882445,Villaseca de la Sagra
45197,3,Villasequilla,45,08,Toledo,ES425,45:198,nombre,L01451973,P4519800I,39.876071,-3.73112,Villasequilla
45198,9,Villatobas,45,08,Toledo,ES425,45:199,nombre,L01451989,P4519900G,39.90207,-3.324091,Villatobas
45199,2,"Viso de San Juan, El",45,08,Toledo,ES425,45:200,nombre,L01451992,P4520000C,40.142419,-3.921199,El Viso de San Juan
45200,6,"Yébenes, Los",45,08,Toledo,ES425,45:201,nombre,L01452006,P4520100A,39.582022,-3.870597,Los Yébenes
45201,3,Yeles,45,08,Toledo,ES425,45:202,nombre,L01452013,P4520200I,40.120048,-3.803976,Yeles
45202,8,Yepes,45,08,Toledo,ES425,45:203,nombre,L01452028,P4520300G,39.89966,-3.625676,Yepes
45203,4,Yuncler,45,08,Toledo,ES425,45:204,nombre,L01452034,P4520400E,40.043624,-3.90179,Yuncler
45204,9,Yunclillos,45,08,Toledo,ES425,45:205,nombre,L01452049,P4520500B,40.022277,-3.990254,Yunclillos
45205,2,Yuncos,45,08,Toledo,ES425,45:206,nombre,L01452052,P4520600J,40.085465,-3.874486,Yuncos
45901,6,Santo Domingo-Caudilla,45,08,Toledo,ES425,45:179,nombre,L01459016,P4517900I,40.013807,-4.325891,Val de Santo Domingo
46001,8,Ademuz,46,10,València/Valencia,ES523,46:1,nombre,L01460018,P4600100D,40.06077,-1.286141,Ademuz
46002,3,Ador,46,10,València/Valencia,ES523,46:2,nombre,L01460023,P4600200B,38.919729,-0.224548,Ador
46003,9,Atzeneta d'Albaida,46,10,València/Valencia,ES523,46:3,nombre,L01460039,P4600300J,38.835899,-0.495903,Atzeneta d'Albaida
46004,4,Agullent,46,10,València/Valencia,ES523,46:4,nombre,L01460044,P4600400H,38.823287,-0.547412,Agullent
46005,7,Alaquàs,46,10,València/Valencia,ES523,46:5,nombre,L01460057,P4600500E,39.457148,-0.460863,Alaquàs
46006,0,Albaida,46,10,València/Valencia,ES523,46:6,nombre,L01460060,P4600600C,38.841681,-0.519657,Albaida
46007,6,Albal,46,10,València/Valencia,ES523,46:7,nombre,L01460076,P4600700A,39.397405,-0.413173,Albal
46008,2,Albalat de la Ribera,46,10,València/Valencia,ES523,46:8,nombre,L01460082,P4600800I,39.20103,-0.386689,Albalat de la Ribera
46009,5,Albalat dels Sorells,46,10,València/Valencia,ES523,46:9,nombre,L01460095,P4600900G,39.544255,-0.346944,Albalat dels Sorells
46010,9,Albalat dels Tarongers,46,10,València/Valencia,ES523,46:10,nombre,L01460109,P4601000E,39.702204,-0.337259,Albalat dels Tarongers
46011,6,Alberic,46,10,València/Valencia,ES523,46:11,nombre,L01460116,P4601100C,39.116451,-0.517637,Alberic
46012,1,Alborache,46,10,València/Valencia,ES523,46:12,nombre,L01460121,P4601200A,39.391654,-0.77107,Alborache
46013,7,Alboraia/Alboraya,46,10,València/Valencia,ES523,46:13,nombre,L01460137,P4601300I,39.501239,-0.350104,Alboraia/Alboraya
46014,2,Albuixech,46,10,València/Valencia,ES523,46:14,nombre,L01460142,P4601400G,39.544332,-0.325146,Albuixech
46015,5,Alcàsser,46,10,València/Valencia,ES523,46:15,nombre,L01460155,P4601500D,39.369856,-0.445365,Alcàsser
46016,8,Alcàntera de Xúquer,46,10,València/Valencia,ES523,46:16,nombre,L01460168,P4601600B,39.06934,-0.560174,Alcàntera de Xúquer
46017,4,Alzira,46,10,València/Valencia,ES523,46:17,nombre,L01460174,P4601700J,39.152253,-0.440973,Alzira
46018,0,Alcublas,46,10,València/Valencia,ES523,46:18,nombre,L01460180,P4601800H,39.797096,-0.702182,Alcublas
46019,3,"Alcúdia, l'",46,10,València/Valencia,ES523,46:19,nombre,L01460193,P4601900F,39.193931,-0.507184,l'Alcúdia
46020,7,"Alcúdia de Crespins, l'",46,10,València/Valencia,ES523,46:20,nombre,L01460207,P4602000D,38.97077,-0.588818,l'Alcúdia de Crespins
46021,4,Aldaia,46,10,València/Valencia,ES523,46:21,nombre,L01460214,P4602100B,39.464661,-0.460765,Aldaia
46022,9,Alfafar,46,10,València/Valencia,ES523,46:22,nombre,L01460229,P4602200J,39.422598,-0.390044,Alfafar
46023,5,Alfauir,46,10,València/Valencia,ES523,46:23,nombre,L01460235,P4602300H,38.928401,-0.251469,Alfauir
46024,0,Alfara de la Baronia,46,10,València/Valencia,ES523,46:24,nombre,L01460240,P4602400F,39.762674,-0.354966,Alfara de la Baronia
46025,3,Alfara del Patriarca,46,10,València/Valencia,ES523,46:25,nombre,L01460253,P4602500C,39.544093,-0.386003,Alfara del Patriarca
46026,6,Alfarb,46,10,València/Valencia,ES523,46:26,punto,L01460266,P4602600A,39.277004,-0.560625,Alfarb
46027,2,Alfarrasí,46,10,València/Valencia,ES523,46:27,nombre,L01460272,P4602700I,38.905389,-0.496329,Alfarrasí
46028,8,Algar de Palància,46,10,València/Valencia,ES523,46:28,nombre,L01460288,P4602800G,39.781376,-0.367998,Algar de Palància
46029,1,Algemesí,46,10,València/Valencia,ES523,46:29,nombre,L01460291,P4602900E,39.18861,-0.436801,Algemesí
46030,5,Algímia d'Alfara,46,10,València/Valencia,ES523,46:30,punto,L01460305,P4603000C,39.753161,-0.361492,Algímia d'Alfara
46031,2,Alginet,46,10,València/Valencia,ES523,46:31,nombre,L01460312,P4603100A,39.261874,-0.46972,Alginet
46032,7,Almàssera,46,10,València/Valencia,ES523,46:32,nombre,L01460327,P4603200I,39.511854,-0.355873,Almàssera
46033,3,Almiserà,46,10,València/Valencia,ES523,46:33,nombre,L01460333,P4603300G,38.915371,-0.285785,Almiserà
46034,8,Almoines,46,10,València/Valencia,ES523,46:34,nombre,L01460348,P4603400E,38.943328,-0.181946,Almoines
46035,1,Almussafes,46,10,València/Valencia,ES523,46:35,nombre,L01460351,P4603500B,39.292838,-0.413289,Almussafes
46036,4,Alpuente,46,10,València/Valencia,ES523,46:36,nombre,L01460364,P4603600J,39.876012,-1.01349,Alpuente
46037,0,"Alqueria de la Comtessa, l'",46,10,València/Valencia,ES523,46:37,punto,L01460370,P4603700H,38.936624,-0.153648,l'Alqueria de la Comtessa
46038,6,Andilla,46,10,València/Valencia,ES523,46:38,nombre,L01460386,P4603800F,39.836355,-0.813436,Andilla
46039,9,Anna,46,10,València/Valencia,ES523,46:39,nombre,L01460399,P4603900D,39.022095,-0.643661,Anna
46040,3,Antella,46,10,València/Valencia,ES523,46:40,nombre,L01460403,P4604000B,39.079046,-0.592301,Antella
46041,0,Aras de los Olmos,46,10,València/Valencia,ES523,46:41,nombre,L01460410,P4604100J,39.924558,-1.132833,Aras de los Olmos
46042,5,Aielo de Malferit,46,10,València/Valencia,ES523,46:42,nombre,L01460425,P4604200H,38.876655,-0.592517,Aielo de Malferit
46043,1,Aielo de Rugat,46,10,València/Valencia,ES523,46:43,nombre,L01460431,P4604300F,38.881572,-0.343138,Aielo de Rugat
46044,6,Ayora,46,10,València/Valencia,ES523,46:44,nombre,L01460446,P4604400D,39.060268,-1.057467,Ayora
46045,9,Barxeta,46,10,València/Valencia,ES523,46:45,nombre,L01460459,P4604500A,39.022996,-0.416114,Barxeta
46046,2,Barx,46,10,València/Valencia,ES523,46:46,nombre,L01460462,P4604600I,39.012622,-0.301005,Barx
46047,8,Bèlgida,46,10,València/Valencia,ES523,46:47,nombre,L01460478,P4604700G,38.859468,-0.474849,Bèlgida
46048,4,Bellreguard,46,10,València/Valencia,ES523,46:48,nombre,L01460484,P4604800E,38.946424,-0.161987,Bellreguard
46049,7,Bellús,46,10,València/Valencia,ES523,46:49,nombre,L01460497,P4604900C,38.945857,-0.485652,Bellús
46050,0,Benagéber,46,10,València/Valencia,ES523,46:50,nombre,L01460500,P4605000A,39.707429,-1.100769,Benagéber
46051,7,Benaguasil,46,10,València/Valencia,ES523,46:51,nombre,L01460517,P4605100I,39.593478,-0.584911,Benaguasil
46052,2,Benavites,46,10,València/Valencia,ES523,46:52,nombre,L01460522,P4605200G,39.740466,-0.257782,Benavites
46053,8,Beneixida,46,10,València/Valencia,ES523,46:53,nombre,L01460538,P4605300E,39.056946,-0.548877,Beneixida
46054,3,Benetússer,46,10,València/Valencia,ES523,46:54,nombre,L01460543,P4605400C,39.424063,-0.397827,Benetússer
46055,6,Beniarjó,46,10,València/Valencia,ES523,46:55,nombre,L01460556,P4605500J,38.933771,-0.186931,Beniarjó
46056,9,Beniatjar,46,10,València/Valencia,ES523,46:56,nombre,L01460569,P4605600H,38.848058,-0.416842,Beniatjar
46057,5,Benicolet,46,10,València/Valencia,ES523,46:57,nombre,L01460575,P4605700F,38.918644,-0.347401,Benicolet
46058,1,Benifairó de les Valls,46,10,València/Valencia,ES523,46:58,nombre,L01460581,P4605800D,39.726581,-0.269498,Benifairó de les Valls
46059,4,Benifairó de la Valldigna,46,10,València/Valencia,ES523,46:59,nombre,L01460594,P4605900B,39.053367,-0.302822,Benifairó de la Valldigna
46060,8,Benifaió,46,10,València/Valencia,ES523,46:60,nombre,L01460608,P4606000J,39.284848,-0.427105,Benifaió
46061,5,Beniflá,46,10,València/Valencia,ES523,46:61,nombre,L01460615,P4606100H,38.927913,-0.188714,Beniflá
46062,0,Benigànim,46,10,València/Valencia,ES523,46:62,nombre,L01460620,P4606200F,38.943715,-0.444056,Benigànim
46063,6,Benimodo,46,10,València/Valencia,ES523,46:63,nombre,L01460636,P4606300D,39.212962,-0.528515,Benimodo
46064,1,Benimuslem,46,10,València/Valencia,ES523,46:64,nombre,L01460641,P4606400B,39.131506,-0.492775,Benimuslem
46065,4,Beniparrell,46,10,València/Valencia,ES523,46:66,nombre,L01460654,P4606600G,39.382213,-0.412433,Beniparrell
46066,7,Benirredrà,46,10,València/Valencia,ES523,46:68,nombre,L01460667,P4606800C,38.961069,-0.193755,Benirredrà
46067,3,Benissanó,46,10,València/Valencia,ES523,46:69,nombre,L01460673,P4606900A,39.61292,-0.576963,Benissanó
46068,9,Benissoda,46,10,València/Valencia,ES523,46:70,nombre,L01460689,P4607000I,38.831507,-0.530175,Benissoda
46069,2,Benissuera,46,10,València/Valencia,ES523,46:71,nombre,L01460692,P4607100G,38.912805,-0.476475,Benissuera
46070,6,Bétera,46,10,València/Valencia,ES523,46:72,nombre,L01460706,P4607200E,39.591752,-0.462245,Bétera
46071,3,Bicorp,46,10,València/Valencia,ES523,46:73,nombre,L01460713,P4607300C,39.132307,-0.787944,Bicorp
46072,8,Bocairent,46,10,València/Valencia,ES523,46:74,nombre,L01460728,P4607400A,38.767601,-0.609811,Bocairent
46073,4,Bolbaite,46,10,València/Valencia,ES523,46:75,nombre,L01460734,P4607500H,39.062648,-0.674536,Bolbaite
46074,9,Bonrepòs i Mirambell,46,10,València/Valencia,ES523,46:76,nombre,L01460749,P4607600F,39.517627,-0.363914,Bonrepòs i Mirambell
46075,2,Bufali,46,10,València/Valencia,ES523,46:77,nombre,L01460752,P4607700D,38.867907,-0.514127,Bufali
46076,5,Bugarra,46,10,València/Valencia,ES523,46:78,nombre,L01460765,P4607800B,39.60828,-0.775977,Bugarra
46077,1,Buñol,46,10,València/Valencia,ES523,46:79,nombre,L01460771,P4607900J,39.418291,-0.7906,Buñol
46078,7,Burjassot,46,10,València/Valencia,ES523,46:80,nombre,L01460787,P4608000H,39.508581,-0.411339,Burjassot
46079,0,Calles,46,10,València/Valencia,ES523,46:81,nombre,L01460790,P4608100F,39.725433,-0.973974,Calles
46080,4,Camporrobles,46,10,València/Valencia,ES523,46:82,nombre,L01460804,P4608200D,39.647024,-1.39971,Camporrobles
46081,1,Canals,46,10,València/Valencia,ES523,46:83,nombre,L01460811,P4608300B,38.960663,-0.583985,Canals
46082,6,Canet d'En Berenguer,46,10,València/Valencia,ES523,46:84,nombre,L01460826,P4608400J,39.677966,-0.221336,Canet d'En Berenguer
46083,2,Carcaixent,46,10,València/Valencia,ES523,46:85,nombre,L01460832,P4608500G,39.122503,-0.450859,Carcaixent
46084,7,Càrcer,46,10,València/Valencia,ES523,46:86,nombre,L01460847,P4608600E,39.070147,-0.567898,Càrcer
46085,0,Carlet,46,10,València/Valencia,ES523,46:87,nombre,L01460850,P4608700C,39.225978,-0.519629,Carlet
46086,3,Carrícola,46,10,València/Valencia,ES523,46:88,nombre,L01460863,P4608800A,38.840096,-0.471897,Carrícola
46087,9,Casas Altas,46,10,València/Valencia,ES523,46:89,nombre,L01460879,P4608900I,40.039632,-1.261719,Casas Altas
46088,5,Casas Bajas,46,10,València/Valencia,ES523,46:90,nombre,L01460885,P4609000G,40.024232,-1.260316,Casas Bajas
46089,8,Casinos,46,10,València/Valencia,ES523,46:91,nombre,L01460898,P4609100E,39.701753,-0.709733,Casinos
46090,2,Castelló de Rugat,46,10,València/Valencia,ES523,46:92,nombre,L01460902,P4609200C,38.875668,-0.383099,Castelló de Rugat
46091,9,Castellonet de la Conquesta,46,10,València/Valencia,ES523,46:93,nombre,L01460919,P4609300A,38.91488,-0.263503,Castellonet de la Conquesta
46092,4,Castielfabib,46,10,València/Valencia,ES523,46:94,nombre,L01460924,P4609400I,40.131094,-1.303989,Castielfabib
46093,0,Catadau,46,10,València/Valencia,ES523,46:95,nombre,L01460930,P4609500F,39.275442,-0.569658,Catadau
46094,5,Catarroja,46,10,València/Valencia,ES523,46:96,nombre,L01460945,P4609600D,39.403035,-0.403833,Catarroja
46095,8,Caudete de las Fuentes,46,10,València/Valencia,ES523,46:97,nombre,L01460958,P4609700B,39.558824,-1.279116,Caudete de las Fuentes
46096,1,Cerdà,46,10,València/Valencia,ES523,46:98,nombre,L01460961,P4609800J,38.985783,-0.573864,Cerdà
46097,7,Cofrentes,46,10,València/Valencia,ES523,46:99,nombre,L01460977,P4609900H,39.2304,-1.061991,Cofrentes
46098,3,Corbera,46,10,València/Valencia,ES523,46:100,nombre,L01460983,P4610000D,39.158214,-0.355493,Corbera
46099,6,Cortes de Pallás,46,10,València/Valencia,ES523,46:101,nombre,L01460996,P4610100B,39.243325,-0.940669,Cortes de Pallás
46100,0,Cotes,46,10,València/Valencia,ES523,46:102,nombre,L01461000,P4610200J,39.070321,-0.574617,Cotes
46101,7,Quart de les Valls,46,10,València/Valencia,ES523,46:103,nombre,L01461017,P4610300H,39.739509,-0.271595,Quart de les Valls
46102,2,Quart de Poblet,46,10,València/Valencia,ES523,46:104,nombre,L01461022,P4610400F,39.482867,-0.442458,Quart de Poblet
46103,8,Quartell,46,10,València/Valencia,ES523,46:105,nombre,L01461038,P4610500C,39.738033,-0.26469,Quartell
46104,3,Quatretonda,46,10,València/Valencia,ES523,46:106,nombre,L01461043,P4610600A,38.946723,-0.401796,Quatretonda
46105,6,Cullera,46,10,València/Valencia,ES523,46:107,nombre,L01461056,P4610700I,39.165519,-0.255531,Cullera
46106,9,Chelva,46,10,València/Valencia,ES523,46:108,nombre,L01461069,P4610800G,39.747038,-0.997755,Chelva
46107,5,Chella,46,10,València/Valencia,ES523,46:109,nombre,L01461075,P4610900E,39.044537,-0.66133,Chella
46108,1,Chera,46,10,València/Valencia,ES523,46:110,nombre,L01461081,P4611000C,39.593564,-0.973368,Chera
46109,4,Cheste,46,10,València/Valencia,ES523,46:111,nombre,L01461094,P4611100A,39.494794,-0.68424,Cheste
46110,8,Xirivella,46,10,València/Valencia,ES523,46:112,nombre,L01461108,P4611200I,39.463046,-0.428658,Xirivella
46111,5,Chiva,46,10,València/Valencia,ES523,46:113,nombre,L01461115,P4611300G,39.47156,-0.716976,Chiva
46112,0,Chulilla,46,10,València/Valencia,ES523,46:114,nombre,L01461120,P4611400E,39.656094,-0.89196,Chulilla
46113,6,Daimús,46,10,València/Valencia,ES523,46:115,nombre,L01461136,P4611500B,38.970065,-0.153766,Daimús
46114,1,Domeño,46,10,València/Valencia,ES523,46:116,nombre,L01461141,P4611600J,39.66034,-0.672584,Domeño
46115,4,Dos Aguas,46,10,València/Valencia,ES523,46:117,nombre,L01461154,P4611700H,39.289003,-0.799995,Dos Aguas
46116,7,"Eliana, l'",46,10,València/Valencia,ES523,46:118,nombre,L01461167,P4611800F,39.566579,-0.530184,l'Eliana
46117,3,Emperador,46,10,València/Valencia,ES523,46:119,nombre,L01461173,P4611900D,39.554255,-0.338474,Emperador
46118,9,Enguera,46,10,València/Valencia,ES523,46:120,nombre,L01461189,P4612000B,38.97866,-0.687513,Enguera
46119,2,"Énova, l'",46,10,València/Valencia,ES523,46:121,nombre,L01461192,P4612100J,39.045272,-0.480591,l'Énova
46120,6,Estivella,46,10,València/Valencia,ES523,46:122,nombre,L01461206,P4612200H,39.71191,-0.34729,Estivella
46121,3,Estubeny,46,10,València/Valencia,ES523,46:123,nombre,L01461213,P4612300F,39.018005,-0.623726,Estubeny
46122,8,Faura,46,10,València/Valencia,ES523,46:124,nombre,L01461228,P4612400D,39.725774,-0.263932,Faura
46123,4,Favara,46,10,València/Valencia,ES523,46:125,nombre,L01461234,P4612500A,39.127443,-0.291484,Favara
46124,9,Fontanars dels Alforins,46,10,València/Valencia,ES523,46:126,nombre,L01461249,P4612600I,38.783546,-0.784933,Fontanars dels Alforins
46125,2,Fortaleny,46,10,València/Valencia,ES523,46:127,nombre,L01461252,P4612700G,39.183917,-0.313674,Fortaleny
46126,5,Foios,46,10,València/Valencia,ES523,46:128,nombre,L01461265,P4612800E,39.537704,-0.355922,Foios
46127,1,"Font d'en Carròs, la",46,10,València/Valencia,ES523,46:129,nombre,L01461271,P4612900C,38.916379,-0.169221,la Font d'en Carròs
46128,7,"Font de la Figuera, la",46,10,València/Valencia,ES523,46:130,nombre,L01461287,P4613000A,38.806671,-0.880386,la Font de la Figuera
46129,0,Fuenterrobles,46,10,València/Valencia,ES523,46:131,nombre,L01461290,P4613100I,39.584506,-1.364044,Fuenterrobles
46130,4,Gavarda,46,10,València/Valencia,ES523,46:132,nombre,L01461304,P4613200G,39.089642,-0.54512,Gavarda
46131,1,Gandia,46,10,València/Valencia,ES523,46:133,nombre,L01461311,P4613300E,38.966591,-0.179886,Gandia
46132,6,"Genovés, el",46,10,València/Valencia,ES523,46:134,punto,L01461326,P4613400C,38.989117,-0.467209,el Genovés
46133,2,Gestalgar,46,10,València/Valencia,ES523,46:135,nombre,L01461332,P4613500J,39.604151,-0.83473,Gestalgar
46134,7,Gilet,46,10,València/Valencia,ES523,46:136,nombre,L01461347,P4613600H,39.679091,-0.321626,Gilet
46135,0,Godella,46,10,València/Valencia,ES523,46:137,nombre,L01461350,P4613700F,39.518282,-0.409781,Godella
46136,3,Godelleta,46,10,València/Valencia,ES523,46:138,nombre,L01461363,P4613800D,39.421879,-0.686197,Godelleta
46137,9,"Granja de la Costera, la",46,10,València/Valencia,ES523,46:139,nombre,L01461379,P4613900B,38.995898,-0.557111,la Granja de la Costera
46138,5,Guadasséquies,46,10,València/Valencia,ES523,46:140,nombre,L01461385,P4614000J,38.924488,-0.488419,Guadasséquies
46139,8,Guadassuar,46,10,València/Valencia,ES523,46:141,nombre,L01461398,P4614100H,39.185736,-0.477898,Guadassuar
46140,2,Guardamar de la Safor,46,10,València/Valencia,ES523,46:142,nombre,L01461402,P4614200F,38.961866,-0.148518,Guardamar de la Safor
46141,9,Higueruelas,46,10,València/Valencia,ES523,46:143,nombre,L01461419,P4614300D,39.788498,-0.860833,Higueruelas
46142,4,Jalance,46,10,València/Valencia,ES523,46:144,nombre,L01461424,P4614400B,39.190826,-1.077079,Jalance
46143,0,Xeraco,46,10,València/Valencia,ES523,46:145,nombre,L01461430,P4614500I,39.033254,-0.215529,Xeraco
46144,5,Jarafuel,46,10,València/Valencia,ES523,46:146,nombre,L01461445,P4614600G,39.14017,-1.074199,Jarafuel
46145,8,Xàtiva,46,10,València/Valencia,ES523,46:147,nombre,L01461458,P4614700E,38.990405,-0.519938,Xàtiva
46146,1,Xeresa,46,10,València/Valencia,ES523,46:148,nombre,L01461461,P4614800C,39.010746,-0.217551,Xeresa
46147,7,Llíria,46,10,València/Valencia,ES523,46:149,nombre,L01461477,P4614900A,39.624895,-0.594883,Llíria
46148,3,Loriguilla,46,10,València/Valencia,ES523,46:150,nombre,L01461483,P4615000I,39.48966,-0.571773,Loriguilla
46149,6,Losa del Obispo,46,10,València/Valencia,ES523,46:151,nombre,L01461496,P4615100G,39.695485,-0.871934,Losa del Obispo
46150,9,Llutxent,46,10,València/Valencia,ES523,46:152,nombre,L01461509,P4615200E,38.942416,-0.356467,Llutxent
46151,6,Llocnou d'En Fenollet,46,10,València/Valencia,ES523,46:153,nombre,L01461516,P4615300C,39.013951,-0.467486,Llocnou d'En Fenollet
46152,1,Llocnou de la Corona,46,10,València/Valencia,ES523,46:154,nombre,L01461521,P4615400A,39.421399,-0.381982,Llocnou de la Corona
46153,7,Llocnou de Sant Jeroni,46,10,València/Valencia,ES523,46:155,nombre,L01461537,P4615500H,38.912242,-0.285796,Llocnou de Sant Jeroni
46154,2,Llanera de Ranes,46,10,València/Valencia,ES523,46:156,nombre,L01461542,P4615600F,38.99299,-0.572068,Llanera de Ranes
46155,5,Llaurí,46,10,València/Valencia,ES523,46:157,nombre,L01461555,P4615700D,39.146892,-0.330236,Llaurí
46156,8,Llombai,46,10,València/Valencia,ES523,46:158,nombre,L01461568,P4615800B,39.282575,-0.572439,Llombai
46157,4,"Llosa de Ranes, la",46,10,València/Valencia,ES523,46:159,nombre,L01461574,P4615900J,39.018548,-0.533565,la Llosa de Ranes
46158,0,Macastre,46,10,València/Valencia,ES523,46:160,nombre,L01461580,P4616000H,39.381999,-0.785216,Macastre
46159,3,Manises,46,10,València/Valencia,ES523,46:161,nombre,L01461593,P4616100F,39.493115,-0.457275,Manises
46160,7,Manuel,46,10,València/Valencia,ES523,46:162,nombre,L01461607,P4616200D,39.052729,-0.494274,Manuel
46161,4,Marines,46,10,València/Valencia,ES523,46:163,nombre,L01461614,P4616300B,39.674732,-0.561252,Marines
46162,9,Massalavés,46,10,València/Valencia,ES523,46:164,nombre,L01461629,P4616400J,39.140613,-0.521013,Massalavés
46163,5,Massalfassar,46,10,València/Valencia,ES523,46:165,nombre,L01461635,P4616500G,39.557955,-0.325809,Massalfassar
46164,0,Massamagrell,46,10,València/Valencia,ES523,46:166,nombre,L01461640,P4616600E,39.570181,-0.329926,Massamagrell
46165,3,Massanassa,46,10,València/Valencia,ES523,46:167,nombre,L01461653,P4616700C,39.411311,-0.398048,Massanassa
46166,6,Meliana,46,10,València/Valencia,ES523,46:168,nombre,L01461666,P4616800A,39.526937,-0.349473,Meliana
46167,2,Millares,46,10,València/Valencia,ES523,46:169,nombre,L01461672,P4616900I,39.238921,-0.773388,Millares
46168,8,Miramar,46,10,València/Valencia,ES523,46:170,nombre,L01461688,P4617000G,38.952015,-0.1384,Miramar
46169,1,Mislata,46,10,València/Valencia,ES523,46:171,nombre,L01461691,P4617100E,39.475206,-0.418037,Mislata
46170,5,Moixent/Mogente,46,10,València/Valencia,ES523,46:172,nombre,L01461705,P4617200C,38.873981,-0.751893,Moixent/Mogente
46171,2,Montcada/Moncada,46,10,València/Valencia,ES523,46:173,nombre,L01461712,P4617300A,39.545378,-0.394464,Montcada/Moncada
46172,7,Montserrat,46,10,València/Valencia,ES523,46:174,nombre,L01461727,P4617400I,39.357827,-0.603302,Montserrat
46173,3,Montaverner,46,10,València/Valencia,ES523,46:175,nombre,L01461733,P4617500F,38.888771,-0.496423,Montaverner
46174,8,Montesa,46,10,València/Valencia,ES523,46:176,nombre,L01461748,P4617600D,38.950216,-0.652888,Montesa
46175,1,Montitxelvo/Montichelvo,46,10,València/Valencia,ES523,46:177,nombre,L01461751,P4617700B,38.891201,-0.338824,Montitxelvo/Montichelvo
46176,4,Montroi/Montroy,46,10,València/Valencia,ES523,46:178,nombre,L01461764,P4617800J,39.337881,-0.614303,Montroi/Montroy
46177,0,Museros,46,10,València/Valencia,ES523,46:179,nombre,L01461770,P4617900H,39.56438,-0.34146,Museros
46178,6,Nàquera/Náquera,46,10,València/Valencia,ES523,46:180,nombre,L01461786,P4618000F,39.657379,-0.424458,Nàquera/Náquera
46179,9,Navarrés,46,10,València/Valencia,ES523,46:181,nombre,L01461799,P4618100D,39.10085,-0.694123,Navarrés
46180,3,Novetlè,46,10,València/Valencia,ES523,46:182,nombre,L01461803,P4618200B,38.981207,-0.547754,Novetlè
46181,0,Oliva,46,10,València/Valencia,ES523,46:183,nombre,L01461810,P4618300J,38.919859,-0.119355,Oliva
46182,5,Olocau,46,10,València/Valencia,ES523,46:184,nombre,L01461825,P4618400H,39.69995,-0.531395,Olocau
46183,1,"Olleria, l'",46,10,València/Valencia,ES523,46:185,nombre,L01461831,P4618500E,38.911724,-0.546653,l'Olleria
46184,6,Ontinyent,46,10,València/Valencia,ES523,46:186,nombre,L01461846,P4618600C,38.821285,-0.609757,Ontinyent
46185,9,Otos,46,10,València/Valencia,ES523,46:187,nombre,L01461859,P4618700A,38.853407,-0.443234,Otos
46186,2,Paiporta,46,10,València/Valencia,ES523,46:188,nombre,L01461862,P4618800I,39.429378,-0.417653,Paiporta
46187,8,Palma de Gandía,46,10,València/Valencia,ES523,46:189,nombre,L01461878,P4618900G,38.924491,-0.22061,Palma de Gandía
46188,4,Palmera,46,10,València/Valencia,ES523,46:190,nombre,L01461884,P4619000E,38.942179,-0.152567,Palmera
46189,7,"Palomar, el",46,10,València/Valencia,ES523,46:191,nombre,L01461897,P4619100C,38.853896,-0.501984,el Palomar
46190,1,Paterna,46,10,València/Valencia,ES523,46:192,nombre,L01461901,P4619200A,39.500785,-0.439442,Paterna
46191,8,Pedralba,46,10,València/Valencia,ES523,46:193,nombre,L01461918,P4619300I,39.604751,-0.726582,Pedralba
46192,3,Petrés,46,10,València/Valencia,ES523,46:194,nombre,L01461923,P4619400G,39.683563,-0.309738,Petrés
46193,9,Picanya,46,10,València/Valencia,ES523,46:195,nombre,L01461939,P4619500D,39.435463,-0.433255,Picanya
46194,4,Picassent,46,10,València/Valencia,ES523,46:196,nombre,L01461944,P4619600B,39.362619,-0.457517,Picassent
46195,7,Piles,46,10,València/Valencia,ES523,46:197,nombre,L01461957,P4619700J,38.941071,-0.134291,Piles
46196,0,Pinet,46,10,València/Valencia,ES523,46:198,nombre,L01461960,P4619800H,38.983103,-0.338756,Pinet
46197,6,Polinyà de Xúquer,46,10,València/Valencia,ES523,46:199,nombre,L01461976,P4619900F,39.195929,-0.369574,Polinyà de Xúquer
46198,2,Potries,46,10,València/Valencia,ES523,46:200,nombre,L01461982,P4620000B,38.915445,-0.195477,Potries
46199,5,"Pobla de Farnals, la",46,10,València/Valencia,ES523,46:201,nombre,L01461995,P4620100J,39.577752,-0.326348,la Pobla de Farnals
46200,9,"Pobla del Duc, la",46,10,València/Valencia,ES523,46:202,nombre,L01462009,P4620200H,38.90649,-0.420135,la Pobla del Duc
46201,6,Puebla de San Miguel,46,10,València/Valencia,ES523,46:203,nombre,L01462016,P4620300F,40.045079,-1.144092,Puebla de San Miguel
46202,1,"Pobla de Vallbona, la",46,10,València/Valencia,ES523,46:204,nombre,L01462021,P4620400D,39.590751,-0.554811,la Pobla de Vallbona
46203,7,"Pobla Llarga, la",46,10,València/Valencia,ES523,46:205,nombre,L01462037,P4620500A,39.086013,-0.475752,la Pobla Llarga
46204,2,"Puig de Santa Maria, el",46,10,València/Valencia,ES523,46:206,nombre,L01462042,P4620600I,39.588665,-0.306304,el Puig de Santa Maria
46205,5,Puçol,46,10,València/Valencia,ES523,46:207,nombre,L01462055,P4620700G,39.615789,-0.300366,Puçol
46206,8,Quesa,46,10,València/Valencia,ES523,46:208,nombre,L01462068,P4620800E,39.119059,-0.74063,Quesa
46207,4,Rafelbunyol,46,10,València/Valencia,ES523,46:209,nombre,L01462074,P4620900C,39.588993,-0.334413,Rafelbunyol
46208,0,Rafelcofer,46,10,València/Valencia,ES523,46:210,nombre,L01462080,P4621000A,38.933537,-0.166171,Rafelcofer
46209,3,Rafelguaraf,46,10,València/Valencia,ES523,46:211,nombre,L01462093,P4621100I,39.050629,-0.455239,Rafelguaraf
46210,7,Ráfol de Salem,46,10,València/Valencia,ES523,46:212,nombre,L01462107,P4621200G,38.866629,-0.397531,Ráfol de Salem
46211,4,"Real de Gandia, el",46,10,València/Valencia,ES523,46:213,nombre,L01462114,P4621300E,38.948632,-0.192649,el Real de Gandia
46212,9,Real,46,10,València/Valencia,ES523,46:214,nombre,L01462129,P4621400C,39.334915,-0.608953,Real
46213,5,Requena,46,10,València/Valencia,ES523,46:215,nombre,L01462135,P4621500J,39.486705,-1.098155,Requena
46214,0,Riba-roja de Túria,46,10,València/Valencia,ES523,46:216,nombre,L01462140,P4621600H,39.546935,-0.566623,Riba-roja de Túria
46215,3,Riola,46,10,València/Valencia,ES523,46:217,nombre,L01462153,P4621700F,39.195148,-0.334477,Riola
46216,6,Rocafort,46,10,València/Valencia,ES523,46:218,nombre,L01462166,P4621800D,39.528541,-0.408719,Rocafort
46217,2,Rotglà i Corberà,46,10,València/Valencia,ES523,46:219,nombre,L01462172,P4621900B,39.003558,-0.566742,Rotglà i Corberà
46218,8,Ròtova,46,10,València/Valencia,ES523,46:220,nombre,L01462188,P4622000J,38.932599,-0.257075,Ròtova
46219,1,Rugat,46,10,València/Valencia,ES523,46:221,nombre,L01462191,P4622100H,38.88001,-0.360821,Rugat
46220,5,Sagunt/Sagunto,46,10,València/Valencia,ES523,46:222,nombre,L01462205,P4622200F,39.680042,-0.278538,Sagunt/Sagunto
46221,2,Salem,46,10,València/Valencia,ES523,46:223,nombre,L01462212,P4622300D,38.853855,-0.380946,Salem
46222,7,Sant Joanet,46,10,València/Valencia,ES523,46:224,nombre,L01462227,P4622400B,39.07147,-0.487687,Sant Joanet
46223,3,Sedaví,46,10,València/Valencia,ES523,46:225,nombre,L01462233,P4622500I,39.424937,-0.385566,Sedaví
46224,8,Segart,46,10,València/Valencia,ES523,46:226,nombre,L01462248,P4622600G,39.683806,-0.374206,Segart
46225,1,Sellent,46,10,València/Valencia,ES523,46:227,nombre,L01462251,P4622700E,39.031019,-0.587567,Sellent
46226,4,Sempere,46,10,València/Valencia,ES523,46:228,nombre,L01462264,P4622800C,38.91962,-0.480243,Sempere
46227,0,Senyera,46,10,València/Valencia,ES523,46:229,nombre,L01462270,P4622900A,39.063742,-0.5102,Senyera
46228,6,Serra,46,10,València/Valencia,ES523,46:230,nombre,L01462286,P4623000I,39.685872,-0.426545,Serra
46229,9,Siete Aguas,46,10,València/Valencia,ES523,46:231,nombre,L01462299,P4623100G,39.471669,-0.915793,Siete Aguas
46230,3,Silla,46,10,València/Valencia,ES523,46:232,nombre,L01462303,P4623200E,39.362417,-0.412061,Silla
46231,0,Simat de la Valldigna,46,10,València/Valencia,ES523,46:233,nombre,L01462310,P4623300C,39.043731,-0.310345,Simat de la Valldigna
46232,5,Sinarcas,46,10,València/Valencia,ES523,46:234,nombre,L01462325,P4623400A,39.733082,-1.229162,Sinarcas
46233,1,Sollana,46,10,València/Valencia,ES523,46:235,nombre,L01462331,P4623500H,39.278179,-0.381549,Sollana
46234,6,Sot de Chera,46,10,València/Valencia,ES523,46:236,nombre,L01462346,P4623600F,39.620676,-0.909105,Sot de Chera
46235,9,Sueca,46,10,València/Valencia,ES523,46:237,nombre,L01462359,P4623700D,39.202536,-0.310816,Sueca
46236,2,Sumacàrcer,46,10,València/Valencia,ES523,46:238,nombre,L01462362,P4623800B,39.094608,-0.6292,Sumacàrcer
46237,8,Tavernes Blanques,46,10,València/Valencia,ES523,46:239,nombre,L01462378,P4623900J,39.506588,-0.364583,Tavernes Blanques
46238,4,Tavernes de la Valldigna,46,10,València/Valencia,ES523,46:240,nombre,L01462384,P4624000H,39.071626,-0.267854,Tavernes de la Valldigna
46239,7,Teresa de Cofrentes,46,10,València/Valencia,ES523,46:241,nombre,L01462397,P4624100F,39.106588,-1.051057,Teresa de Cofrentes
46240,1,Terrateig,46,10,València/Valencia,ES523,46:242,nombre,L01462401,P4624200D,38.894246,-0.320663,Terrateig
46241,8,Titaguas,46,10,València/Valencia,ES523,46:243,nombre,L01462418,P4624300B,39.865808,-1.080862,Titaguas
46242,3,Torrebaja,46,10,València/Valencia,ES523,46:244,nombre,L01462423,P4624400J,40.096143,-1.256376,Torrebaja
46243,9,Torrella,46,10,València/Valencia,ES523,46:245,nombre,L01462439,P4624500G,38.989103,-0.57178,Torrella
46244,4,Torrent,46,10,València/Valencia,ES523,46:246,nombre,L01462444,P4624600E,39.436721,-0.465982,Torrent
46245,7,Torres Torres,46,10,València/Valencia,ES523,46:247,nombre,L01462457,P4624700C,39.74304,-0.355729,Torres Torres
46246,0,Tous,46,10,València/Valencia,ES523,46:248,nombre,L01462460,P4624800A,39.138325,-0.586683,Tous
46247,6,Tuéjar,46,10,València/Valencia,ES523,46:249,nombre,L01462476,P4624900I,39.76359,-1.039582,Tuéjar
46248,2,Turís,46,10,València/Valencia,ES523,46:250,nombre,L01462482,P4625000G,39.389856,-0.711364,Turís
46249,5,Utiel,46,10,València/Valencia,ES523,46:251,nombre,L01462495,P4625100E,39.567102,-1.206061,Utiel
46250,8,València,46,10,València/Valencia,ES523,46:900,nombre,L01462508,P4625200C,39.469901,-0.377393,València
46251,5,Vallada,46,10,València/Valencia,ES523,46:253,nombre,L01462515,P4625300A,38.895877,-0.691791,Vallada
46252,0,Vallanca,46,10,València/Valencia,ES523,46:254,nombre,L01462520,P4625400I,40.062886,-1.339037,Vallanca
46253,6,Vallés,46,10,València/Valencia,ES523,46:255,nombre,L01462536,P4625500F,38.985679,-0.556164,Vallés
46254,1,Venta del Moro,46,10,València/Valencia,ES523,46:256,nombre,L01462541,P4625600D,39.484253,-1.358074,Venta del Moro
46255,4,Vilallonga/Villalonga,46,10,València/Valencia,ES523,46:257,nombre,L01462554,P4625700B,38.884473,-0.208064,Vilallonga/Villalonga
46256,7,Vilamarxant,46,10,València/Valencia,ES523,46:258,nombre,L01462567,P4625800J,39.567807,-0.622369,Vilamarxant
46257,3,Castelló,46,10,València/Valencia,ES523,46:259,punto,L01462573,P4625900H,39.079478,-0.514189,Castelló
46258,9,Villar del Arzobispo,46,10,València/Valencia,ES523,46:260,nombre,L01462589,P4626000F,39.730702,-0.825304,Villar del Arzobispo
46259,2,Villargordo del Cabriel,46,10,València/Valencia,ES523,46:261,nombre,L01462592,P4626100D,39.534803,-1.44284,Villargordo del Cabriel
46260,6,Vinalesa,46,10,València/Valencia,ES523,46:262,nombre,L01462606,P4626200B,39.539286,-0.369988,Vinalesa
46261,3,Yátova,46,10,València/Valencia,ES523,46:263,nombre,L01462613,P4626300J,39.385013,-0.808259,Yátova
46262,8,"Yesa, La",46,10,València/Valencia,ES523,46:264,nombre,L01462628,P4626400H,39.890972,-0.961715,La Yesa
46263,4,Zarra,46,10,València/Valencia,ES523,46:265,nombre,L01462634,P4626500E,39.091712,-1.0749,Zarra
46902,4,Gátova,46,10,València/Valencia,ES523,46:266,nombre,L01469024,P1206600G,39.769465,-0.520647,Gátova
46903,0,San Antonio de Benagéber,46,10,València/Valencia,ES523,46:267,nombre,L01469030,P4625203G,39.562186,-0.500696,San Antonio de Benagéber
46904,5,Benicull de Xúquer,46,10,València/Valencia,ES523,46:268,nombre,L01469045,P4600027I,39.185076,-0.382372,Benicull de Xúquer
47001,4,Adalia,47,07,Valladolid,ES418,47:1,nombre,L01470014,P4700100C,41.648542,-5.121855,Adalia
47002,9,Aguasal,47,07,Valladolid,ES418,47:2,nombre,L01470029,P4700200A,41.274683,-4.653867,Aguasal
47003,5,Aguilar de Campos,47,07,Valladolid,ES418,47:3,nombre,L01470035,P4700300I,41.984253,-5.18045,Aguilar de Campos
47004,0,Alaejos,47,07,Valladolid,ES418,47:4,nombre,L01470040,P4700400G,41.307369,-5.216574,Alaejos
47005,3,Alcazarén,47,07,Valladolid,ES418,47:5,nombre,L01470053,P4700500D,41.371133,-4.67152,Alcazarén
47006,6,Aldea de San Miguel,47,07,Valladolid,ES418,47:6,nombre,L01470066,P4700600B,41.460807,-4.617478,Aldea de San Miguel
47007,2,Aldeamayor de San Martín,47,07,Valladolid,ES418,47:7,nombre,L01470072,P4700700J,41.511938,-4.640072,Aldeamayor de San Martín
47008,8,Almenara de Adaja,47,07,Valladolid,ES418,47:9,nombre,L01470088,P4700900F,41.213815,-4.676702,Almenara de Adaja
47009,1,Amusquillo,47,07,Valladolid,ES418,47:10,nombre,L01470091,P4701000D,41.74888,-4.302139,Amusquillo
47010,5,Arroyo de la Encomienda,47,07,Valladolid,ES418,47:11,nombre,L01470105,P4701100B,41.626215,-4.773298,Arroyo de la Encomienda
47011,2,Ataquines,47,07,Valladolid,ES418,47:12,nombre,L01470112,P4701200J,41.181519,-4.805476,Ataquines
47012,7,Bahabón,47,07,Valladolid,ES418,47:13,nombre,L01470127,P4701300H,41.481349,-4.279161,Bahabón
47013,3,Barcial de la Loma,47,07,Valladolid,ES418,47:14,nombre,L01470133,P4701400F,41.95161,-5.283132,Barcial de la Loma
47014,8,Barruelo del Valle,47,07,Valladolid,ES418,47:15,nombre,L01470148,P4701500C,41.674112,-5.069809,Barruelo del Valle
47015,1,Becilla de Valderaduey,47,07,Valladolid,ES418,47:16,nombre,L01470151,P4701600A,42.097973,-5.217556,Becilla de Valderaduey
47016,4,Benafarces,47,07,Valladolid,ES418,47:17,nombre,L01470164,P4701700I,41.621,-5.293237,Benafarces
47017,0,Bercero,47,07,Valladolid,ES418,47:18,nombre,L01470170,P4701800G,41.563391,-5.056244,Bercero
47018,6,Berceruelo,47,07,Valladolid,ES418,47:19,nombre,L01470186,P4701900E,41.580597,-5.032179,Berceruelo
47019,9,Berrueces,47,07,Valladolid,ES418,47:20,nombre,L01470199,P4702000C,41.945515,-5.097364,Berrueces
47020,3,Bobadilla del Campo,47,07,Valladolid,ES418,47:21,nombre,L01470203,P4702100A,41.205292,-5.022191,Bobadilla del Campo
47021,0,Bocigas,47,07,Valladolid,ES418,47:22,nombre,L01470210,P4702200I,41.230203,-4.681417,Bocigas
47022,5,Bocos de Duero,47,07,Valladolid,ES418,47:23,nombre,L01470225,P4702300G,41.623376,-4.069962,Bocos de Duero
47023,1,Boecillo,47,07,Valladolid,ES418,47:24,nombre,L01470231,P4702400E,41.540878,-4.699821,Boecillo
47024,6,Bolaños de Campos,47,07,Valladolid,ES418,47:25,nombre,L01470246,P4702500B,42.005893,-5.285038,Bolaños de Campos
47025,9,Brahojos de Medina,47,07,Valladolid,ES418,47:26,nombre,L01470259,P4702600J,41.230762,-5.041534,Brahojos de Medina
47026,2,Bustillo de Chaves,47,07,Valladolid,ES418,47:27,nombre,L01470262,P4702700H,42.13156,-5.091133,Bustillo de Chaves
47027,8,Cabezón de Pisuerga,47,07,Valladolid,ES418,47:28,nombre,L01470278,P4702800F,41.733988,-4.64647,Cabezón de Pisuerga
47028,4,Cabezón de Valderaduey,47,07,Valladolid,ES418,47:29,nombre,L01470284,P4702900D,42.168372,-5.15865,Cabezón de Valderaduey
47029,7,Cabreros del Monte,47,07,Valladolid,ES418,47:30,nombre,L01470297,P4703000B,41.849561,-5.270152,Cabreros del Monte
47030,1,Campaspero,47,07,Valladolid,ES418,47:31,nombre,L01470301,P4703100J,41.491515,-4.194001,Campaspero
47031,8,"Campillo, El",47,07,Valladolid,ES418,47:32,nombre,L01470318,P4703200H,41.256882,-5.013977,El Campillo
47032,3,Camporredondo,47,07,Valladolid,ES418,47:33,nombre,L01470323,P4703300F,41.474515,-4.501961,Camporredondo
47033,9,Canalejas de Peñafiel,47,07,Valladolid,ES418,47:34,nombre,L01470339,P4703400D,41.526059,-4.116299,Canalejas de Peñafiel
47034,4,Canillas de Esgueva,47,07,Valladolid,ES418,47:35,nombre,L01470344,P4703500A,41.755848,-4.123988,Canillas de Esgueva
47035,7,Carpio,47,07,Valladolid,ES418,47:36,nombre,L01470357,P4703600I,41.213974,-5.109693,Carpio
47036,0,Casasola de Arión,47,07,Valladolid,ES418,47:37,nombre,L01470360,P4703700G,41.578279,-5.241292,Casasola de Arión
47037,6,Castrejón de Trabancos,47,07,Valladolid,ES418,47:38,nombre,L01470376,P4703800E,41.252387,-5.170908,Castrejón de Trabancos
47038,2,Castrillo de Duero,47,07,Valladolid,ES418,47:39,nombre,L01470382,P4703900C,41.574932,-4.014495,Castrillo de Duero
47039,5,Castrillo-Tejeriego,47,07,Valladolid,ES418,47:40,nombre,L01470395,P4704000A,41.702942,-4.371354,Castrillo-Tejeriego
47040,9,Castrobol,47,07,Valladolid,ES418,47:41,nombre,L01470409,P4704100I,42.135862,-5.313027,Castrobol
47041,6,Castrodeza,47,07,Valladolid,ES418,47:42,nombre,L01470416,P4704200G,41.648228,-4.959586,Castrodeza
47042,1,Castromembibre,47,07,Valladolid,ES418,47:43,nombre,L01470421,P4704300E,41.672037,-5.305034,Castromembibre
47043,7,Castromonte,47,07,Valladolid,ES418,47:44,nombre,L01470437,P4704400C,41.773535,-5.04012,Castromonte
47044,2,Castronuevo de Esgueva,47,07,Valladolid,ES418,47:45,nombre,L01470442,P4704500J,41.682034,-4.587486,Castronuevo de Esgueva
47045,5,Castronuño,47,07,Valladolid,ES418,47:46,nombre,L01470455,P4704600H,41.389571,-5.262782,Castronuño
47046,8,Castroponce,47,07,Valladolid,ES418,47:47,nombre,L01470468,P4704700F,42.127209,-5.182973,Castroponce
47047,4,Castroverde de Cerrato,47,07,Valladolid,ES418,47:48,nombre,L01470474,P4704800D,41.756485,-4.221326,Castroverde de Cerrato
47048,0,Ceinos de Campos,47,07,Valladolid,ES418,47:49,nombre,L01470480,P4704900B,42.032631,-5.148304,Ceinos de Campos
47049,3,Cervillego de la Cruz,47,07,Valladolid,ES418,47:50,nombre,L01470493,P4705000J,41.186917,-4.950139,Cervillego de la Cruz
47050,6,Cigales,47,07,Valladolid,ES418,47:51,nombre,L01470506,P4705100H,41.758465,-4.698769,Cigales
47051,3,Ciguñuela,47,07,Valladolid,ES418,47:52,nombre,L01470513,P4705200F,41.640421,-4.855745,Ciguñuela
47052,8,Cistérniga,47,07,Valladolid,ES418,47:53,nombre,L01470528,P4705300D,41.612062,-4.684718,Cistérniga
47053,4,Cogeces de Íscar,47,07,Valladolid,ES418,47:54,nombre,L01470534,P4705400B,41.406443,-4.545427,Cogeces de Íscar
47054,9,Cogeces del Monte,47,07,Valladolid,ES418,47:55,nombre,L01470549,P4705500I,41.510086,-4.316623,Cogeces del Monte
47055,2,Corcos,47,07,Valladolid,ES418,47:56,nombre,L01470552,P4705600G,41.809092,-4.692042,Corcos
47056,5,Corrales de Duero,47,07,Valladolid,ES418,47:57,nombre,L01470565,P4705700E,41.671718,-4.04825,Corrales de Duero
47057,1,Cubillas de Santa Marta,47,07,Valladolid,ES418,47:58,nombre,L01470571,P4705800C,41.833442,-4.612983,Cubillas de Santa Marta
47058,7,Cuenca de Campos,47,07,Valladolid,ES418,47:59,nombre,L01470587,P4705900A,42.058391,-5.055265,Cuenca de Campos
47059,0,Curiel de Duero,47,07,Valladolid,ES418,47:60,nombre,L01470590,P4706000I,41.640424,-4.099079,Curiel de Duero
47060,4,Encinas de Esgueva,47,07,Valladolid,ES418,47:61,nombre,L01470604,P4706100G,41.757024,-4.103574,Encinas de Esgueva
47061,1,Esguevillas de Esgueva,47,07,Valladolid,ES418,47:62,nombre,L01470611,P4706200E,41.74932,-4.38066,Esguevillas de Esgueva
47062,6,Fombellida,47,07,Valladolid,ES418,47:63,nombre,L01470626,P4706300C,41.767913,-4.184952,Fombellida
47063,2,Fompedraza,47,07,Valladolid,ES418,47:64,nombre,L01470632,P4706400A,41.536111,-4.143914,Fompedraza
47064,7,Fontihoyuelo,47,07,Valladolid,ES418,47:65,nombre,L01470647,P4706500H,42.162075,-5.059576,Fontihoyuelo
47065,0,Fresno el Viejo,47,07,Valladolid,ES418,47:66,nombre,L01470650,P4706600F,41.195822,-5.14586,Fresno el Viejo
47066,3,Fuensaldaña,47,07,Valladolid,ES418,47:67,nombre,L01470663,P4706700D,41.706826,-4.766164,Fuensaldaña
47067,9,Fuente el Sol,47,07,Valladolid,ES418,47:68,nombre,L01470679,P4706800B,41.176851,-4.935061,Fuente el Sol
47068,5,Fuente-Olmedo,47,07,Valladolid,ES418,47:69,nombre,L01470685,P4706900J,41.243882,-4.647481,Fuente-Olmedo
47069,8,Gallegos de Hornija,47,07,Valladolid,ES418,47:70,nombre,L01470698,P4707000H,41.609861,-5.097667,Gallegos de Hornija
47070,2,Gatón de Campos,47,07,Valladolid,ES418,47:71,nombre,L01470702,P4707100F,42.049654,-4.978989,Gatón de Campos
47071,9,Geria,47,07,Valladolid,ES418,47:72,nombre,L01470719,P4707200D,41.578978,-4.877309,Geria
47073,0,Herrín de Campos,47,07,Valladolid,ES418,47:74,nombre,L01470730,P4707400J,42.123997,-4.953801,Herrín de Campos
47074,5,Hornillos de Eresma,47,07,Valladolid,ES418,47:75,nombre,L01470745,P4707500G,41.366566,-4.717948,Hornillos de Eresma
47075,8,Íscar,47,07,Valladolid,ES418,47:76,nombre,L01470758,P4707600E,41.361643,-4.534046,Íscar
47076,1,Laguna de Duero,47,07,Valladolid,ES418,47:77,nombre,L01470761,P4707700C,41.582123,-4.721489,Laguna de Duero
47077,7,Langayo,47,07,Valladolid,ES418,47:78,nombre,L01470777,P4707800A,41.568839,-4.198037,Langayo
47078,3,Lomoviejo,47,07,Valladolid,ES418,47:79,nombre,L01470783,P4707900I,41.148678,-4.917265,Lomoviejo
47079,6,Llano de Olmedo,47,07,Valladolid,ES418,47:80,nombre,L01470796,P4708000G,41.266838,-4.614035,Llano de Olmedo
47080,0,Manzanillo,47,07,Valladolid,ES418,47:81,nombre,L01470800,P4708100E,41.586076,-4.188874,Manzanillo
47081,7,Marzales,47,07,Valladolid,ES418,47:82,nombre,L01470817,P4708200C,41.587542,-5.133179,Marzales
47082,2,Matapozuelos,47,07,Valladolid,ES418,47:83,nombre,L01470822,P4708300A,41.414655,-4.791085,Matapozuelos
47083,8,Matilla de los Caños,47,07,Valladolid,ES418,47:84,nombre,L01470838,P4708400I,41.547611,-4.967757,Matilla de los Caños
47084,3,Mayorga,47,07,Valladolid,ES418,47:85,nombre,L01470843,P4708500F,42.166975,-5.262646,Mayorga
47085,6,Medina del Campo,47,07,Valladolid,ES418,47:86,nombre,L01470856,P4708600D,41.307852,-4.915802,Medina del Campo
47086,9,Medina de Rioseco,47,07,Valladolid,ES418,47:87,nombre,L01470869,P4708700B,41.880893,-5.040506,Medina de Rioseco
47087,5,Megeces,47,07,Valladolid,ES418,47:88,nombre,L01470875,P4708800J,41.40748,-4.565466,Megeces
47088,1,Melgar de Abajo,47,07,Valladolid,ES418,47:89,nombre,L01470881,P4708900H,42.244733,-5.141422,Melgar de Abajo
47089,4,Melgar de Arriba,47,07,Valladolid,ES418,47:90,nombre,L01470894,P4709000F,42.268507,-5.097316,Melgar de Arriba
47090,8,Mojados,47,07,Valladolid,ES418,47:91,nombre,L01470908,P4709100D,41.432947,-4.662159,Mojados
47091,5,Monasterio de Vega,47,07,Valladolid,ES418,47:92,nombre,L01470915,P4709200B,42.230479,-5.18042,Monasterio de Vega
47092,0,Montealegre de Campos,47,07,Valladolid,ES418,47:93,nombre,L01470920,P4709300J,41.901614,-4.899099,Montealegre de Campos
47093,6,Montemayor de Pililla,47,07,Valladolid,ES418,47:94,nombre,L01470936,P4709400H,41.508366,-4.458389,Montemayor de Pililla
47094,1,Moral de la Reina,47,07,Valladolid,ES418,47:95,nombre,L01470941,P4709500E,41.9853,-5.071531,Moral de la Reina
47095,4,Moraleja de las Panaderas,47,07,Valladolid,ES418,47:96,nombre,L01470954,P4709600C,41.276493,-4.825342,Moraleja de las Panaderas
47096,7,Morales de Campos,47,07,Valladolid,ES418,47:97,nombre,L01470967,P4709700A,41.861231,-5.174111,Morales de Campos
47097,3,Mota del Marqués,47,07,Valladolid,ES418,47:98,nombre,L01470973,P4709800I,41.63288,-5.177144,Mota del Marqués
47098,9,Mucientes,47,07,Valladolid,ES418,47:99,nombre,L01470989,P4709900G,41.743928,-4.761446,Mucientes
47099,2,"Mudarra, La",47,07,Valladolid,ES418,47:100,nombre,L01470992,P4710000C,41.779321,-4.943588,La Mudarra
47100,6,Muriel,47,07,Valladolid,ES418,47:101,nombre,L01471006,P4710100A,41.121607,-4.84254,Muriel
47101,3,Nava del Rey,47,07,Valladolid,ES418,47:102,nombre,L01471013,P4710200I,41.330033,-5.080963,Nava del Rey
47102,8,Nueva Villa de las Torres,47,07,Valladolid,ES418,47:103,nombre,L01471028,P4710300G,41.268017,-5.056605,Nueva Villa de las Torres
47103,4,Olivares de Duero,47,07,Valladolid,ES418,47:104,nombre,L01471034,P4710400E,41.63786,-4.364573,Olivares de Duero
47104,9,Olmedo,47,07,Valladolid,ES418,47:105,nombre,L01471049,P4710500B,41.288348,-4.685273,Olmedo
47105,2,Olmos de Esgueva,47,07,Valladolid,ES418,47:106,nombre,L01471052,P4710600J,41.688138,-4.522191,Olmos de Esgueva
47106,5,Olmos de Peñafiel,47,07,Valladolid,ES418,47:107,nombre,L01471065,P4710700H,41.572252,-4.042523,Olmos de Peñafiel
47109,0,Palazuelo de Vedija,47,07,Valladolid,ES418,47:110,nombre,L01471090,P4711000B,41.928456,-5.144746,Palazuelo de Vedija
47110,4,"Parrilla, La",47,07,Valladolid,ES418,47:111,nombre,L01471104,P4711100J,41.536976,-4.53421,La Parrilla
47111,1,"Pedraja de Portillo, La",47,07,Valladolid,ES418,47:112,nombre,L01471111,P4711200H,41.471726,-4.647342,La Pedraja de Portillo
47112,6,Pedrajas de San Esteban,47,07,Valladolid,ES418,47:113,nombre,L01471126,P4711300F,41.342392,-4.5824,Pedrajas de San Esteban
47113,2,Pedrosa del Rey,47,07,Valladolid,ES418,47:114,nombre,L01471132,P4711400D,41.555949,-5.204187,Pedrosa del Rey
47114,7,Peñafiel,47,07,Valladolid,ES418,47:115,nombre,L01471147,P4711500A,41.596743,-4.118605,Peñafiel
47115,0,Peñaflor de Hornija,47,07,Valladolid,ES418,47:116,nombre,L01471150,P4711600I,41.711005,-4.983511,Peñaflor de Hornija
47116,3,Pesquera de Duero,47,07,Valladolid,ES418,47:117,nombre,L01471163,P4711700G,41.641563,-4.156143,Pesquera de Duero
47117,9,Piña de Esgueva,47,07,Valladolid,ES418,47:118,nombre,L01471179,P4711800E,41.72826,-4.4281,Piña de Esgueva
47118,5,Piñel de Abajo,47,07,Valladolid,ES418,47:119,nombre,L01471185,P4711900C,41.674945,-4.14747,Piñel de Abajo
47119,8,Piñel de Arriba,47,07,Valladolid,ES418,47:120,nombre,L01471198,P4712000A,41.698939,-4.127377,Piñel de Arriba
47121,9,Pollos,47,07,Valladolid,ES418,47:122,nombre,L01471219,P4712200G,41.444386,-5.125952,Pollos
47122,4,Portillo,47,07,Valladolid,ES418,47:123,nombre,L01471224,P4712300E,41.479073,-4.588062,Portillo
47123,0,Pozal de Gallinas,47,07,Valladolid,ES418,47:124,nombre,L01471230,P4712400C,41.317576,-4.83889,Pozal de Gallinas
47124,5,Pozaldez,47,07,Valladolid,ES418,47:125,nombre,L01471245,P4712500J,41.37092,-4.843203,Pozaldez
47125,8,Pozuelo de la Orden,47,07,Valladolid,ES418,47:126,nombre,L01471258,P4712600H,41.820338,-5.259416,Pozuelo de la Orden
47126,1,Puras,47,07,Valladolid,ES418,47:127,nombre,L01471261,P4712700F,41.182846,-4.649507,Puras
47127,7,Quintanilla de Arriba,47,07,Valladolid,ES418,47:128,nombre,L01471277,P4712800D,41.620262,-4.218323,Quintanilla de Arriba
47128,3,Quintanilla del Molar,47,07,Valladolid,ES418,47:129,nombre,L01471283,P4712900B,41.988323,-5.45001,Quintanilla del Molar
47129,6,Quintanilla de Onésimo,47,07,Valladolid,ES418,47:130,nombre,L01471296,P4713000J,41.625775,-4.365486,Quintanilla de Onésimo
47130,0,Quintanilla de Trigueros,47,07,Valladolid,ES418,47:131,nombre,L01471300,P4713100H,41.855274,-4.659857,Quintanilla de Trigueros
47131,7,Rábano,47,07,Valladolid,ES418,47:132,nombre,L01471317,P4713200F,41.532634,-4.061421,Rábano
47132,2,Ramiro,47,07,Valladolid,ES418,47:133,nombre,L01471322,P4713300D,41.228855,-4.786281,Ramiro
47133,8,Renedo de Esgueva,47,07,Valladolid,ES418,47:134,nombre,L01471338,P4713400B,41.6547,-4.627253,Renedo de Esgueva
47134,3,Roales de Campos,47,07,Valladolid,ES418,47:135,nombre,L01471343,P4713500I,42.030467,-5.47455,Roales de Campos
47135,6,Robladillo,47,07,Valladolid,ES418,47:136,nombre,L01471356,P4713600G,41.608272,-4.91015,Robladillo
47137,5,Roturas,47,07,Valladolid,ES418,47:138,nombre,L01471375,P4713800C,41.668249,-4.117737,Roturas
47138,1,Rubí de Bracamonte,47,07,Valladolid,ES418,47:139,nombre,L01471381,P4713900A,41.213621,-4.924966,Rubí de Bracamonte
47139,4,Rueda,47,07,Valladolid,ES418,47:140,nombre,L01471394,P4714000I,41.413129,-4.960384,Rueda
47140,8,Saelices de Mayorga,47,07,Valladolid,ES418,47:141,nombre,L01471408,P4714100G,42.212004,-5.206004,Saelices de Mayorga
47141,5,Salvador de Zapardiel,47,07,Valladolid,ES418,47:142,nombre,L01471415,P4714200E,41.117269,-4.875226,Salvador de Zapardiel
47142,0,San Cebrián de Mazote,47,07,Valladolid,ES418,47:143,nombre,L01471420,P4714300C,41.679924,-5.147868,San Cebrián de Mazote
47143,6,San Llorente,47,07,Valladolid,ES418,47:144,nombre,L01471436,P4714400A,41.685662,-4.065671,San Llorente
47144,1,San Martín de Valvení,47,07,Valladolid,ES418,47:145,nombre,L01471441,P4714500H,41.75316,-4.565225,San Martín de Valvení
47145,4,San Miguel del Arroyo,47,07,Valladolid,ES418,47:146,nombre,L01471454,P4714600F,41.443617,-4.460076,San Miguel del Arroyo
47146,7,San Miguel del Pino,47,07,Valladolid,ES418,47:147,nombre,L01471467,P4714700D,41.508705,-4.911279,San Miguel del Pino
47147,3,San Pablo de la Moraleja,47,07,Valladolid,ES418,47:148,nombre,L01471473,P4714800B,41.160634,-4.77747,San Pablo de la Moraleja
47148,9,San Pedro de Latarce,47,07,Valladolid,ES418,47:149,nombre,L01471489,P4714900J,41.734729,-5.326003,San Pedro de Latarce
47149,2,San Pelayo,47,07,Valladolid,ES418,47:150,nombre,L01471492,P4715000H,41.680298,-5.034403,San Pelayo
47150,5,San Román de Hornija,47,07,Valladolid,ES418,47:151,nombre,L01471505,P4715100F,41.481707,-5.285637,San Román de Hornija
47151,2,San Salvador,47,07,Valladolid,ES418,47:152,nombre,L01471512,P4715200D,41.620388,-5.087147,San Salvador
47152,7,Santa Eufemia del Arroyo,47,07,Valladolid,ES418,47:153,nombre,L01471527,P4715300B,41.89551,-5.265108,Santa Eufemia del Arroyo
47153,3,Santervás de Campos,47,07,Valladolid,ES418,47:154,nombre,L01471533,P4715400J,42.217588,-5.100199,Santervás de Campos
47154,8,Santibáñez de Valcorba,47,07,Valladolid,ES418,47:155,nombre,L01471548,P4715500G,41.570294,-4.449251,Santibáñez de Valcorba
47155,1,Santovenia de Pisuerga,47,07,Valladolid,ES418,47:156,nombre,L01471551,P4715600E,41.696628,-4.689283,Santovenia de Pisuerga
47156,4,San Vicente del Palacio,47,07,Valladolid,ES418,47:157,nombre,L01471564,P4715700C,41.219773,-4.852183,San Vicente del Palacio
47157,0,Sardón de Duero,47,07,Valladolid,ES418,47:158,nombre,L01471570,P4715800A,41.608781,-4.433744,Sardón de Duero
47158,6,"Seca, La",47,07,Valladolid,ES418,47:159,nombre,L01471586,P4715900I,41.414836,-4.907179,La Seca
47159,9,Serrada,47,07,Valladolid,ES418,47:160,nombre,L01471599,P4716000G,41.456732,-4.862499,Serrada
47160,3,Siete Iglesias de Trabancos,47,07,Valladolid,ES418,47:161,nombre,L01471603,P4716100E,41.352472,-5.185775,Siete Iglesias de Trabancos
47161,0,Simancas,47,07,Valladolid,ES418,47:162,nombre,L01471610,P4716200C,41.590488,-4.826934,Simancas
47162,5,Tamariz de Campos,47,07,Valladolid,ES418,47:163,nombre,L01471625,P4716300A,41.976652,-5.024923,Tamariz de Campos
47163,1,Tiedra,47,07,Valladolid,ES418,47:164,nombre,L01471631,P4716400I,41.651813,-5.266675,Tiedra
47164,6,Tordehumos,47,07,Valladolid,ES418,47:165,nombre,L01471646,P4716500F,41.814558,-5.159217,Tordehumos
47165,9,Tordesillas,47,07,Valladolid,ES418,47:166,nombre,L01471659,P4716600D,41.50065,-5.000195,Tordesillas
47166,2,Torrecilla de la Abadesa,47,07,Valladolid,ES418,47:167,nombre,L01471662,P4716700B,41.484993,-5.087711,Torrecilla de la Abadesa
47167,8,Torrecilla de la Orden,47,07,Valladolid,ES418,47:168,nombre,L01471678,P4716800J,41.219481,-5.224175,Torrecilla de la Orden
47168,4,Torrecilla de la Torre,47,07,Valladolid,ES418,47:169,nombre,L01471684,P4716900H,41.66607,-5.049789,Torrecilla de la Torre
47169,7,Torre de Esgueva,47,07,Valladolid,ES418,47:170,nombre,L01471697,P4717000F,41.768683,-4.199612,Torre de Esgueva
47170,1,Torre de Peñafiel,47,07,Valladolid,ES418,47:171,nombre,L01471701,P4717100D,41.536299,-4.088495,Torre de Peñafiel
47171,8,Torrelobatón,47,07,Valladolid,ES418,47:172,nombre,L01471718,P4717200B,41.64917,-5.025118,Torrelobatón
47172,3,Torrescárcela,47,07,Valladolid,ES418,47:173,nombre,L01471723,P4717300J,41.48501,-4.319452,Torrescárcela
47173,9,Traspinedo,47,07,Valladolid,ES418,47:174,nombre,L01471739,P4717400H,41.574481,-4.477145,Traspinedo
47174,4,Trigueros del Valle,47,07,Valladolid,ES418,47:175,nombre,L01471744,P4717500E,41.8303,-4.652565,Trigueros del Valle
47175,7,Tudela de Duero,47,07,Valladolid,ES418,47:176,nombre,L01471757,P4717600C,41.583581,-4.579981,Tudela de Duero
47176,0,"Unión de Campos, La",47,07,Valladolid,ES418,47:177,nombre,L01471760,P4717700A,42.076518,-5.324929,La Unión de Campos
47177,6,Urones de Castroponce,47,07,Valladolid,ES418,47:178,nombre,L01471776,P4717800I,42.099214,-5.282687,Urones de Castroponce
47178,2,Urueña,47,07,Valladolid,ES418,47:179,nombre,L01471782,P4717900G,41.726782,-5.202986,Urueña
47179,5,Valbuena de Duero,47,07,Valladolid,ES418,47:180,nombre,L01471795,P4718000E,41.642339,-4.293106,Valbuena de Duero
47180,9,Valdearcos de la Vega,47,07,Valladolid,ES418,47:181,nombre,L01471809,P4718100C,41.642737,-4.048435,Valdearcos de la Vega
47181,6,Valdenebro de los Valles,47,07,Valladolid,ES418,47:182,nombre,L01471816,P4718200A,41.856131,-4.969477,Valdenebro de los Valles
47182,1,Valdestillas,47,07,Valladolid,ES418,47:183,nombre,L01471821,P4718300I,41.475532,-4.771195,Valdestillas
47183,7,Valdunquillo,47,07,Valladolid,ES418,47:184,nombre,L01471837,P4718400G,42.041778,-5.313882,Valdunquillo
47184,2,Valoria la Buena,47,07,Valladolid,ES418,47:185,nombre,L01471842,P4718500D,41.799733,-4.528742,Valoria la Buena
47185,5,Valverde de Campos,47,07,Valladolid,ES418,47:186,nombre,L01471855,P4718600B,41.835018,-5.037344,Valverde de Campos
47186,8,Valladolid,47,07,Valladolid,ES418,47:900,nombre,L01471868,P4718700J,41.652328,-4.723349,Valladolid
47187,4,Vega de Ruiponce,47,07,Valladolid,ES418,47:188,nombre,L01471874,P4718800H,42.188097,-5.115633,Vega de Ruiponce
47188,0,Vega de Valdetronco,47,07,Valladolid,ES418,47:189,nombre,L01471880,P4718900F,41.592528,-5.114664,Vega de Valdetronco
47189,3,Velascálvaro,47,07,Valladolid,ES418,47:190,nombre,L01471893,P4719000D,41.230566,-4.972475,Velascálvaro
47190,7,Velilla,47,07,Valladolid,ES418,47:191,nombre,L01471907,P4719100B,41.557995,-5.005027,Velilla
47191,4,Velliza,47,07,Valladolid,ES418,47:192,nombre,L01471914,P4719200J,41.579369,-4.947467,Velliza
47192,9,Ventosa de la Cuesta,47,07,Valladolid,ES418,47:193,nombre,L01471929,P4719300H,41.411808,-4.827631,Ventosa de la Cuesta
47193,5,Viana de Cega,47,07,Valladolid,ES418,47:194,nombre,L01471935,P4719400F,41.529112,-4.752442,Viana de Cega
47194,0,Viloria,47,07,Valladolid,ES418,47:195,nombre,L01471940,P4719500C,41.445854,-4.381827,Viloria
47195,3,Villabáñez,47,07,Valladolid,ES418,47:196,nombre,L01471953,P4719600A,41.63072,-4.523488,Villabáñez
47196,6,Villabaruz de Campos,47,07,Valladolid,ES418,47:197,nombre,L01471966,P4719700I,42.010601,-4.995916,Villabaruz de Campos
47197,2,Villabrágima,47,07,Valladolid,ES418,47:198,nombre,L01471972,P4719800G,41.821765,-5.116813,Villabrágima
47198,8,Villacarralón,47,07,Valladolid,ES418,47:199,nombre,L01471988,P4719900E,42.189844,-5.043087,Villacarralón
47199,1,Villacid de Campos,47,07,Valladolid,ES418,47:200,nombre,L01471991,P4720000A,42.082648,-5.124707,Villacid de Campos
47200,5,Villaco,47,07,Valladolid,ES418,47:201,nombre,L01472005,P4720100I,41.739775,-4.268631,Villaco
47203,3,Villafrades de Campos,47,07,Valladolid,ES418,47:204,nombre,L01472033,P4720400C,42.077642,-4.970841,Villafrades de Campos
47204,8,Villafranca de Duero,47,07,Valladolid,ES418,47:205,nombre,L01472048,P4720500J,41.432948,-5.301952,Villafranca de Duero
47205,1,Villafrechós,47,07,Valladolid,ES418,47:206,nombre,L01472051,P4720600H,41.893315,-5.219068,Villafrechós
47206,4,Villafuerte,47,07,Valladolid,ES418,47:207,nombre,L01472064,P4720700F,41.734587,-4.323691,Villafuerte
47207,0,Villagarcía de Campos,47,07,Valladolid,ES418,47:208,nombre,L01472070,P4720800D,41.778273,-5.191906,Villagarcía de Campos
47208,6,Villagómez la Nueva,47,07,Valladolid,ES418,47:209,nombre,L01472086,P4720900B,42.156188,-5.142955,Villagómez la Nueva
47209,9,Villalán de Campos,47,07,Valladolid,ES418,47:210,nombre,L01472099,P4721000J,42.014593,-5.236293,Villalán de Campos
47210,3,Villalar de los Comuneros,47,07,Valladolid,ES418,47:211,nombre,L01472103,P4721100H,41.550239,-5.138622,Villalar de los Comuneros
47211,0,Villalba de la Loma,47,07,Valladolid,ES418,47:212,nombre,L01472110,P4721200F,42.174758,-5.189844,Villalba de la Loma
47212,5,Villalba de los Alcores,47,07,Valladolid,ES418,47:213,nombre,L01472125,P4721300D,41.863198,-4.858234,Villalba de los Alcores
47213,1,Villalbarba,47,07,Valladolid,ES418,47:214,nombre,L01472131,P4721400B,41.604547,-5.212334,Villalbarba
47214,6,Villalón de Campos,47,07,Valladolid,ES418,47:215,nombre,L01472146,P4721500I,42.098445,-5.035039,Villalón de Campos
47215,9,Villamuriel de Campos,47,07,Valladolid,ES418,47:216,nombre,L01472159,P4721600G,41.947158,-5.207896,Villamuriel de Campos
47216,2,Villán de Tordesillas,47,07,Valladolid,ES418,47:217,nombre,L01472162,P4721700E,41.593257,-4.921713,Villán de Tordesillas
47217,8,Villanubla,47,07,Valladolid,ES418,47:218,nombre,L01472178,P4721800C,41.698817,-4.841677,Villanubla
47218,4,Villanueva de Duero,47,07,Valladolid,ES418,47:219,nombre,L01472184,P4721900A,41.5175,-4.870348,Villanueva de Duero
47219,7,Villanueva de la Condesa,47,07,Valladolid,ES418,47:220,nombre,L01472197,P4722000I,42.149046,-5.095523,Villanueva de la Condesa
47220,1,Villanueva de los Caballeros,47,07,Valladolid,ES418,47:221,nombre,L01472201,P4722100G,41.758349,-5.247146,Villanueva de los Caballeros
47221,8,Villanueva de los Infantes,47,07,Valladolid,ES418,47:222,nombre,L01472218,P4722200E,41.703443,-4.483335,Villanueva de los Infantes
47222,3,Villanueva de San Mancio,47,07,Valladolid,ES418,47:223,nombre,L01472223,P4722300C,41.9282,-5.01201,Villanueva de San Mancio
47223,9,Villardefrades,47,07,Valladolid,ES418,47:224,nombre,L01472239,P4722400A,41.723159,-5.254507,Villardefrades
47224,4,Villarmentero de Esgueva,47,07,Valladolid,ES418,47:225,nombre,L01472244,P4722500H,41.684989,-4.54677,Villarmentero de Esgueva
47225,7,Villasexmir,47,07,Valladolid,ES418,47:226,nombre,L01472257,P4722600F,41.638616,-5.064969,Villasexmir
47226,0,Villavaquerín,47,07,Valladolid,ES418,47:227,nombre,L01472260,P4722700D,41.663462,-4.462644,Villavaquerín
47227,6,Villavellid,47,07,Valladolid,ES418,47:228,nombre,L01472276,P4722800B,41.69205,-5.276831,Villavellid
47228,2,Villaverde de Medina,47,07,Valladolid,ES418,47:229,nombre,L01472282,P4722900J,41.307524,-5.025852,Villaverde de Medina
47229,5,Villavicencio de los Caballeros,47,07,Valladolid,ES418,47:230,nombre,L01472295,P4723000H,42.058962,-5.235758,Villavicencio de los Caballeros
47230,9,Wamba,47,07,Valladolid,ES418,47:231,nombre,L01472309,P4723100F,41.676612,-4.917487,Wamba
47231,6,Zaratán,47,07,Valladolid,ES418,47:232,nombre,L01472316,P4723200D,41.659287,-4.784087,Zaratán
47232,1,"Zarza, La",47,07,Valladolid,ES418,47:233,nombre,L01472321,P4723300B,41.261857,-4.77164,La Zarza
48001,0,Abadiño,48,16,Bizkaia,ES213,48:1,punto,L01480010,P4800100B,43.152499,-2.608188,Abadiño-Zelaieta
48002,5,Abanto y Ciérvana-Abanto Zierbena,48,16,Bizkaia,ES213,48:2,nombre,L01480025,P4800200J,43.320733,-3.073873,Gallarta
48003,1,Amorebieta-Etxano,48,16,Bizkaia,ES213,48:3,nombre,L01480031,P4800300H,43.220301,-2.732118,Amorebieta
48004,6,Amoroto,48,16,Bizkaia,ES213,48:4,nombre,L01480046,P4800400F,43.325949,-2.513445,Elexalde
48005,9,Arakaldo,48,16,Bizkaia,ES213,48:5,nombre,L01480059,P4800600A,43.153443,-2.933967,Elexalde
48006,2,Arantzazu,48,16,Bizkaia,ES213,48:6,nombre,L01480062,P4800700I,43.156783,-2.791589,Zelaia
48007,8,Munitibar-Arbatzegi Gerrikaitz,48,16,Bizkaia,ES213,48:7,nombre,L01480078,P4800800G,43.265315,-2.592693,Munitibar
48008,4,Artzentales,48,16,Bizkaia,ES213,48:8,nombre,L01480084,P4800900E,43.251348,-3.221602,San Miguel de Linares
48009,7,Arrankudiaga-Zollo,48,16,Bizkaia,ES213,48:9,punto,L01480097,P4801000C,43.168509,-2.921585,Arene
48010,1,Arrieta,48,16,Bizkaia,ES213,48:10,nombre,L01480101,P4801300G,43.341925,-2.76898,Libao
48011,8,Arrigorriaga,48,16,Bizkaia,ES213,48:11,nombre,L01480118,P4801400E,43.205913,-2.887721,Arrigorriaga
48012,3,Bakio,48,16,Bizkaia,ES213,48:12,nombre,L01480123,P4801600J,43.419796,-2.813445,Basigo
48013,9,Barakaldo,48,16,Bizkaia,ES213,48:13,nombre,L01480139,P4801700H,43.297587,-2.986094,San Vicente de Barakaldo/San Bizenti-Barakaldo
48014,4,Barrika,48,16,Bizkaia,ES213,48:14,nombre,L01480144,P4801800F,,,
48015,7,Basauri,48,16,Bizkaia,ES213,48:15,nombre,L01480157,P4801900D,43.235352,-2.891715,Arizgoiti
48016,0,Berango,48,16,Bizkaia,ES213,48:16,nombre,L01480160,P4802000B,43.363587,-2.99692,Berango
48017,6,Bermeo,48,16,Bizkaia,ES213,48:17,nombre,L01480176,P4802100J,43.420237,-2.723068,Bermeo
48018,2,Berriatua,48,16,Bizkaia,ES213,48:18,nombre,L01480182,P4802200H,43.308248,-2.467512,Erribera
48019,5,Berriz,48,16,Bizkaia,ES213,48:19,nombre,L01480195,P4802300F,43.174802,-2.57765,Olakueta
48020,9,Bilbao,48,16,Bizkaia,ES213,48:20,nombre,L01480209,P4802400D,43.264219,-2.923459,Bilbao
48021,6,Busturia,48,16,Bizkaia,ES213,48:21,nombre,L01480216,P4802500A,43.382298,-2.700613,Axpe-San Bartolome
48022,1,Karrantza Harana/Valle de Carranza,48,16,Bizkaia,ES213,48:22,nombre,L01480221,P4802600I,43.225037,-3.360789,Concha
48023,7,Artea,48,16,Bizkaia,ES213,48:23,nombre,L01480237,P4802700G,43.132628,-2.782605,Herriko Plaza
48024,2,Zeanuri,48,16,Bizkaia,ES213,48:24,nombre,L01480242,P4802800E,43.098176,-2.749646,Plaza
48025,5,Zeberio,48,16,Bizkaia,ES213,48:25,nombre,L01480255,P4802900C,43.147364,-2.848873,Zubialde
48026,8,Dima,48,16,Bizkaia,ES213,48:26,nombre,L01480268,P4803300E,43.143326,-2.751896,Ugarana
48027,4,Durango,48,16,Bizkaia,ES213,48:27,nombre,L01480274,P4803400C,43.167128,-2.632027,Durango
48028,0,Ea,48,16,Bizkaia,ES213,48:28,nombre,L01480280,P4803500J,43.380142,-2.585818,Ea
48029,3,Etxebarri,48,16,Bizkaia,ES213,48:29,punto,L01480293,P4803600H,43.246218,-2.892285,Doneztebe
48030,7,Etxebarria,48,16,Bizkaia,ES213,48:30,nombre,L01480307,,43.254518,-2.476586,Erbera
48031,4,Elantxobe,48,16,Bizkaia,ES213,48:31,nombre,L01480314,P4803800D,43.403266,-2.639734,Elantxobe
48032,9,Elorrio,48,16,Bizkaia,ES213,48:32,nombre,L01480329,P4803900B,43.130639,-2.542298,Elorrio
48033,5,Ereño,48,16,Bizkaia,ES213,48:33,punto,L01480335,P4804000J,43.355715,-2.623066,Elexalde-Zeeta
48034,0,Ermua,48,16,Bizkaia,ES213,48:34,nombre,L01480340,P4804100H,43.185868,-2.502261,Ermua
48035,3,Fruiz,48,16,Bizkaia,ES213,48:35,nombre,L01480353,P4804300D,43.327776,-2.784996,Aldai
48036,6,Galdakao,48,16,Bizkaia,ES213,48:36,nombre,L01480366,P4804400B,43.237572,-2.832295,Kurtzea
48037,2,Galdames,48,16,Bizkaia,ES213,48:37,nombre,L01480372,P4804500I,43.253968,-3.097991,San Pedro Galdames
48038,8,Gamiz-Fika,48,16,Bizkaia,ES213,48:38,nombre,L01480388,P4804600G,43.327049,-2.819087,Ergoien
48039,1,Garai,48,16,Bizkaia,ES213,48:39,punto,L01480391,P4804700E,43.193875,-2.611394,Garai (San Migel)
48040,5,Gatika,48,16,Bizkaia,ES213,48:40,nombre,L01480405,P4804800C,43.363978,-2.870622,Lubarrietaondo
48041,2,Gautegiz Arteaga,48,16,Bizkaia,ES213,48:41,nombre,L01480412,P4804900A,43.353154,-2.649241,Zelaieta
48042,7,Gordexola,48,16,Bizkaia,ES213,48:42,nombre,L01480427,P4805000I,43.17984,-3.073783,Sandamendi
48043,3,Gorliz,48,16,Bizkaia,ES213,48:43,nombre,L01480433,P4805100G,43.415411,-2.932652,Elexalde
48044,8,Getxo,48,16,Bizkaia,ES213,48:44,nombre,L01480448,P4805300C,43.343241,-3.00766,Algorta
48045,1,Güeñes,48,16,Bizkaia,ES213,48:45,punto,L01480451,P4805400A,43.210447,-3.095162,Güeñes
48046,4,Gernika-Lumo,48,16,Bizkaia,ES213,48:46,nombre,L01480464,P4805500H,43.315408,-2.678635,Gernika-Lumo
48047,0,Gizaburuaga,48,16,Bizkaia,ES213,48:47,nombre,L01480470,P4805600F,43.330715,-2.538043,Eguen-Gizaburuaga
48048,6,Ibarrangelu,48,16,Bizkaia,ES213,48:48,nombre,L01480486,P4805700D,43.390423,-2.631764,Elexalde
48049,9,Ispaster,48,16,Bizkaia,ES213,48:49,nombre,L01480499,P4805900J,43.362032,-2.544622,Ispaster-Elexalde
48050,2,Izurtza,48,16,Bizkaia,ES213,48:50,nombre,L01480502,P4806000H,,,
48051,9,Lanestosa,48,16,Bizkaia,ES213,48:51,nombre,L01480519,P4806100F,43.220128,-3.438705,Lanestosa
48052,4,Larrabetzu,48,16,Bizkaia,ES213,48:52,nombre,L01480524,P4806200D,43.260826,-2.79614,Uria
48053,0,Laukiz,48,16,Bizkaia,ES213,48:53,nombre,L01480530,P4806300B,43.352474,-2.907287,Elexalde
48054,5,Leioa,48,16,Bizkaia,ES213,48:54,nombre,L01480545,P4806400J,43.32781,-2.98632,Leioa
48055,8,Lemoa,48,16,Bizkaia,ES213,48:55,nombre,L01480558,P4806500G,43.209684,-2.778033,Intzuntza
48056,1,Lemoiz,48,16,Bizkaia,ES213,48:56,nombre,L01480561,P4806600E,43.41218,-2.902671,Urizar
48057,7,Lekeitio,48,16,Bizkaia,ES213,48:57,nombre,L01480577,P4806700C,43.363934,-2.503136,Lekeitio
48058,3,Mallabia,48,16,Bizkaia,ES213,48:58,nombre,L01480583,P4806900I,43.189861,-2.529113,Mallabia
48059,6,Mañaria,48,16,Bizkaia,ES213,48:59,punto,L01480596,P4807000G,43.137866,-2.660874,Mañaria
48060,0,Markina-Xemein,48,16,Bizkaia,ES213,48:60,nombre,L01480600,P4807100E,43.267428,-2.498451,Markina-Xemein
48061,7,Maruri-Jatabe,48,16,Bizkaia,ES213,48:61,nombre,L01480617,P4807200C,43.383356,-2.875315,Ergoien
48062,2,Mendata,48,16,Bizkaia,ES213,48:62,nombre,L01480622,P4807300A,43.281574,-2.644122,Elexalde
48063,8,Mendexa,48,16,Bizkaia,ES213,48:63,nombre,L01480638,P4807400I,,,
48064,3,Meñaka,48,16,Bizkaia,ES213,48:64,punto,L01480643,P4807500F,43.363127,-2.802742,Mesterika
48065,6,Ugao-Miraballes,48,16,Bizkaia,ES213,48:65,nombre,L01480656,P4807600D,43.180194,-2.901332,Ugao-Miraballes
48066,9,Morga,48,16,Bizkaia,ES213,48:66,nombre,L01480669,P4807700B,43.299555,-2.752905,Andra Mari
48067,5,Muxika,48,16,Bizkaia,ES213,48:67,nombre,L01480675,P4807800J,43.292463,-2.708638,Ugartegoikoa
48068,1,Mundaka,48,16,Bizkaia,ES213,48:68,nombre,L01480681,P4807900H,43.40756,-2.698099,Mundaka
48069,4,Mungia,48,16,Bizkaia,ES213,48:69,nombre,L01480694,P4808000F,43.354665,-2.846561,Mungia
48070,8,Aulesti,48,16,Bizkaia,ES213,48:70,nombre,L01480708,P4808100D,43.297257,-2.562474,Aulesti
48071,5,Muskiz,48,16,Bizkaia,ES213,48:71,nombre,L01480715,P4808300J,43.323291,-3.124962,San Juan
48072,0,Otxandio,48,16,Bizkaia,ES213,48:72,nombre,L01480720,P4808500E,43.040412,-2.654743,Otxandio
48073,6,Ondarroa,48,16,Bizkaia,ES213,48:73,nombre,L01480736,P4808600C,43.320753,-2.420384,Ondarroa
48074,1,Urduña/Orduña,48,16,Bizkaia,ES213,48:74,punto,L01480741,P4808700A,42.994991,-3.009125,Urduña/Orduña
48075,4,Orozko,48,16,Bizkaia,ES213,48:75,nombre,L01480754,P4808800I,43.107065,-2.910948,Zubiaur
48076,7,Sukarrieta,48,16,Bizkaia,ES213,48:76,nombre,L01480767,P4808900G,43.395271,-2.696534,Sukarrieta
48077,3,Plentzia,48,16,Bizkaia,ES213,48:77,nombre,L01480773,P4809000E,43.404442,-2.950273,Plentzia
48078,9,Portugalete,48,16,Bizkaia,ES213,48:78,nombre,L01480789,P4809100C,43.321267,-3.017225,Portugalete
48079,2,Errigoiti,48,16,Bizkaia,ES213,48:79,nombre,L01480792,P4809200A,43.318805,-2.725475,Errigoiti
48080,6,Valle de Trápaga-Trapagaran,48,16,Bizkaia,ES213,48:80,nombre,L01480806,P4809300I,43.305386,-3.038101,Valle de Trápaga/Trapagaran
48081,3,Lezama,48,16,Bizkaia,ES213,48:81,nombre,L01480813,P4809400G,43.274193,-2.832914,Aretxalde
48082,8,Santurtzi,48,16,Bizkaia,ES213,48:82,nombre,L01480828,P4809500D,43.328802,-3.032998,Santurtzi
48083,4,Ortuella,48,16,Bizkaia,ES213,48:83,nombre,L01480834,P4809600B,43.310525,-3.057723,Ortuella
48084,9,Sestao,48,16,Bizkaia,ES213,48:84,nombre,L01480849,P4809700J,43.30971,-3.007627,Sestao
48085,2,Sopela,48,16,Bizkaia,ES213,48:85,nombre,L01480852,P4809900F,43.381653,-2.981071,Moreaga
48086,5,Sopuerta,48,16,Bizkaia,ES213,48:86,nombre,L01480865,P4810000B,43.261564,-3.154205,Mercadillo
48087,1,Trucios-Turtzioz,48,16,Bizkaia,ES213,48:87,nombre,L01480871,P4810100J,43.271448,-3.256196,La Iglesia
48088,7,Ubide,48,16,Bizkaia,ES213,48:88,nombre,L01480887,P4810200H,43.023519,-2.688342,San Juan
48089,0,Urduliz,48,16,Bizkaia,ES213,48:89,nombre,L01480890,P4810300F,43.376522,-2.961048,Landa
48090,4,Balmaseda,48,16,Bizkaia,ES213,48:90,nombre,L01480904,P4810400D,43.196324,-3.193092,Balmaseda
48091,1,Atxondo,48,16,Bizkaia,ES213,48:91,nombre,L01480911,P4811300E,43.129243,-2.584817,Apatamonasterio
48092,6,Bedia,48,16,Bizkaia,ES213,48:92,nombre,L01480926,P4810500A,43.209543,-2.799936,Elexalde
48093,2,Areatza,48,16,Bizkaia,ES213,48:93,nombre,L01480932,P4810600I,43.120756,-2.767813,Areatza
48094,7,Igorre,48,16,Bizkaia,ES213,48:94,nombre,L01480947,P4810700G,43.164402,-2.778505,Elexalde
48095,0,Zaldibar,48,16,Bizkaia,ES213,48:95,nombre,L01480950,P4810800E,43.170892,-2.545594,Zaldibar
48096,3,Zalla,48,16,Bizkaia,ES213,48:96,nombre,L01480963,P4810900C,43.213546,-3.134161,Mimetiz
48097,9,Zaratamo,48,16,Bizkaia,ES213,48:97,nombre,L01480979,P4811100I,43.211288,-2.873874,Zaratamo
48901,1,Derio,48,16,Bizkaia,ES213,48:901,nombre,L01489011,P4803200G,43.291353,-2.886809,Arteaga
48902,6,Erandio,48,16,Bizkaia,ES213,48:902,nombre,L01489026,P4812400B,43.313462,-2.959545,Altzaga
48903,2,Loiu,48,16,Bizkaia,ES213,48:903,nombre,L01489032,P4806800A,43.314849,-2.939338,Zabaloetxe
48904,7,Sondika,48,16,Bizkaia,ES213,48:904,nombre,L01489047,P4809800H,43.29513,-2.931303,Basozabal
48905,0,Zamudio,48,16,Bizkaia,ES213,48:905,nombre,L01489050,P4811000A,43.284575,-2.865375,Arteaga (San Martin)
48906,3,Forua,48,16,Bizkaia,ES213,48:906,nombre,L01489063,P4804200F,43.334454,-2.675138,Elexalde Forua
48907,9,Kortezubi,48,16,Bizkaia,ES213,48:907,nombre,L01489079,P4803100I,,,
48908,5,Murueta,48,16,Bizkaia,ES213,48:908,nombre,L01489085,P4808200B,,,
48909,8,Nabarniz,48,16,Bizkaia,ES213,48:909,nombre,L01489098,P4808400H,43.321094,-2.584419,Elexalde
48910,2,Iurreta,48,16,Bizkaia,ES213,48:910,nombre,L01489102,P4812500I,43.178803,-2.647018,Iurreta
48911,9,Ajangiz,48,16,Bizkaia,ES213,48:911,nombre,L01489119,P4812700E,,,
48912,4,Alonsotegi,48,16,Bizkaia,ES213,48:912,nombre,L01489124,P4812600G,43.245085,-2.987713,Alonsotegi
48913,0,Zierbena,48,16,Bizkaia,ES213,48:913,nombre,L01489130,P4812800C,43.3459,-3.088903,La Cuesta
48914,5,Arratzu,48,16,Bizkaia,ES213,48:914,nombre,L01489145,P4801200I,43.305576,-2.640284,Loiola
48915,8,Ziortza-Bolibar,48,16,Bizkaia,ES213,48:915,nombre,L01489158,P4800048C,43.249423,-2.548432,Bolibar
48916,1,Usansolo,48,16,Bizkaia,ES213,48:916,nombre,L01489161,P4800055H,43.219704,-2.819576,Unkina/Usansolo
49002,8,Abezames,49,07,Zamora,ES419,49:2,nombre,L01490028,P4900200I,41.625063,-5.426648,Abezames
49003,4,Alcañices,49,07,Zamora,ES419,49:3,nombre,L01490034,P4900300G,41.698905,-6.348114,Alcañices
49004,9,Alcubilla de Nogales,49,07,Zamora,ES419,49:4,nombre,L01490049,P4900400E,42.127962,-5.922117,Alcubilla de Nogales
49005,2,Alfaraz de Sayago,49,07,Zamora,ES419,49:5,nombre,L01490052,P4900500B,41.227842,-5.984341,Alfaraz
49006,5,Algodre,49,07,Zamora,ES419,49:6,nombre,L01490065,P4900600J,41.565504,-5.604411,Algodre
49007,1,Almaraz de Duero,49,07,Zamora,ES419,49:7,nombre,L01490071,P4900700H,41.474188,-5.914829,Almaraz de Duero
49008,7,Almeida de Sayago,49,07,Zamora,ES419,49:8,nombre,L01490087,P4900800F,41.26614,-6.074672,Almeida de Sayago
49009,0,Andavías,49,07,Zamora,ES419,49:9,nombre,L01490090,P4900900D,41.594921,-5.85696,Andavías
49010,4,Arcenillas,49,07,Zamora,ES419,49:10,nombre,L01490104,P4901000B,41.456497,-5.686002,Arcenillas
49011,1,Arcos de la Polvorosa,49,07,Zamora,ES419,49:11,nombre,L01490111,P4901100J,41.945045,-5.697507,Arcos de la Polvorosa
49012,6,Argañín,49,07,Zamora,ES419,49:12,nombre,L01490126,P4901200H,41.43891,-6.209673,Argañín
49013,2,Argujillo,49,07,Zamora,ES419,49:13,nombre,L01490132,P4901300F,41.311045,-5.587399,Argujillo
49014,7,Arquillinos,49,07,Zamora,ES419,49:15,nombre,L01490147,P4901500A,41.710124,-5.657091,Arquillinos
49015,0,Arrabalde,49,07,Zamora,ES419,49:16,nombre,L01490150,P4901600I,42.107873,-5.893336,Arrabalde
49016,3,Aspariegos,49,07,Zamora,ES419,49:17,nombre,L01490163,P4901700G,41.674344,-5.599573,Aspariegos
49017,9,Asturianos,49,07,Zamora,ES419,49:18,nombre,L01490179,P4901800E,42.051277,-6.487552,Asturianos
49018,5,Ayoó de Vidriales,49,07,Zamora,ES419,49:19,nombre,L01490185,P4901900C,42.129576,-6.065606,Ayoó de Vidriales
49019,8,Barcial del Barco,49,07,Zamora,ES419,49:21,nombre,L01490198,P4902100I,41.933948,-5.664356,Barcial del Barco
49020,2,Belver de los Montes,49,07,Zamora,ES419,49:22,nombre,L01490202,P4902200G,41.723027,-5.449674,Belver de los Montes
49021,9,Benavente,49,07,Zamora,ES419,49:23,nombre,L01490219,P4902300E,42.00336,-5.677684,Benavente
49022,4,Benegiles,49,07,Zamora,ES419,49:24,nombre,L01490224,P4902400C,41.626737,-5.635196,Benegiles
49023,0,Bermillo de Sayago,49,07,Zamora,ES419,49:26,nombre,L01490230,P4902600H,41.365867,-6.1119,Bermillo de Sayago
49024,5,"Bóveda de Toro, La",49,07,Zamora,ES419,49:27,nombre,L01490245,P4902700F,41.342386,-5.40935,La Bóveda de Toro
49025,8,Bretó,49,07,Zamora,ES419,49:29,nombre,L01490258,P4902900B,41.879759,-5.739678,Bretó
49026,1,Bretocino,49,07,Zamora,ES419,49:30,nombre,L01490261,P4903000J,41.883642,-5.754447,Bretocino
49027,7,Brime de Sog,49,07,Zamora,ES419,49:31,nombre,L01490277,P4903100H,42.061494,-6.044522,Brime de Sog
49028,3,Brime de Urz,49,07,Zamora,ES419,49:32,nombre,L01490283,P4903200F,42.037177,-5.872585,Brime de Urz
49029,6,Burganes de Valverde,49,07,Zamora,ES419,49:33,nombre,L01490296,P4903300D,41.921745,-5.782102,Burganes de Valverde
49030,0,Bustillo del Oro,49,07,Zamora,ES419,49:34,nombre,L01490300,P4903400B,41.674065,-5.461588,Bustillo del Oro
49031,7,Cabañas de Sayago,49,07,Zamora,ES419,49:35,nombre,L01490317,P4903500I,41.332376,-5.792035,Cabañas de Sayago
49032,2,Calzadilla de Tera,49,07,Zamora,ES419,49:36,nombre,L01490322,P4903600G,41.978121,-6.086103,Calzadilla de Tera
49033,8,Camarzana de Tera,49,07,Zamora,ES419,49:37,nombre,L01490338,P4903700E,41.995334,-6.027412,Camarzana de Tera
49034,3,Cañizal,49,07,Zamora,ES419,49:38,nombre,L01490343,P4903800C,41.167118,-5.367722,Cañizal
49035,6,Cañizo,49,07,Zamora,ES419,49:39,nombre,L01490356,P4903900A,41.768899,-5.501928,Cañizo
49036,9,Carbajales de Alba,49,07,Zamora,ES419,49:40,nombre,L01490369,P4904000I,41.653445,-5.9982,Carbajales de Alba
49037,5,Carbellino,49,07,Zamora,ES419,49:41,nombre,L01490375,P4904100G,41.230551,-6.148865,Carbellino
49038,1,Casaseca de Campeán,49,07,Zamora,ES419,49:43,nombre,L01490381,P4904300C,41.37437,-5.746297,Casaseca de Campeán
49039,4,Casaseca de las Chanas,49,07,Zamora,ES419,49:44,nombre,L01490394,P4904400A,41.439275,-5.675518,Casaseca de las Chanas
49040,8,Castrillo de la Guareña,49,07,Zamora,ES419,49:45,nombre,L01490408,P4904500H,41.230019,-5.324814,Castrillo de la Guareña
49041,5,Castrogonzalo,49,07,Zamora,ES419,49:46,nombre,L01490415,P4904600F,41.990138,-5.602484,Castrogonzalo
49042,0,Castronuevo,49,07,Zamora,ES419,49:47,nombre,L01490420,P4904700D,41.719989,-5.544651,Castronuevo
49043,6,Castroverde de Campos,49,07,Zamora,ES419,49:48,nombre,L01490436,P4904800B,41.970618,-5.314162,Castroverde de Campos
49044,1,Cazurra,49,07,Zamora,ES419,49:49,nombre,L01490441,P4904900J,41.41495,-5.704753,Cazurra
49046,7,Cerecinos de Campos,49,07,Zamora,ES419,49:51,nombre,L01490467,P4905100F,41.901083,-5.486902,Cerecinos de Campos
49047,3,Cerecinos del Carrizal,49,07,Zamora,ES419,49:52,nombre,L01490473,P4905200D,41.683659,-5.65149,Cerecinos del Carrizal
49048,9,Cernadilla,49,07,Zamora,ES419,49:54,nombre,L01490489,P4905400J,42.02003,-6.41719,Cernadilla
49050,5,Cobreros,49,07,Zamora,ES419,49:57,nombre,L01490505,P4905700C,42.07398,-6.69686,Cobreros
49052,7,Coomonte,49,07,Zamora,ES419,49:60,nombre,L01490527,P4906000G,42.115734,-5.812789,Coomonte
49053,3,Coreses,49,07,Zamora,ES419,49:61,nombre,L01490533,P4906100E,41.548816,-5.622435,Coreses
49054,8,Corrales del Vino,49,07,Zamora,ES419,49:62,nombre,L01490548,P4906200C,41.35843,-5.724597,Corrales del Vino
49055,1,Cotanes del Monte,49,07,Zamora,ES419,49:63,nombre,L01490551,P4906300A,41.817899,-5.290135,Cotanes del Monte
49056,4,Cubillos,49,07,Zamora,ES419,49:64,nombre,L01490564,P4906400I,41.575308,-5.739654,Cubillos
49057,0,Cubo de Benavente,49,07,Zamora,ES419,49:65,nombre,L01490570,P4906500F,42.123502,-6.162787,Cubo de Benavente
49058,6,"Cubo de Tierra del Vino, El",49,07,Zamora,ES419,49:66,nombre,L01490586,P4906600D,41.255493,-5.710413,El Cubo de Tierra del Vino
49059,9,Cuelgamures,49,07,Zamora,ES419,49:67,nombre,L01490599,P4906700B,41.306639,-5.65744,Cuelgamures
49061,0,Entrala,49,07,Zamora,ES419,49:70,nombre,L01490610,P4907000F,41.431313,-5.755506,Entrala
49062,5,Espadañedo,49,07,Zamora,ES419,49:72,nombre,L01490625,P4907200B,42.117203,-6.395135,Espadañedo
49063,1,Faramontanos de Tábara,49,07,Zamora,ES419,49:74,nombre,L01490631,P4907400H,41.834422,-5.888531,Faramontanos de Tábara
49064,6,Fariza,49,07,Zamora,ES419,49:75,nombre,L01490646,P4907500E,41.419772,-6.27098,Fariza de Sayago
49065,9,Fermoselle,49,07,Zamora,ES419,49:76,nombre,L01490659,P4907600C,41.31933,-6.399831,Fermoselle
49066,2,Ferreras de Abajo,49,07,Zamora,ES419,49:77,nombre,L01490662,P4907700A,41.897307,-6.07846,Ferreras de Abajo
49067,8,Ferreras de Arriba,49,07,Zamora,ES419,49:78,nombre,L01490678,P4907800I,41.898842,-6.195115,Ferreras de Arriba
49068,4,Ferreruela,49,07,Zamora,ES419,49:79,nombre,L01490684,P4907900G,41.766223,-6.071031,Ferreruela de Tábara
49069,7,Figueruela de Arriba,49,07,Zamora,ES419,49:81,nombre,L01490697,P4908100C,41.868692,-6.445478,Figueruela de Arriba
49071,8,Fonfría,49,07,Zamora,ES419,49:83,nombre,L01490718,P4908300I,41.635585,-6.139886,Fonfría
49075,7,Fresno de la Polvorosa,49,07,Zamora,ES419,49:87,nombre,L01490757,P4908700J,42.082483,-5.769654,Fresno de la Polvorosa
49076,0,Fresno de la Ribera,49,07,Zamora,ES419,49:88,nombre,L01490760,P4908800H,41.528779,-5.564743,Fresno de la Ribera
49077,6,Fresno de Sayago,49,07,Zamora,ES419,49:89,nombre,L01490776,P4908900F,41.318001,-5.970356,Fresno de Sayago
49078,2,Friera de Valverde,49,07,Zamora,ES419,49:90,nombre,L01490782,P4909000D,41.911956,-5.840994,Friera de Valverde
49079,5,Fuente Encalada,49,07,Zamora,ES419,49:92,nombre,L01490795,P4909200J,42.109787,-5.99589,Fuente Encalada
49080,9,Fuentelapeña,49,07,Zamora,ES419,49:93,nombre,L01490809,P4909300H,41.252672,-5.382467,Fuentelapeña
49081,6,Fuentesaúco,49,07,Zamora,ES419,49:94,nombre,L01490816,P4909400F,41.231692,-5.497437,Fuentesaúco
49082,1,Fuentes de Ropel,49,07,Zamora,ES419,49:95,nombre,L01490821,P4909500C,42.002992,-5.545519,Fuentes de Ropel
49083,7,Fuentesecas,49,07,Zamora,ES419,49:96,nombre,L01490837,P4909600A,41.63033,-5.471117,Fuentesecas
49084,2,Fuentespreadas,49,07,Zamora,ES419,49:97,nombre,L01490842,P4909700I,41.32524,-5.628961,Fuentespreadas
49085,5,Galende,49,07,Zamora,ES419,49:98,nombre,L01490855,P4909800G,42.103478,-6.660107,Galende
49086,8,Gallegos del Pan,49,07,Zamora,ES419,49:99,nombre,L01490868,P4909900E,41.599982,-5.582673,Gallegos del Pan
49087,4,Gallegos del Río,49,07,Zamora,ES419,49:100,nombre,L01490874,P4910000A,41.73502,-6.174292,Gallegos del Río
49088,0,Gamones,49,07,Zamora,ES419,49:101,nombre,L01490880,P4910100I,41.467218,-6.176676,Gamones
49090,7,Gema,49,07,Zamora,ES419,49:103,nombre,L01490907,P4910300E,41.419464,-5.648438,Gema
49091,4,Granja de Moreruela,49,07,Zamora,ES419,49:104,nombre,L01490914,P4910400C,41.809014,-5.739085,Granja de Moreruela
49092,9,Granucillo,49,07,Zamora,ES419,49:105,nombre,L01490929,P4910500J,42.051243,-5.926496,Granucillo
49093,5,Guarrate,49,07,Zamora,ES419,49:106,nombre,L01490935,P4910600H,41.288843,-5.441873,Guarrate
49094,0,Hermisende,49,07,Zamora,ES419,49:107,nombre,L01490940,P4910700F,41.968475,-6.892639,Hermisende
49095,3,"Hiniesta, La",49,07,Zamora,ES419,49:108,nombre,L01490953,P4910800D,41.55281,-5.799267,La Hiniesta
49096,6,Jambrina,49,07,Zamora,ES419,49:109,nombre,L01490966,P4910900B,41.394157,-5.664608,Jambrina
49097,2,Justel,49,07,Zamora,ES419,49:110,nombre,L01490972,P4911000J,42.148333,-6.295805,Justel
49098,8,Losacino,49,07,Zamora,ES419,49:111,nombre,L01490988,P4911100H,41.680197,-6.080631,Losacino
49099,1,Losacio,49,07,Zamora,ES419,49:112,nombre,L01490991,P4911200F,41.711551,-6.040723,Losacio
49100,5,Lubián,49,07,Zamora,ES419,49:113,nombre,L01491005,P4911300D,42.036147,-6.908011,Lubián
49101,2,Luelmo,49,07,Zamora,ES419,49:114,nombre,L01491012,P4911400B,41.43968,-6.133476,Luelmo
49102,7,"Maderal, El",49,07,Zamora,ES419,49:115,nombre,L01491027,P4911500I,41.282176,-5.623008,El Maderal
49103,3,Madridanos,49,07,Zamora,ES419,49:116,nombre,L01491033,P4911600G,41.478369,-5.602885,Madridanos
49104,8,Mahide,49,07,Zamora,ES419,49:117,nombre,L01491048,P4911700E,41.869068,-6.377377,Mahide
49105,1,Maire de Castroponce,49,07,Zamora,ES419,49:118,nombre,L01491051,P4911800C,42.112852,-5.783054,Maire de Castroponce
49107,0,Malva,49,07,Zamora,ES419,49:120,nombre,L01491070,P4912000I,41.654236,-5.486403,Malva
49108,6,Manganeses de la Lampreana,49,07,Zamora,ES419,49:121,nombre,L01491086,P4912100G,41.750731,-5.711934,Manganeses de la Lampreana
49109,9,Manganeses de la Polvorosa,49,07,Zamora,ES419,49:122,nombre,L01491099,P4912200E,42.03488,-5.745759,Manganeses de la Polvorosa
49110,3,Manzanal de Arriba,49,07,Zamora,ES419,49:123,nombre,L01491103,P4912300C,41.990818,-6.436897,Manzanal de Arriba
49111,0,Manzanal del Barco,49,07,Zamora,ES419,49:124,nombre,L01491110,P4912400A,41.634791,-5.948142,Manzanal del Barco
49112,5,Manzanal de los Infantes,49,07,Zamora,ES419,49:125,nombre,L01491125,P4912500H,42.053468,-6.382348,Manzanal de los Infantes
49113,1,Matilla de Arzón,49,07,Zamora,ES419,49:126,nombre,L01491131,P4912600F,42.105737,-5.641715,Matilla de Arzón
49114,6,Matilla la Seca,49,07,Zamora,ES419,49:127,nombre,L01491146,P4912700D,41.579989,-5.499434,Matilla la Seca
49115,9,Mayalde,49,07,Zamora,ES419,49:128,nombre,L01491159,P4912800B,41.251025,-5.797768,Mayalde
49116,2,Melgar de Tera,49,07,Zamora,ES419,49:129,nombre,L01491162,P4912900J,41.967801,-6.016915,Melgar de Tera
49117,8,Micereces de Tera,49,07,Zamora,ES419,49:130,nombre,L01491178,P4913000H,41.989042,-5.872909,Micereces de Tera
49118,4,Milles de la Polvorosa,49,07,Zamora,ES419,49:131,nombre,L01491184,P4913100F,41.923542,-5.733616,Milles de la Polvorosa
49119,7,Molacillos,49,07,Zamora,ES419,49:133,nombre,L01491197,P4913300B,41.583936,-5.659662,Molacillos
49120,1,Molezuelas de la Carballeda,49,07,Zamora,ES419,49:134,nombre,L01491201,P4913400J,42.083274,-6.185864,Molezuelas de la Carballeda
49121,8,Mombuey,49,07,Zamora,ES419,49:135,nombre,L01491218,P4913500G,42.023843,-6.332167,Mombuey
49122,3,Monfarracinos,49,07,Zamora,ES419,49:136,nombre,L01491223,P4913600E,41.554236,-5.706724,Monfarracinos
49123,9,Montamarta,49,07,Zamora,ES419,49:137,nombre,L01491239,P4913700C,41.649727,-5.806948,Montamarta
49124,4,Moral de Sayago,49,07,Zamora,ES419,49:138,nombre,L01491244,P4913800A,41.472293,-6.102022,Moral de Sayago
49125,7,Moraleja del Vino,49,07,Zamora,ES419,49:139,nombre,L01491257,P4913900I,41.463059,-5.657007,Moraleja del Vino
49126,0,Moraleja de Sayago,49,07,Zamora,ES419,49:140,nombre,L01491260,P4914000G,41.169426,-6.003704,Moraleja de Sayago
49127,6,Morales del Vino,49,07,Zamora,ES419,49:141,nombre,L01491276,P4914100E,41.445813,-5.732236,Morales del Vino
49128,2,Morales de Rey,49,07,Zamora,ES419,49:142,nombre,L01491282,P4914200C,42.066992,-5.785581,Morales de Rey
49129,5,Morales de Toro,49,07,Zamora,ES419,49:143,nombre,L01491295,P4914300A,41.537061,-5.306155,Morales de Toro
49130,9,Morales de Valverde,49,07,Zamora,ES419,49:144,nombre,L01491309,P4914400I,41.940468,-5.889671,Morales de Valverde
49131,6,Moralina,49,07,Zamora,ES419,49:145,nombre,L01491316,P4914500F,41.490451,-6.136048,Moralina
49132,1,Moreruela de los Infanzones,49,07,Zamora,ES419,49:146,nombre,L01491321,P4914600D,41.631748,-5.707604,Moreruela de los Infanzones
49133,7,Moreruela de Tábara,49,07,Zamora,ES419,49:147,nombre,L01491337,P4914700B,41.799103,-5.869271,Moreruela de Tábara
49134,2,Muelas de los Caballeros,49,07,Zamora,ES419,49:148,nombre,L01491342,P4914800J,42.128045,-6.335023,Muelas de los Caballeros
49135,5,Muelas del Pan,49,07,Zamora,ES419,49:149,nombre,L01491355,P4914900H,41.520887,-5.967604,Muelas del Pan
49136,8,Muga de Sayago,49,07,Zamora,ES419,49:150,nombre,L01491368,P4915000F,41.3878,-6.198581,Muga de Sayago
49137,4,Navianos de Valverde,49,07,Zamora,ES419,49:151,nombre,L01491374,P4915100D,41.953565,-5.81853,Navianos de Valverde
49138,0,Olmillos de Castro,49,07,Zamora,ES419,49:152,nombre,L01491380,P4915200B,41.729113,-5.968198,Olmillos de Castro
49139,3,Otero de Bodas,49,07,Zamora,ES419,49:153,nombre,L01491393,P4915300J,41.939556,-6.150624,Otero de Bodas
49141,4,Pajares de la Lampreana,49,07,Zamora,ES419,49:156,nombre,L01491414,P4915600C,41.715676,-5.694267,Pajares de la Lampreana
49142,9,Palacios del Pan,49,07,Zamora,ES419,49:157,nombre,L01491429,P4915700A,41.601804,-5.878221,Palacios del Pan
49143,5,Palacios de Sanabria,49,07,Zamora,ES419,49:158,nombre,L01491435,P4915800I,42.056738,-6.527147,Palacios de Sanabria
49145,3,Pedralba de la Pradería,49,07,Zamora,ES419,49:160,nombre,L01491453,P4916000E,42.024729,-6.691554,Pedralba de la Pradería
49146,6,"Pego, El",49,07,Zamora,ES419,49:161,nombre,L01491466,P4916100C,41.334818,-5.468489,El Pego
49147,2,Peleagonzalo,49,07,Zamora,ES419,49:162,nombre,L01491472,P4916200A,41.481282,-5.482582,Peleagonzalo
49148,8,Peleas de Abajo,49,07,Zamora,ES419,49:163,nombre,L01491488,P4916300I,41.392609,-5.68991,Peleas de Abajo
49149,1,Peñausende,49,07,Zamora,ES419,49:165,nombre,L01491491,P4916500D,41.28673,-5.867458,Peñausende
49150,4,Peque,49,07,Zamora,ES419,49:166,nombre,L01491504,P4916600B,42.072036,-6.273212,Peque
49151,1,"Perdigón, El",49,07,Zamora,ES419,49:167,nombre,L01491511,P4916700J,41.412645,-5.753605,El Perdigón
49152,6,Pereruela,49,07,Zamora,ES419,49:168,nombre,L01491526,P4916800H,41.415505,-5.879005,Pereruela
49153,2,Perilla de Castro,49,07,Zamora,ES419,49:169,nombre,L01491532,P4916900F,41.724731,-5.876833,Perilla de Castro
49154,7,Pías,49,07,Zamora,ES419,49:170,nombre,L01491547,P4917000D,42.090849,-6.993002,Pías
49155,0,Piedrahita de Castro,49,07,Zamora,ES419,49:171,nombre,L01491550,P4917100B,41.681565,-5.728976,Piedrahita de Castro
49156,3,Pinilla de Toro,49,07,Zamora,ES419,49:172,nombre,L01491563,P4917200J,41.627748,-5.364271,Pinilla de Toro
49157,9,Pino del Oro,49,07,Zamora,ES419,49:173,nombre,L01491579,P4917300H,41.576603,-6.12135,Pino del Oro
49158,5,"Piñero, El",49,07,Zamora,ES419,49:174,nombre,L01491585,P4917400F,41.351317,-5.58953,El Piñero
49159,8,Pobladura del Valle,49,07,Zamora,ES419,49:176,nombre,L01491598,P4917600A,42.102504,-5.733431,Pobladura del Valle
49160,2,Pobladura de Valderaduey,49,07,Zamora,ES419,49:177,nombre,L01491602,P4917700I,41.699873,-5.542885,Pobladura de Valderaduey
49162,4,Porto,49,07,Zamora,ES419,49:179,nombre,L01491624,P4917900E,42.167398,-6.899226,Porto
49163,0,Pozoantiguo,49,07,Zamora,ES419,49:180,nombre,L01491630,P4918000C,41.596823,-5.437211,Pozoantiguo
49164,5,Pozuelo de Tábara,49,07,Zamora,ES419,49:181,nombre,L01491645,P4918100A,41.78529,-5.896408,Pozuelo de Tábara
49165,8,Prado,49,07,Zamora,ES419,49:183,nombre,L01491658,P4918300G,41.921028,-5.420696,Prado
49166,1,Puebla de Sanabria,49,07,Zamora,ES419,49:184,nombre,L01491661,P4918400E,42.054314,-6.633945,Puebla de Sanabria
49167,7,Pueblica de Valverde,49,07,Zamora,ES419,49:185,nombre,L01491677,P4918500B,41.920746,-5.899192,Pueblica de Valverde
49168,3,Quintanilla del Monte,49,07,Zamora,ES419,49:186,nombre,L01491683,P4918600J,41.86783,-5.34979,Quintanilla del Monte
49169,6,Quintanilla del Olmo,49,07,Zamora,ES419,49:187,nombre,L01491696,P4918700H,41.905416,-5.406423,Quintanilla del Olmo
49170,0,Quintanilla de Urz,49,07,Zamora,ES419,49:188,nombre,L01491700,P4918800F,42.032424,-5.849216,Quintanilla de Urz
49171,7,Quiruelas de Vidriales,49,07,Zamora,ES419,49:189,nombre,L01491717,P4918900D,42.017453,-5.830568,Quiruelas de Vidriales
49172,2,Rabanales,49,07,Zamora,ES419,49:190,nombre,L01491722,P4919000B,41.742266,-6.277032,Rabanales
49173,8,Rábano de Aliste,49,07,Zamora,ES419,49:191,nombre,L01491738,P4919100J,41.743863,-6.43541,Rábano de Aliste
49174,3,Requejo,49,07,Zamora,ES419,49:192,nombre,L01491743,P4919200H,42.030479,-6.742711,Requejo
49175,6,Revellinos,49,07,Zamora,ES419,49:193,nombre,L01491756,P4919300F,41.890259,-5.56921,Revellinos
49176,9,Riofrío de Aliste,49,07,Zamora,ES419,49:196,nombre,L01491769,P4919600I,41.816116,-6.176732,Riofrío de Aliste
49177,5,Rionegro del Puente,49,07,Zamora,ES419,49:197,nombre,L01491775,P4919700G,42.006491,-6.227002,Rionegro del Puente
49178,1,Roales,49,07,Zamora,ES419,49:198,nombre,L01491781,P4919800E,41.552578,-5.773616,Roales
49179,4,Robleda-Cervantes,49,07,Zamora,ES419,49:199,nombre,L01491794,P4919900C,42.083952,-6.592153,Robleda
49180,8,Roelos de Sayago,49,07,Zamora,ES419,49:200,nombre,L01491808,P4920000I,41.252563,-6.171257,Roelos de Sayago
49181,5,Rosinos de la Requejada,49,07,Zamora,ES419,49:201,nombre,L01491815,P4920100G,42.088481,-6.534746,Rosinos de la Requejada
49183,6,Salce,49,07,Zamora,ES419,49:203,nombre,L01491836,P4920300C,41.269624,-6.217212,Salce
49184,1,Samir de los Caños,49,07,Zamora,ES419,49:204,nombre,L01491841,P4920400A,41.674135,-6.16438,Samir de los Caños
49185,4,San Agustín del Pozo,49,07,Zamora,ES419,49:205,nombre,L01491854,P4920500H,41.88634,-5.593337,San Agustín del Pozo
49186,7,San Cebrián de Castro,49,07,Zamora,ES419,49:206,nombre,L01491867,P4920600F,41.705388,-5.755198,San Cebrián de Castro
49187,3,San Cristóbal de Entreviñas,49,07,Zamora,ES419,49:208,nombre,L01491873,P4920800B,42.046644,-5.635192,San Cristóbal de Entreviñas
49188,9,San Esteban del Molar,49,07,Zamora,ES419,49:209,nombre,L01491889,P4920900J,41.936641,-5.550736,San Esteban del Molar
49189,2,San Justo,49,07,Zamora,ES419,49:210,nombre,L01491892,P4921000H,42.134314,-6.622269,San Justo
49190,6,San Martín de Valderaduey,49,07,Zamora,ES419,49:212,nombre,L01491906,P4921200D,41.813391,-5.472376,San Martín de Valderaduey
49191,3,San Miguel de la Ribera,49,07,Zamora,ES419,49:213,nombre,L01491913,P4921300B,41.333821,-5.577098,San Miguel de la Ribera
49192,8,San Miguel del Valle,49,07,Zamora,ES419,49:214,nombre,L01491928,P4921400J,42.029305,-5.496474,San Miguel del Valle
49193,4,San Pedro de Ceque,49,07,Zamora,ES419,49:215,nombre,L01491934,P4921500G,42.043944,-6.072775,San Pedro de Ceque
49194,9,San Pedro de la Nave-Almendra,49,07,Zamora,ES419,49:216,nombre,L01491949,P4921600E,41.591731,-5.922582,Almendra
49197,1,Santa Clara de Avedillo,49,07,Zamora,ES419,49:220,nombre,L01491971,P4922000G,41.339573,-5.677405,Santa Clara de Avedillo
49199,0,Santa Colomba de las Monjas,49,07,Zamora,ES419,49:222,nombre,L01491990,P4922200C,41.956595,-5.683839,Santa Colomba de las Monjas
49200,4,Santa Cristina de la Polvorosa,49,07,Zamora,ES419,49:223,nombre,L01492004,P4922300A,42.001151,-5.710867,Santa Cristina de la Polvorosa
49201,1,Santa Croya de Tera,49,07,Zamora,ES419,49:224,nombre,L01492011,P4922400I,41.983957,-5.977498,Santa Croya de Tera
49202,6,Santa Eufemia del Barco,49,07,Zamora,ES419,49:225,nombre,L01492026,P4922500F,41.677238,-5.896977,Santa Eufemia del Barco
49203,2,Santa María de la Vega,49,07,Zamora,ES419,49:226,nombre,L01492032,P4922600D,42.083305,-5.804946,Santa María de la Vega
49204,7,Santa María de Valverde,49,07,Zamora,ES419,49:227,nombre,L01492047,P4922700B,41.935574,-5.934734,Santa María de Valverde
49205,0,Santibáñez de Tera,49,07,Zamora,ES419,49:228,nombre,L01492050,P4922800J,41.986644,-5.921734,Santibáñez de Tera
49206,3,Santibáñez de Vidriales,49,07,Zamora,ES419,49:229,nombre,L01492063,P4922900H,42.07395,-6.014049,Santibáñez de Vidriales
49207,9,Santovenia,49,07,Zamora,ES419,49:230,nombre,L01492079,P4923000F,41.876371,-5.709841,Santovenia
49208,5,San Vicente de la Cabeza,49,07,Zamora,ES419,49:231,nombre,L01492085,P4923100D,41.805176,-6.252458,San Vicente de la Cabeza
49209,8,San Vitero,49,07,Zamora,ES419,49:232,nombre,L01492098,P4923200B,41.778167,-6.348854,San Vitero
49210,2,Sanzoles,49,07,Zamora,ES419,49:233,nombre,L01492102,P4923300J,41.431916,-5.568952,Sanzoles
49214,5,Tábara,49,07,Zamora,ES419,49:237,nombre,L01492145,P4923700A,41.826433,-5.959015,Tábara
49216,1,Tapioles,49,07,Zamora,ES419,49:240,nombre,L01492161,P4924000E,41.857545,-5.494974,Tapioles
49219,6,Toro,49,07,Zamora,ES419,49:244,nombre,L01492196,P4924400G,41.520772,-5.394257,Toro
49220,0,"Torre del Valle, La",49,07,Zamora,ES419,49:245,nombre,L01492200,P4924500D,42.089611,-5.723036,La Torre del Valle
49221,7,Torregamones,49,07,Zamora,ES419,49:247,nombre,L01492217,P4924700J,41.485312,-6.177848,Torregamones
49222,2,Torres del Carrizal,49,07,Zamora,ES419,49:248,nombre,L01492222,P4924800H,41.615508,-5.671311,Torres del Carrizal
49223,8,Trabazos,49,07,Zamora,ES419,49:249,nombre,L01492238,P4924900F,41.747465,-6.492731,Trabazos
49224,3,Trefacio,49,07,Zamora,ES419,49:250,nombre,L01492243,P4925000D,42.12127,-6.65187,Trefacio
49225,6,Uña de Quintana,49,07,Zamora,ES419,49:253,nombre,L01492256,P4925300H,42.086516,-6.145569,Uña de Quintana
49226,9,Vadillo de la Guareña,49,07,Zamora,ES419,49:254,nombre,L01492269,P4925400F,41.281825,-5.353002,Vadillo de la Guareña
49227,5,Valcabado,49,07,Zamora,ES419,49:255,nombre,L01492275,P4925500C,41.548663,-5.748498,Valcabado
49228,1,Valdefinjas,49,07,Zamora,ES419,49:256,nombre,L01492281,P4925600A,41.451759,-5.452551,Valdefinjas
49229,4,Valdescorriel,49,07,Zamora,ES419,49:257,nombre,L01492294,P4925700I,42.022448,-5.508136,Valdescorriel
49230,8,Vallesa de la Guareña,49,07,Zamora,ES419,49:259,nombre,L01492308,P4925900E,41.135408,-5.326104,Vallesa de la Guareña
49231,5,Vega de Tera,49,07,Zamora,ES419,49:260,nombre,L01492315,P4926000C,41.996431,-6.124925,Vega de Tera
49232,0,Vega de Villalobos,49,07,Zamora,ES419,49:261,nombre,L01492320,P4926100A,41.969982,-5.46445,Vega de Villalobos
49233,6,Vegalatrave,49,07,Zamora,ES419,49:262,nombre,L01492336,P4926200I,41.700363,-6.106914,Vegalatrave
49234,1,Venialbo,49,07,Zamora,ES419,49:263,nombre,L01492341,P4926300G,41.39017,-5.540591,Venialbo
49235,4,Vezdemarbán,49,07,Zamora,ES419,49:264,nombre,L01492354,P4926400E,41.654914,-5.365805,Vezdemarbán
49236,7,Vidayanes,49,07,Zamora,ES419,49:265,nombre,L01492367,P4926500B,41.909963,-5.573303,Vidayanes
49237,3,Videmala,49,07,Zamora,ES419,49:266,nombre,L01492373,P4926600J,41.611979,-6.040504,Videmala
49238,9,Villabrázaro,49,07,Zamora,ES419,49:267,nombre,L01492389,P4926700H,42.05458,-5.727663,Villabrázaro
49239,2,Villabuena del Puente,49,07,Zamora,ES419,49:268,nombre,L01492392,P4926800F,41.379868,-5.408623,Villabuena del Puente
49240,6,Villadepera,49,07,Zamora,ES419,49:269,nombre,L01492406,P4926900D,41.548731,-6.131921,Villadepera
49241,3,Villaescusa,49,07,Zamora,ES419,49:270,nombre,L01492413,P4927000B,41.206136,-5.464099,Villaescusa
49242,8,Villafáfila,49,07,Zamora,ES419,49:271,nombre,L01492428,P4927100J,41.846996,-5.615604,Villafáfila
49243,4,Villaferrueña,49,07,Zamora,ES419,49:272,nombre,L01492434,P4927200H,42.099064,-5.858872,Villaferrueña
49244,9,Villageriz,49,07,Zamora,ES419,49:273,nombre,L01492449,P4927300F,42.117613,-5.954255,Villageriz
49245,2,Villalazán,49,07,Zamora,ES419,49:274,nombre,L01492452,P4927400D,41.494398,-5.588373,Villalazán
49246,5,Villalba de la Lampreana,49,07,Zamora,ES419,49:275,nombre,L01492465,P4927500A,41.743134,-5.64061,Villalba de la Lampreana
49247,1,Villalcampo,49,07,Zamora,ES419,49:276,nombre,L01492471,P4927600I,41.521858,-6.048597,Villalcampo
49248,7,Villalobos,49,07,Zamora,ES419,49:277,nombre,L01492487,P4927700G,41.945553,-5.476179,Villalobos
49249,0,Villalonso,49,07,Zamora,ES419,49:278,nombre,L01492490,P4927800E,41.598692,-5.297959,Villalonso
49250,3,Villalpando,49,07,Zamora,ES419,49:279,nombre,L01492503,P4927900C,41.864943,-5.413972,Villalpando
49251,0,Villalube,49,07,Zamora,ES419,49:280,nombre,L01492510,P4928000A,41.610278,-5.544784,Villalube
49252,5,Villamayor de Campos,49,07,Zamora,ES419,49:281,nombre,L01492525,P4928100I,41.89898,-5.360054,Villamayor de Campos
49255,9,Villamor de los Escuderos,49,07,Zamora,ES419,49:284,nombre,L01492559,P4928400C,41.252635,-5.573729,Villamor de los Escuderos
49256,2,Villanázar,49,07,Zamora,ES419,49:285,nombre,L01492562,P4928500J,41.974387,-5.783141,Villanázar
49257,8,Villanueva de Azoague,49,07,Zamora,ES419,49:286,nombre,L01492578,P4928600H,41.975626,-5.663301,Villanueva de Azoague
49258,4,Villanueva de Campeán,49,07,Zamora,ES419,49:287,nombre,L01492584,P4928700F,41.353901,-5.769208,Villanueva de Campeán
49259,7,Villanueva de las Peras,49,07,Zamora,ES419,49:288,nombre,L01492597,P4928800D,41.936656,-5.979176,Villanueva de las Peras
49260,1,Villanueva del Campo,49,07,Zamora,ES419,49:289,nombre,L01492601,P4928900B,41.985869,-5.408065,Villanueva del Campo
49261,8,Villaralbo,49,07,Zamora,ES419,49:290,nombre,L01492618,P4929000J,41.490495,-5.680498,Villaralbo
49262,3,Villardeciervos,49,07,Zamora,ES419,49:291,nombre,L01492623,P4929100H,41.942077,-6.287085,Villardeciervos
49263,9,Villar de Fallaves,49,07,Zamora,ES419,49:292,nombre,L01492639,P4929200F,41.925371,-5.340745,Villar de Fallaves
49264,4,Villar del Buey,49,07,Zamora,ES419,49:293,nombre,L01492644,P4929300D,41.328943,-6.189983,Villar del Buey
49265,7,Villardiegua de la Ribera,49,07,Zamora,ES419,49:294,nombre,L01492657,P4929400B,41.53701,-6.182346,Villardiegua de la Ribera
49266,0,Villárdiga,49,07,Zamora,ES419,49:295,nombre,L01492660,P4929500I,41.818767,-5.465643,Villárdiga
49267,6,Villardondiego,49,07,Zamora,ES419,49:296,nombre,L01492676,P4929600G,41.584682,-5.37678,Villardondiego
49268,2,Villarrín de Campos,49,07,Zamora,ES419,49:297,nombre,L01492682,P4929700E,41.795999,-5.638964,Villarrín de Campos
49269,5,Villaseco del Pan,49,07,Zamora,ES419,49:298,nombre,L01492695,P4929800C,41.468093,-5.961457,Villaseco del Pan
49270,9,Villavendimio,49,07,Zamora,ES419,49:299,nombre,L01492709,P4929900A,41.577925,-5.343131,Villavendimio
49271,6,Villaveza del Agua,49,07,Zamora,ES419,49:300,nombre,L01492716,P4930000G,41.918275,-5.67933,Villaveza del Agua
49272,1,Villaveza de Valverde,49,07,Zamora,ES419,49:301,nombre,L01492721,P4930100E,41.945632,-5.849178,Villaveza de Valverde
49273,7,Viñas,49,07,Zamora,ES419,49:302,nombre,L01492737,P4930200C,41.774463,-6.473015,Viñas
49275,5,Zamora,49,07,Zamora,ES419,49:900,nombre,L01492755,P4930500F,41.503904,-5.747018,Zamora
50001,6,Abanto,50,02,Zaragoza,ES243,50:1,nombre,L01500016,P5000100G,41.137462,-1.697792,Abanto
50002,1,Acered,50,02,Zaragoza,ES243,50:2,nombre,L01500021,P5000200E,41.170075,-1.603893,Acered
50003,7,Agón,50,02,Zaragoza,ES243,50:3,nombre,L01500037,P5000300C,41.855515,-1.45277,Agón
50004,2,Aguarón,50,02,Zaragoza,ES243,50:4,nombre,L01500042,P5000400A,41.338527,-1.269711,Aguarón
50005,5,Aguilón,50,02,Zaragoza,ES243,50:5,nombre,L01500055,P5000500H,41.294775,-1.04592,Aguilón
50006,8,Ainzón,50,02,Zaragoza,ES243,50:6,nombre,L01500068,P5000600F,41.817173,-1.520114,Ainzón
50007,4,Aladrén,50,02,Zaragoza,ES243,50:7,nombre,L01500074,P5000700D,41.249009,-1.155754,Aladrén
50008,0,Alagón,50,02,Zaragoza,ES243,50:8,nombre,L01500080,P5000800B,41.770442,-1.120996,Alagón
50009,3,Alarba,50,02,Zaragoza,ES243,50:9,nombre,L01500093,P5000900J,41.204316,-1.613392,Alarba
50010,7,Alberite de San Juan,50,02,Zaragoza,ES243,50:10,nombre,L01500107,P5001000H,41.820133,-1.470443,Alberite de San Juan
50011,4,Albeta,50,02,Zaragoza,ES243,50:11,nombre,L01500114,P5001100F,41.826672,-1.499544,Albeta
50012,9,Alborge,50,02,Zaragoza,ES243,50:12,nombre,L01500129,P5001200D,41.334751,-0.358355,Alborge
50013,5,Alcalá de Ebro,50,02,Zaragoza,ES243,50:13,nombre,L01500135,P5001300B,41.815311,-1.194925,Alcalá de Ebro
50014,0,Alcalá de Moncayo,50,02,Zaragoza,ES243,50:14,nombre,L01500140,P5001400J,41.786177,-1.695973,Alcalá de Moncayo
50015,3,Alconchel de Ariza,50,02,Zaragoza,ES243,50:15,nombre,L01500153,P5001500G,41.204206,-2.122402,Alconchel de Ariza
50016,6,Aldehuela de Liestos,50,02,Zaragoza,ES243,50:16,nombre,L01500166,P5001600E,41.064389,-1.700868,Aldehuela de Liestos
50017,2,Alfajarín,50,02,Zaragoza,ES243,50:17,nombre,L01500172,P5001700C,41.614823,-0.702707,Alfajarín
50018,8,Alfamén,50,02,Zaragoza,ES243,50:18,nombre,L01500188,P5001800A,41.440511,-1.244778,Alfamén
50019,1,Alforque,50,02,Zaragoza,ES243,50:19,nombre,L01500191,P5001900I,41.328026,-0.385233,Alforque
50020,5,Alhama de Aragón,50,02,Zaragoza,ES243,50:20,nombre,L01500205,P5002000G,41.296643,-1.89409,Alhama de Aragón
50021,2,Almochuel,50,02,Zaragoza,ES243,50:21,nombre,L01500212,P5002100E,41.280185,-0.550027,Almochuel
50022,7,"Almolda, La",50,02,Zaragoza,ES243,50:22,nombre,L01500227,P5002200C,41.554651,-0.212278,La Almolda
50023,3,Almonacid de la Cuba,50,02,Zaragoza,ES243,50:23,nombre,L01500233,P5002300A,41.28011,-0.793125,Almonacid de la Cuba
50024,8,Almonacid de la Sierra,50,02,Zaragoza,ES243,50:24,nombre,L01500248,P5002400I,41.397911,-1.323267,Almonacid de la Sierra
50025,1,"Almunia de Doña Godina, La",50,02,Zaragoza,ES243,50:25,nombre,L01500251,P5002500F,41.478076,-1.373214,La Almunia de Doña Godina
50026,4,Alpartir,50,02,Zaragoza,ES243,50:26,nombre,L01500264,P5002600D,41.422521,-1.381431,Alpartir
50027,0,Ambel,50,02,Zaragoza,ES243,50:27,nombre,L01500270,P5002700B,41.794889,-1.616036,Ambel
50028,6,Anento,50,02,Zaragoza,ES243,50:28,nombre,L01500286,P5002800J,41.068881,-1.334248,Anento
50029,9,Aniñón,50,02,Zaragoza,ES243,50:29,nombre,L01500299,P5002900H,41.445807,-1.704685,Aniñón
50030,3,Añón de Moncayo,50,02,Zaragoza,ES243,50:30,nombre,L01500303,P5003000F,41.778437,-1.720173,Añón de Moncayo
50031,0,Aranda de Moncayo,50,02,Zaragoza,ES243,50:31,nombre,L01500310,P5003100D,41.577653,-1.791539,Aranda de Moncayo
50032,5,Arándiga,50,02,Zaragoza,ES243,50:32,nombre,L01500325,P5003200B,41.510597,-1.501961,Arándiga
50033,1,Ardisa,50,02,Zaragoza,ES243,50:33,nombre,L01500331,P5003300J,42.201193,-0.757484,Ardisa
50034,6,Ariza,50,02,Zaragoza,ES243,50:34,nombre,L01500346,P5003400H,41.310242,-2.055307,Ariza
50035,9,Artieda,50,02,Zaragoza,ES243,50:35,nombre,L01500359,P5003500E,42.586559,-0.983994,Artieda
50036,2,Asín,50,02,Zaragoza,ES243,50:36,nombre,L01500362,P5003600C,42.283506,-1.046733,Asín
50037,8,Atea,50,02,Zaragoza,ES243,50:37,nombre,L01500378,P5003700A,41.159963,-1.554773,Atea
50038,4,Ateca,50,02,Zaragoza,ES243,50:38,nombre,L01500384,P5003800I,41.330928,-1.791932,Ateca
50039,7,Azuara,50,02,Zaragoza,ES243,50:39,nombre,L01500397,P5003900G,41.255802,-0.872636,Azuara
50040,1,Badules,50,02,Zaragoza,ES243,50:40,nombre,L01500401,P5004000E,41.13869,-1.253528,Badules
50041,8,Bagüés,50,02,Zaragoza,ES243,50:41,nombre,L01500418,P5004100C,42.548962,-0.945852,Bagüés
50042,3,Balconchán,50,02,Zaragoza,ES243,50:42,nombre,L01500423,P5004200A,41.087408,-1.460014,Balconchán
50043,9,Bárboles,50,02,Zaragoza,ES243,50:43,nombre,L01500439,P5004300I,41.712626,-1.187718,Bárboles
50044,4,Bardallur,50,02,Zaragoza,ES243,50:44,nombre,L01500444,P5004400G,41.683457,-1.212418,Bardallur
50045,7,Belchite,50,02,Zaragoza,ES243,50:45,nombre,L01500457,P5004500D,41.306716,-0.754685,Belchite
50046,0,Belmonte de Gracián,50,02,Zaragoza,ES243,50:46,nombre,L01500460,P5004600B,41.312708,-1.537223,Belmonte de Gracián
50047,6,Berdejo,50,02,Zaragoza,ES243,50:47,nombre,L01500476,P5004700J,41.560855,-1.946023,Berdejo
50048,2,Berrueco,50,02,Zaragoza,ES243,50:48,nombre,L01500482,P5004800H,40.991105,-1.466735,Berrueco
50050,8,Bijuesca,50,02,Zaragoza,ES243,50:50,nombre,L01500508,P5005000D,41.540486,-1.920272,Bijuesca
50051,5,Biota,50,02,Zaragoza,ES243,50:51,nombre,L01500515,P5005100B,42.262285,-1.188188,Biota
50052,0,Bisimbre,50,02,Zaragoza,ES243,50:52,nombre,L01500520,P5005200J,41.856159,-1.442975,Bisimbre
50053,6,Boquiñeni,50,02,Zaragoza,ES243,50:53,nombre,L01500536,P5005300H,41.848543,-1.250096,Boquiñeni
50054,1,Bordalba,50,02,Zaragoza,ES243,50:54,nombre,L01500541,P5005400F,41.416537,-2.078364,Bordalba
50055,4,Borja,50,02,Zaragoza,ES243,50:55,nombre,L01500554,P5005500C,41.834277,-1.533076,Borja
50056,7,Botorrita,50,02,Zaragoza,ES243,50:56,nombre,L01500567,P5005600A,41.507845,-1.031537,Botorrita
50057,3,Brea de Aragón,50,02,Zaragoza,ES243,50:57,nombre,L01500573,P5005700I,41.523462,-1.600869,Brea de Aragón
50058,9,Bubierca,50,02,Zaragoza,ES243,50:58,nombre,L01500589,P5005800G,41.315758,-1.854172,Bubierca
50059,2,Bujaraloz,50,02,Zaragoza,ES243,50:59,nombre,L01500592,P5005900E,41.498158,-0.1522,Bujaraloz
50060,6,Bulbuente,50,02,Zaragoza,ES243,50:60,nombre,L01500606,P5006000C,41.817727,-1.602702,Bulbuente
50061,3,Bureta,50,02,Zaragoza,ES243,50:61,nombre,L01500613,P5006100A,41.816315,-1.489434,Bureta
50062,8,"Burgo de Ebro, El",50,02,Zaragoza,ES243,50:62,nombre,L01500628,P5006200I,41.572651,-0.74121,El Burgo de Ebro
50063,4,"Buste, El",50,02,Zaragoza,ES243,50:63,nombre,L01500634,P5006300G,41.885488,-1.602002,El Buste
50064,9,Cabañas de Ebro,50,02,Zaragoza,ES243,50:64,nombre,L01500649,P5006400E,41.793754,-1.162756,Cabañas de Ebro
50065,2,Cabolafuente,50,02,Zaragoza,ES243,50:65,nombre,L01500652,P5006500B,41.211388,-2.039892,Cabolafuente
50066,5,Cadrete,50,02,Zaragoza,ES243,50:66,nombre,L01500665,P5006600J,41.554905,-0.95963,Cadrete
50067,1,Calatayud,50,02,Zaragoza,ES243,50:67,nombre,L01500671,P5006700H,41.353145,-1.641848,Calatayud
50068,7,Calatorao,50,02,Zaragoza,ES243,50:68,nombre,L01500687,P5006800F,41.52254,-1.345162,Calatorao
50069,0,Calcena,50,02,Zaragoza,ES243,50:69,nombre,L01500690,P5006900D,41.654635,-1.717798,Calcena
50070,4,Calmarza,50,02,Zaragoza,ES243,50:70,nombre,L01500704,P5007000B,41.157767,-1.911814,Calmarza
50071,1,Campillo de Aragón,50,02,Zaragoza,ES243,50:71,nombre,L01500711,P5007100J,41.12614,-1.843539,Campillo de Aragón
50072,6,Carenas,50,02,Zaragoza,ES243,50:72,nombre,L01500726,P5007200H,41.278135,-1.797408,Carenas
50073,2,Cariñena,50,02,Zaragoza,ES243,50:73,nombre,L01500732,P5007300F,41.337465,-1.224472,Cariñena
50074,7,Caspe,50,02,Zaragoza,ES243,50:74,nombre,L01500747,P5007400D,41.236537,-0.039619,Caspe
50075,0,Castejón de Alarba,50,02,Zaragoza,ES243,50:75,nombre,L01500750,P5007500A,41.183248,-1.636152,Castejón de Alarba
50076,3,Castejón de las Armas,50,02,Zaragoza,ES243,50:76,nombre,L01500763,P5007600I,41.309185,-1.812099,Castejón de las Armas
50077,9,Castejón de Valdejasa,50,02,Zaragoza,ES243,50:77,nombre,L01500779,P5007700G,41.982485,-0.994728,Castejón de Valdejasa
50078,5,Castiliscar,50,02,Zaragoza,ES243,50:78,nombre,L01500785,P5007800E,42.376258,-1.274554,Castiliscar
50079,8,Cervera de la Cañada,50,02,Zaragoza,ES243,50:79,nombre,L01500798,P5007900C,41.432558,-1.735633,Cervera de la Cañada
50080,2,Cerveruela,50,02,Zaragoza,ES243,50:80,nombre,L01500802,P5008000A,41.215681,-1.215108,Cerveruela
50081,9,Cetina,50,02,Zaragoza,ES243,50:81,nombre,L01500819,P5008100I,41.293091,-1.962535,Cetina
50082,4,Cimballa,50,02,Zaragoza,ES243,50:82,nombre,L01500824,P5008200G,41.101063,-1.774891,Cimballa
50083,0,Cinco Olivas,50,02,Zaragoza,ES243,50:83,nombre,L01500830,P5008300E,41.340054,-0.372265,Cinco Olivas
50084,5,Clarés de Ribota,50,02,Zaragoza,ES243,50:84,nombre,L01500845,P5008400C,41.529695,-1.837936,Clarés de Ribota
50085,8,Codo,50,02,Zaragoza,ES243,50:85,nombre,L01500858,P5008500J,41.332053,-0.700281,Codo
50086,1,Codos,50,02,Zaragoza,ES243,50:86,nombre,L01500861,P5008600H,41.292746,-1.374757,Codos
50087,7,Contamina,50,02,Zaragoza,ES243,50:87,nombre,L01500877,P5008700F,41.305238,-1.917532,Contamina
50088,3,Cosuenda,50,02,Zaragoza,ES243,50:88,nombre,L01500883,P5008800D,41.365585,-1.298716,Cosuenda
50089,6,Cuarte de Huerva,50,02,Zaragoza,ES243,50:89,nombre,L01500896,P5008900B,41.591641,-0.932349,Cuarte de Huerva
50090,0,Cubel,50,02,Zaragoza,ES243,50:90,nombre,L01500900,P5009000J,41.096341,-1.636784,Cubel
50091,7,"Cuerlas, Las",50,02,Zaragoza,ES243,50:91,nombre,L01500917,P5009100H,40.95961,-1.549631,Las Cuerlas
50092,2,Chiprana,50,02,Zaragoza,ES243,50:92,nombre,L01500922,P5009200F,41.262332,-0.126499,Chiprana
50093,8,Chodes,50,02,Zaragoza,ES243,50:93,nombre,L01500938,P5009300D,41.486418,-1.479987,Chodes
50094,3,Daroca,50,02,Zaragoza,ES243,50:94,nombre,L01500943,P5009400B,41.114739,-1.413952,Daroca
50095,6,Ejea de los Caballeros,50,02,Zaragoza,ES243,50:95,nombre,L01500956,P5009500I,42.126663,-1.138534,Ejea de los Caballeros
50096,9,Embid de Ariza,50,02,Zaragoza,ES243,50:96,nombre,L01500969,P5009600G,41.37962,-1.971857,Embid de Ariza
50098,1,Encinacorba,50,02,Zaragoza,ES243,50:98,nombre,L01500981,P5009800C,41.284124,-1.275436,Encinacorba
50099,4,Épila,50,02,Zaragoza,ES243,50:99,nombre,L01500994,P5009900A,41.600197,-1.281934,Épila
50100,8,Erla,50,02,Zaragoza,ES243,50:100,nombre,L01501008,P5010000G,42.117138,-0.948428,Erla
50101,5,Escatrón,50,02,Zaragoza,ES243,50:101,nombre,L01501015,P5010100E,41.292512,-0.32452,Escatrón
50102,0,Fabara,50,02,Zaragoza,ES243,50:103,nombre,L01501020,P5010300A,41.178135,0.167564,Fabara
50104,1,Farlete,50,02,Zaragoza,ES243,50:105,nombre,L01501041,P5010500F,41.682198,-0.505826,Farlete
50105,4,Fayón,50,02,Zaragoza,ES243,50:106,nombre,L01501054,P5010600D,41.239928,0.333207,Fayón
50106,7,"Fayos, Los",50,02,Zaragoza,ES243,50:107,nombre,L01501067,P5010700B,41.88001,-1.782774,Los Fayos
50107,3,Figueruelas,50,02,Zaragoza,ES243,50:108,nombre,L01501073,P5010800J,41.765367,-1.173666,Figueruelas
50108,9,Fombuena,50,02,Zaragoza,ES243,50:109,nombre,L01501089,P5010900H,41.144343,-1.192288,Fombuena
50109,2,"Frago, El",50,02,Zaragoza,ES243,50:110,nombre,L01501092,P5011000F,42.272417,-0.9315,El Frago
50110,6,"Frasno, El",50,02,Zaragoza,ES243,50:111,nombre,L01501106,P5011100D,41.413958,-1.495154,El Frasno
50111,3,Fréscano,50,02,Zaragoza,ES243,50:112,nombre,L01501113,P5011200B,41.873806,-1.449683,Fréscano
50113,4,Fuendejalón,50,02,Zaragoza,ES243,50:114,nombre,L01501134,P5011400H,41.760936,-1.472557,Fuendejalón
50114,9,Fuendetodos,50,02,Zaragoza,ES243,50:115,nombre,L01501149,P5011500E,41.344616,-0.958902,Fuendetodos
50115,2,Fuentes de Ebro,50,02,Zaragoza,ES243,50:116,nombre,L01501152,P5011600C,41.511947,-0.630629,Fuentes de Ebro
50116,5,Fuentes de Jiloca,50,02,Zaragoza,ES243,50:117,nombre,L01501165,P5011700A,41.228243,-1.538878,Fuentes de Jiloca
50117,1,Gallocanta,50,02,Zaragoza,ES243,50:118,nombre,L01501171,P5011800I,40.996246,-1.509114,Gallocanta
50118,7,Gallur,50,02,Zaragoza,ES243,50:119,nombre,L01501187,P5011900G,41.869001,-1.317773,Gallur
50119,0,Gelsa,50,02,Zaragoza,ES243,50:120,nombre,L01501190,P5012000E,41.407188,-0.46257,Gelsa
50120,4,Godojos,50,02,Zaragoza,ES243,50:121,nombre,L01501204,P5012100C,41.268736,-1.864384,Godojos
50121,1,Gotor,50,02,Zaragoza,ES243,50:122,nombre,L01501211,P5012200A,41.546001,-1.649719,Gotor
50122,6,Grisel,50,02,Zaragoza,ES243,50:123,nombre,L01501226,P5012300I,41.871569,-1.728204,Grisel
50123,2,Grisén,50,02,Zaragoza,ES243,50:124,nombre,L01501232,P5012400G,41.743722,-1.163055,Grisén
50124,7,Herrera de los Navarros,50,02,Zaragoza,ES243,50:125,nombre,L01501247,P5012500D,41.210276,-1.082185,Herrera de los Navarros
50125,0,Ibdes,50,02,Zaragoza,ES243,50:126,nombre,L01501250,P5012600B,41.218041,-1.832576,Ibdes
50126,3,Illueca,50,02,Zaragoza,ES243,50:127,nombre,L01501263,P5012700J,41.537792,-1.62821,Illueca
50128,5,Isuerre,50,02,Zaragoza,ES243,50:129,nombre,L01501285,P5012900F,42.488396,-1.055537,Isuerre
50129,8,Jaraba,50,02,Zaragoza,ES243,50:130,nombre,L01501298,P5013000D,41.190281,-1.883556,Jaraba
50130,2,Jarque de Moncayo,50,02,Zaragoza,ES243,50:131,punto,L01501302,P5013100B,41.555908,-1.67674,Jarque de Moncayo
50131,9,Jaulín,50,02,Zaragoza,ES243,50:132,nombre,L01501319,P5013200J,41.452233,-0.992247,Jaulín
50132,4,"Joyosa, La",50,02,Zaragoza,ES243,50:133,nombre,L01501324,P5013300H,41.745083,-1.072649,La Joyosa
50133,0,Lagata,50,02,Zaragoza,ES243,50:134,nombre,L01501330,P5013400F,41.239965,-0.804945,Lagata
50134,5,Langa del Castillo,50,02,Zaragoza,ES243,50:135,nombre,L01501345,P5013500C,41.213396,-1.398713,Langa del Castillo
50135,8,Layana,50,02,Zaragoza,ES243,50:136,nombre,L01501358,P5013600A,42.296443,-1.244201,Layana
50136,1,Lécera,50,02,Zaragoza,ES243,50:137,nombre,L01501361,P5013700I,41.20395,-0.70984,Lécera
50137,7,Leciñena,50,02,Zaragoza,ES243,50:138,nombre,L01501377,P5013800G,41.797652,-0.611905,Leciñena
50138,3,Lechón,50,02,Zaragoza,ES243,50:139,nombre,L01501383,P5013900E,41.086578,-1.284145,Lechón
50139,6,Letux,50,02,Zaragoza,ES243,50:140,nombre,L01501396,P5014000C,41.25546,-0.804221,Letux
50140,0,Litago,50,02,Zaragoza,ES243,50:141,nombre,L01501400,P5014100A,41.813933,-1.754484,Litago
50141,7,Lituénigo,50,02,Zaragoza,ES243,50:142,nombre,L01501417,P5014200I,41.836126,-1.761391,Lituénigo
50142,2,Lobera de Onsella,50,02,Zaragoza,ES243,50:143,nombre,L01501422,P5014300G,42.478552,-1.022148,Lobera de Onsella
50143,8,Longares,50,02,Zaragoza,ES243,50:144,nombre,L01501438,P5014400E,41.403293,-1.169141,Longares
50144,3,Longás,50,02,Zaragoza,ES243,50:145,nombre,L01501443,P5014500B,42.480161,-0.93518,Longás
50146,9,Lucena de Jalón,50,02,Zaragoza,ES243,50:147,nombre,L01501469,P5014700H,41.553527,-1.314158,Lucena de Jalón
50147,5,Luceni,50,02,Zaragoza,ES243,50:148,nombre,L01501475,P5014800F,41.828622,-1.238696,Luceni
50148,1,Luesia,50,02,Zaragoza,ES243,50:149,nombre,L01501481,P5014900D,42.368991,-1.024633,Luesia
50149,4,Luesma,50,02,Zaragoza,ES243,50:150,nombre,L01501494,P5015000B,41.165971,-1.145763,Luesma
50150,7,Lumpiaque,50,02,Zaragoza,ES243,50:151,nombre,L01501507,P5015100J,41.63085,-1.299439,Lumpiaque
50151,4,Luna,50,02,Zaragoza,ES243,50:152,nombre,L01501514,P5015200H,42.16909,-0.930636,Luna
50152,9,Maella,50,02,Zaragoza,ES243,50:153,nombre,L01501529,P5015300F,41.122185,0.139743,Maella
50153,5,Magallón,50,02,Zaragoza,ES243,50:154,nombre,L01501535,P5015400D,41.832643,-1.460166,Magallón
50154,0,Mainar,50,02,Zaragoza,ES243,50:155,nombre,L01501540,P5015500A,41.192502,-1.302501,Mainar
50155,3,Malanquilla,50,02,Zaragoza,ES243,50:156,nombre,L01501553,P5015600I,41.568861,-1.874577,Malanquilla
50156,6,Maleján,50,02,Zaragoza,ES243,50:157,nombre,L01501566,P5015700G,41.827808,-1.549191,Maleján
50157,2,Malón,50,02,Zaragoza,ES243,50:158,nombre,L01501572,P5015800E,41.952193,-1.67161,Malón
50159,1,Maluenda,50,02,Zaragoza,ES243,50:160,nombre,L01501591,P5016000A,41.287398,-1.616043,Maluenda
50160,5,Mallén,50,02,Zaragoza,ES243,50:161,nombre,L01501605,P5016100I,41.899984,-1.420486,Mallén
50161,2,Manchones,50,02,Zaragoza,ES243,50:162,nombre,L01501612,P5016200G,41.150033,-1.466061,Manchones
50162,7,Mara,50,02,Zaragoza,ES243,50:163,nombre,L01501627,P5016300E,41.288508,-1.518239,Mara
50163,3,María de Huerva,50,02,Zaragoza,ES243,50:164,nombre,L01501633,P5016400C,41.537747,-0.996784,María de Huerva
50164,8,Mediana de Aragón,50,02,Zaragoza,ES243,50:165,nombre,L01501648,P5016500J,41.466967,-0.705718,Mediana de Aragón
50165,1,Mequinenza,50,02,Zaragoza,ES243,50:166,nombre,L01501651,P5016600H,41.374184,0.302235,Mequinenza
50166,4,Mesones de Isuela,50,02,Zaragoza,ES243,50:167,nombre,L01501664,P5016700F,41.551259,-1.538299,Mesones de Isuela
50167,0,Mezalocha,50,02,Zaragoza,ES243,50:168,nombre,L01501670,P5016800D,41.42537,-1.083861,Mezalocha
50168,6,Mianos,50,02,Zaragoza,ES243,50:169,nombre,L01501686,P5016900B,42.583472,-0.954758,Mianos
50169,9,Miedes de Aragón,50,02,Zaragoza,ES243,50:170,nombre,L01501699,P5017000J,41.256929,-1.490989,Miedes de Aragón
50170,3,Monegrillo,50,02,Zaragoza,ES243,50:171,nombre,L01501703,P5017100H,41.63886,-0.415708,Monegrillo
50171,0,Moneva,50,02,Zaragoza,ES243,50:172,nombre,L01501710,P5017200F,41.128302,-0.83441,Moneva
50172,5,Monreal de Ariza,50,02,Zaragoza,ES243,50:173,nombre,L01501725,P5017300D,41.291875,-2.104343,Monreal de Ariza
50173,1,Monterde,50,02,Zaragoza,ES243,50:174,nombre,L01501731,P5017400B,41.174334,-1.73523,Monterde
50174,6,Montón,50,02,Zaragoza,ES243,50:175,nombre,L01501746,P5017500I,41.206254,-1.515317,Montón
50175,9,Morata de Jalón,50,02,Zaragoza,ES243,50:176,nombre,L01501759,P5017600G,41.47366,-1.476251,Morata de Jalón
50176,2,Morata de Jiloca,50,02,Zaragoza,ES243,50:177,nombre,L01501762,P5017700E,41.249003,-1.586224,Morata de Jiloca
50177,8,Morés,50,02,Zaragoza,ES243,50:178,nombre,L01501778,P5017800C,41.473955,-1.565276,Morés
50178,4,Moros,50,02,Zaragoza,ES243,50:179,nombre,L01501784,P5017900A,41.398661,-1.824725,Moros
50179,7,Moyuela,50,02,Zaragoza,ES243,50:180,nombre,L01501797,P5018000I,41.127899,-0.921572,Moyuela
50180,1,Mozota,50,02,Zaragoza,ES243,50:181,nombre,L01501801,P5018100G,41.483046,-1.06936,Mozota
50181,8,Muel,50,02,Zaragoza,ES243,50:182,nombre,L01501818,P5018200E,41.466777,-1.084366,Muel
50182,3,"Muela, La",50,02,Zaragoza,ES243,50:183,nombre,L01501823,P5018300C,41.580071,-1.118623,La Muela
50183,9,Munébrega,50,02,Zaragoza,ES243,50:184,nombre,L01501839,P5018400A,41.25274,-1.705579,Munébrega
50184,4,Murero,50,02,Zaragoza,ES243,50:185,nombre,L01501844,P5018500H,41.158632,-1.482116,Murero
50185,7,Murillo de Gállego,50,02,Zaragoza,ES243,50:186,nombre,L01501857,P5018600F,42.336456,-0.751253,Murillo de Gállego
50186,0,Navardún,50,02,Zaragoza,ES243,50:187,nombre,L01501860,P5018700D,42.512654,-1.14679,Navardún
50187,6,Nigüella,50,02,Zaragoza,ES243,50:188,nombre,L01501876,P5018800B,41.535401,-1.524672,Nigüella
50188,2,Nombrevilla,50,02,Zaragoza,ES243,50:189,nombre,L01501882,P5018900J,41.106736,-1.358473,Nombrevilla
50189,5,Nonaspe,50,02,Zaragoza,ES243,50:190,nombre,L01501895,P5019000H,41.209817,0.247216,Nonaspe
50190,9,Novallas,50,02,Zaragoza,ES243,50:191,nombre,L01501909,P5019100F,41.946064,-1.694458,Novallas
50191,6,Novillas,50,02,Zaragoza,ES243,50:192,nombre,L01501916,P5019200D,41.93386,-1.393573,Novillas
50192,1,Nuévalos,50,02,Zaragoza,ES243,50:193,nombre,L01501921,P5019300B,41.21198,-1.792282,Nuévalos
50193,7,Nuez de Ebro,50,02,Zaragoza,ES243,50:194,nombre,L01501937,P5019400J,41.591485,-0.68378,Nuez de Ebro
50194,2,Olvés,50,02,Zaragoza,ES243,50:195,nombre,L01501942,P5019500G,41.239348,-1.646017,Olvés
50195,5,Orcajo,50,02,Zaragoza,ES243,50:196,nombre,L01501955,P5019600E,41.109811,-1.489321,Orcajo
50196,8,Orera,50,02,Zaragoza,ES243,50:197,nombre,L01501968,P5019700C,41.298857,-1.479621,Orera
50197,4,Orés,50,02,Zaragoza,ES243,50:198,nombre,L01501974,P5019800A,42.279305,-1.000056,Orés
50198,0,Oseja,50,02,Zaragoza,ES243,50:199,nombre,L01501980,P5019900I,41.595335,-1.700165,Oseja
50199,3,Osera de Ebro,50,02,Zaragoza,ES243,50:200,nombre,L01501993,P5020000E,41.534555,-0.580395,Osera de Ebro
50200,7,Paniza,50,02,Zaragoza,ES243,50:201,nombre,L01502007,P5020100C,41.284512,-1.211904,Paniza
50201,4,Paracuellos de Jiloca,50,02,Zaragoza,ES243,50:202,nombre,L01502014,P5020200A,41.313465,-1.640152,Paracuellos de Jiloca
50202,9,Paracuellos de la Ribera,50,02,Zaragoza,ES243,50:203,nombre,L01502029,P5020300I,41.423245,-1.562823,Paracuellos de la Ribera
50203,5,Pastriz,50,02,Zaragoza,ES243,50:204,nombre,L01502035,P5020400G,41.618258,-0.783863,Pastriz
50204,0,Pedrola,50,02,Zaragoza,ES243,50:205,nombre,L01502040,P5020500D,41.790262,-1.213385,Pedrola
50205,3,"Pedrosas, Las",50,02,Zaragoza,ES243,50:206,nombre,L01502053,P5020600B,42.036983,-0.877113,Las Pedrosas
50206,6,Perdiguera,50,02,Zaragoza,ES243,50:207,nombre,L01502066,P5020700J,41.754892,-0.631504,Perdiguera
50207,2,Piedratajada,50,02,Zaragoza,ES243,50:208,nombre,L01502072,P5020800H,42.120076,-0.805436,Piedratajada
50208,8,Pina de Ebro,50,02,Zaragoza,ES243,50:209,nombre,L01502088,P5020900F,41.487906,-0.531693,Pina de Ebro
50209,1,Pinseque,50,02,Zaragoza,ES243,50:210,nombre,L01502091,P5021000D,41.736263,-1.100535,Pinseque
50210,5,"Pintanos, Los",50,02,Zaragoza,ES243,50:211,nombre,L01502105,P5021100B,42.529129,-1.022012,Los Pintanos
50211,2,Plasencia de Jalón,50,02,Zaragoza,ES243,50:212,nombre,L01502112,P5021200J,41.681543,-1.228887,Plasencia de Jalón
50212,7,Pleitas,50,02,Zaragoza,ES243,50:213,nombre,L01502127,P5021300H,41.711177,-1.202903,Pleitas
50213,3,Plenas,50,02,Zaragoza,ES243,50:214,nombre,L01502133,P5021400F,41.111843,-0.963834,Plenas
50214,8,Pomer,50,02,Zaragoza,ES243,50:215,nombre,L01502148,P5021500C,41.638082,-1.841086,Pomer
50215,1,Pozuel de Ariza,50,02,Zaragoza,ES243,50:216,nombre,L01502151,P5021600A,41.352348,-2.156223,Pozuel de Ariza
50216,4,Pozuelo de Aragón,50,02,Zaragoza,ES243,50:217,nombre,L01502164,P5021700I,41.764785,-1.422964,Pozuelo de Aragón
50217,0,Pradilla de Ebro,50,02,Zaragoza,ES243,50:218,nombre,L01502170,P5021800G,41.860315,-1.263089,Pradilla de Ebro
50218,6,Puebla de Albortón,50,02,Zaragoza,ES243,50:219,nombre,L01502186,P5021900E,41.385489,-0.85529,Puebla de Albortón
50219,9,"Puebla de Alfindén, La",50,02,Zaragoza,ES243,50:220,nombre,L01502199,P5022000C,41.631821,-0.751248,La Puebla de Alfindén
50220,3,Puendeluna,50,02,Zaragoza,ES243,50:221,nombre,L01502203,P5022100A,42.152528,-0.757466,Puendeluna
50221,0,Purujosa,50,02,Zaragoza,ES243,50:223,nombre,L01502210,P5022300G,41.68236,-1.764374,Purujosa
50222,5,Quinto,50,02,Zaragoza,ES243,50:224,nombre,L01502225,P5022400E,41.424536,-0.49591,Quinto
50223,1,Remolinos,50,02,Zaragoza,ES243,50:225,nombre,L01502231,P5022500B,41.838709,-1.176322,Remolinos
50224,6,Retascón,50,02,Zaragoza,ES243,50:226,nombre,L01502246,P5022600J,41.144279,-1.381361,Retascón
50225,9,Ricla,50,02,Zaragoza,ES243,50:227,nombre,L01502259,P5022700H,41.50457,-1.406125,Ricla
50227,8,Romanos,50,02,Zaragoza,ES243,50:229,nombre,L01502278,P5022900D,41.125745,-1.275144,Romanos
50228,4,Rueda de Jalón,50,02,Zaragoza,ES243,50:230,nombre,L01502284,P5023000B,41.633435,-1.274862,Rueda de Jalón
50229,7,Ruesca,50,02,Zaragoza,ES243,50:231,nombre,L01502297,P5023100J,41.282504,-1.482436,Ruesca
50230,1,Sádaba,50,02,Zaragoza,ES243,50:233,nombre,L01502301,P5023300F,42.281196,-1.272654,Sádaba
50231,8,Salillas de Jalón,50,02,Zaragoza,ES243,50:234,nombre,L01502318,P5023400D,41.566685,-1.324549,Salillas de Jalón
50232,3,Salvatierra de Esca,50,02,Zaragoza,ES243,50:235,nombre,L01502323,P5023500A,42.667985,-1.005596,Salvatierra de Esca
50233,9,Samper del Salz,50,02,Zaragoza,ES243,50:236,nombre,L01502339,P5023600I,41.23386,-0.826312,Samper del Salz
50234,4,San Martín de la Virgen de Moncayo,50,02,Zaragoza,ES243,50:237,nombre,L01502344,P5023700G,41.83694,-1.792241,San Martín de la Virgen de Moncayo
50235,7,San Mateo de Gállego,50,02,Zaragoza,ES243,50:238,nombre,L01502357,P5023800E,41.830644,-0.769672,San Mateo de Gállego
50236,0,Santa Cruz de Grío,50,02,Zaragoza,ES243,50:239,nombre,L01502360,P5023900C,41.370093,-1.429814,Santa Cruz de Grío
50237,6,Santa Cruz de Moncayo,50,02,Zaragoza,ES243,50:240,nombre,L01502376,P5024000A,41.881902,-1.756235,Santa Cruz de Moncayo
50238,2,Santa Eulalia de Gállego,50,02,Zaragoza,ES243,50:241,nombre,L01502382,P5024100I,42.286831,-0.760576,Santa Eulalia de Gállego
50239,5,Santed,50,02,Zaragoza,ES243,50:242,nombre,L01502395,P5024200G,41.032969,-1.507105,Santed
50240,9,Sástago,50,02,Zaragoza,ES243,50:243,nombre,L01502409,P5024300E,41.321632,-0.354642,Sástago
50241,6,Sabiñán,50,02,Zaragoza,ES243,50:244,nombre,L01502416,P5024400C,41.442112,-1.566043,Sabiñán
50242,1,Sediles,50,02,Zaragoza,ES243,50:245,nombre,L01502421,P5024500J,41.346058,-1.530614,Sediles
50243,7,Sestrica,50,02,Zaragoza,ES243,50:246,nombre,L01502437,P5024600H,41.486565,-1.594804,Sestrica
50244,2,Sierra de Luna,50,02,Zaragoza,ES243,50:247,nombre,L01502442,P5024700F,42.04767,-0.910082,Sierra de Luna
50245,5,Sigüés,50,02,Zaragoza,ES243,50:248,nombre,L01502455,P5024800D,42.629865,-1.01149,Sigüés
50246,8,Sisamón,50,02,Zaragoza,ES243,50:249,nombre,L01502468,P5024900B,41.17101,-2.003893,Sisamón
50247,4,Sobradiel,50,02,Zaragoza,ES243,50:250,nombre,L01502474,P5025000J,41.73972,-1.035803,Sobradiel
50248,0,Sos del Rey Católico,50,02,Zaragoza,ES243,50:251,nombre,L01502480,P5025100H,42.496558,-1.21524,Sos del Rey Católico
50249,3,Tabuenca,50,02,Zaragoza,ES243,50:252,nombre,L01502493,P5025200F,41.696505,-1.543447,Tabuenca
50250,6,Talamantes,50,02,Zaragoza,ES243,50:253,nombre,L01502506,P5025300D,41.730519,-1.678735,Talamantes
50251,3,Tarazona,50,02,Zaragoza,ES243,50:254,nombre,L01502513,P5025400B,41.90519,-1.727295,Tarazona
50252,8,Tauste,50,02,Zaragoza,ES243,50:255,nombre,L01502528,P5025500I,41.921223,-1.255447,Tauste
50253,4,Terrer,50,02,Zaragoza,ES243,50:256,nombre,L01502534,P5025600G,41.327496,-1.713155,Terrer
50254,9,Tierga,50,02,Zaragoza,ES243,50:257,nombre,L01502549,P5025700E,41.606746,-1.606637,Tierga
50255,2,Tobed,50,02,Zaragoza,ES243,50:259,nombre,L01502552,P5025900A,41.339281,-1.39888,Tobed
50256,5,Torralba de los Frailes,50,02,Zaragoza,ES243,50:260,nombre,L01502565,P5026000I,41.036142,-1.65974,Torralba de los Frailes
50257,1,Torralba de Ribota,50,02,Zaragoza,ES243,50:261,nombre,L01502571,P5026100G,41.417664,-1.684132,Torralba de Ribota
50258,7,Torralbilla,50,02,Zaragoza,ES243,50:262,nombre,L01502587,P5026200E,41.210221,-1.338161,Torralbilla
50259,0,Torrehermosa,50,02,Zaragoza,ES243,50:263,nombre,L01502590,P5026300C,41.237717,-2.12675,Torrehermosa
50260,4,Torrelapaja,50,02,Zaragoza,ES243,50:264,nombre,L01502604,P5026400A,41.581623,-1.951344,Torrelapaja
50261,1,Torrellas,50,02,Zaragoza,ES243,50:265,nombre,L01502611,P5026500H,41.895766,-1.770199,Torrellas
50262,6,Torres de Berrellén,50,02,Zaragoza,ES243,50:266,nombre,L01502626,P5026600F,41.758551,-1.065161,Torres de Berrellén
50263,2,Torrijo de la Cañada,50,02,Zaragoza,ES243,50:267,nombre,L01502632,P5026700D,41.473297,-1.875955,Torrijo de la Cañada
50264,7,Tosos,50,02,Zaragoza,ES243,50:268,nombre,L01502647,P5026800B,41.314855,-1.072653,Tosos
50265,0,Trasmoz,50,02,Zaragoza,ES243,50:269,nombre,L01502650,P5026900J,41.826633,-1.722973,Trasmoz
50266,3,Trasobares,50,02,Zaragoza,ES243,50:270,nombre,L01502663,P5027000H,41.642309,-1.640506,Trasobares
50267,9,Uncastillo,50,02,Zaragoza,ES243,50:271,nombre,L01502679,P5027100F,42.360875,-1.13231,Uncastillo
50268,5,Undués de Lerda,50,02,Zaragoza,ES243,50:272,nombre,L01502685,P5027200D,42.5655,-1.169125,Undués de Lerda
50269,8,Urrea de Jalón,50,02,Zaragoza,ES243,50:274,nombre,L01502698,P5027400J,41.667237,-1.234189,Urrea de Jalón
50270,2,Urriés,50,02,Zaragoza,ES243,50:275,nombre,L01502702,P5027500G,42.519485,-1.129566,Urriés
50271,9,Used,50,02,Zaragoza,ES243,50:276,nombre,L01502719,P5027600E,41.054828,-1.558255,Used
50272,4,Utebo,50,02,Zaragoza,ES243,50:277,nombre,L01502724,P5027700C,41.709817,-0.998283,Utebo
50273,0,Valdehorna,50,02,Zaragoza,ES243,50:278,nombre,L01502730,P5027800A,41.072687,-1.422828,Valdehorna
50274,5,Val de San Martín,50,02,Zaragoza,ES243,50:279,nombre,L01502745,P5027900I,41.057084,-1.447502,Val de San Martín
50275,8,Valmadrid,50,02,Zaragoza,ES243,50:280,nombre,L01502758,P5028000G,41.444564,-0.884142,Valmadrid
50276,1,Valpalmas,50,02,Zaragoza,ES243,50:281,nombre,L01502761,P5028100E,42.158611,-0.853888,Valpalmas
50277,7,Valtorres,50,02,Zaragoza,ES243,50:282,nombre,L01502777,P5028200C,41.298893,-1.74076,Valtorres
50278,3,Velilla de Ebro,50,02,Zaragoza,ES243,50:283,nombre,L01502783,P5028300A,41.374191,-0.437441,Velilla de Ebro
50279,6,Velilla de Jiloca,50,02,Zaragoza,ES243,50:284,nombre,L01502796,P5028400I,41.274198,-1.604288,Velilla de Jiloca
50280,0,Vera de Moncayo,50,02,Zaragoza,ES243,50:285,nombre,L01502800,P5028500F,41.824477,-1.687698,Vera de Moncayo
50281,7,Vierlas,50,02,Zaragoza,ES243,50:286,nombre,L01502817,P5028600D,41.927347,-1.681127,Vierlas
50282,2,"Vilueña, La",50,02,Zaragoza,ES243,50:287,nombre,L01502822,P5028700B,41.272317,-1.726261,La Vilueña
50283,8,Villadoz,50,02,Zaragoza,ES243,50:288,nombre,L01502838,P5028800J,41.162521,-1.287609,Villadoz
50284,3,Villafeliche,50,02,Zaragoza,ES243,50:289,nombre,L01502843,P5028900H,41.195884,-1.510793,Villafeliche
50285,6,Villafranca de Ebro,50,02,Zaragoza,ES243,50:290,nombre,L01502856,P5029000F,41.57252,-0.649952,Villafranca de Ebro
50286,9,Villalba de Perejil,50,02,Zaragoza,ES243,50:291,nombre,L01502869,P5029100D,41.326741,-1.548135,Villalba de Perejil
50287,5,Villalengua,50,02,Zaragoza,ES243,50:292,nombre,L01502875,P5029200B,41.435867,-1.841002,Villalengua
50288,1,Villanueva de Gállego,50,02,Zaragoza,ES243,50:293,nombre,L01502881,P5029300J,41.767771,-0.821734,Villanueva de Gállego
50289,4,Villanueva de Jiloca,50,02,Zaragoza,ES243,50:294,nombre,L01502894,P5029400H,41.075369,-1.392256,Villanueva de Jiloca
50290,8,Villanueva de Huerva,50,02,Zaragoza,ES243,50:295,nombre,L01502908,P5029500E,41.35294,-1.035637,Villanueva de Huerva
50291,5,Villar de los Navarros,50,02,Zaragoza,ES243,50:296,nombre,L01502915,P5029600C,41.158662,-1.043108,Villar de los Navarros
50292,0,Villarreal de Huerva,50,02,Zaragoza,ES243,50:297,nombre,L01502920,P5029700A,41.190722,-1.288307,Villarreal de Huerva
50293,6,Villarroya de la Sierra,50,02,Zaragoza,ES243,50:298,nombre,L01502936,P5029800I,41.463326,-1.784602,Villarroya de la Sierra
50294,1,Villarroya del Campo,50,02,Zaragoza,ES243,50:299,nombre,L01502941,P5029900G,41.143236,-1.324489,Villarroya del Campo
50295,4,Vistabella,50,02,Zaragoza,ES243,50:300,nombre,L01502954,P5030000C,41.218811,-1.153162,Vistabella
50296,7,"Zaida, La",50,02,Zaragoza,ES243,50:302,nombre,L01502967,P5030200I,41.327595,-0.427718,La Zaida
50297,3,Zaragoza,50,02,Zaragoza,ES243,50:900,nombre,L01502973,P5030300G,41.656208,-0.877318,Zaragoza
50298,9,Zuera,50,02,Zaragoza,ES243,50:304,nombre,L01502989,P5030400E,41.868393,-0.787165,Zuera
50901,7,Biel,50,02,Zaragoza,ES243,50:49,punto,L01509017,P5004900F,42.386478,-0.935672,Biel
50902,2,Marracos,50,02,Zaragoza,ES243,50:305,nombre,L01509022,P5020801F,42.090454,-0.776188,Marracos
50903,8,Villamayor de Gállego,50,02,Zaragoza,ES243,50:306,nombre,L01509038,P5000042A,41.685447,-0.773438,Villamayor
51001,3,Ceuta,51,18,Ceuta,ES630,,sin lista,L01510013,P1110100C,35.888102,-5.306751,Ceuta
52001,8,Melilla,52,19,Melilla,ES640,,sin lista,L01520018,P2910100C,35.292252,-2.936808,Melilla
